ISO-10303-21;
HEADER;
/* Generated by software containing ST-Developer
 * from STEP Tools, Inc. (www.steptools.com) 
 */

FILE_DESCRIPTION(
/* description */ (''),
/* implementation_level */ '2;1');

FILE_NAME(
/* name */ 'DIGIBALL_v_01_00--03_03_2026_cilindroElectronica.step',
/* time_stamp */ '2026-03-03T17:41:09Z',
/* author */ (''),
/* organization */ (''),
/* preprocessor_version */ 'ST-DEVELOPER v20.1',
/* originating_system */ 'Autodesk Translation Framework v14.24.0.0',
/* authorisation */ '');

FILE_SCHEMA (('AUTOMOTIVE_DESIGN { 1 0 10303 214 3 1 1 }'));
ENDSEC;

DATA;
#10=MECHANICAL_DESIGN_GEOMETRIC_PRESENTATION_REPRESENTATION('',(#13),#5713);
#11=SHAPE_REPRESENTATION_RELATIONSHIP('SRR','None',#5720,#12);
#12=ADVANCED_BREP_SHAPE_REPRESENTATION('',(#14),#5712);
#13=STYLED_ITEM('',(#5729),#14);
#14=MANIFOLD_SOLID_BREP('Corpo1',#3137);
#15=(
BOUNDED_SURFACE()
B_SPLINE_SURFACE(2,2,((#5337,#5338,#5339),(#5340,#5341,#5342),(#5343,#5344,
#5345)),.UNSPECIFIED.,.F.,.F.,.F.)
B_SPLINE_SURFACE_WITH_KNOTS((3,3),(3,3),(0.,1.5707963267949),(0.,1.5707963267949),
 .UNSPECIFIED.)
GEOMETRIC_REPRESENTATION_ITEM()
RATIONAL_B_SPLINE_SURFACE(((1.,0.707106781186548,1.),(0.707106781186543,
0.499999999999997,0.707106781186543),(1.,0.707106781186548,1.)))
REPRESENTATION_ITEM('')
SURFACE()
);
#16=(
BOUNDED_SURFACE()
B_SPLINE_SURFACE(2,2,((#5361,#5362,#5363),(#5364,#5365,#5366),(#5367,#5368,
#5369)),.UNSPECIFIED.,.F.,.F.,.F.)
B_SPLINE_SURFACE_WITH_KNOTS((3,3),(3,3),(0.,1.5707963267949),(1.5707963267949,
3.14159265358979),.UNSPECIFIED.)
GEOMETRIC_REPRESENTATION_ITEM()
RATIONAL_B_SPLINE_SURFACE(((1.,0.707106781186548,1.),(0.707106781186543,
0.499999999999997,0.707106781186543),(1.,0.707106781186548,1.)))
REPRESENTATION_ITEM('')
SURFACE()
);
#17=SPHERICAL_SURFACE('',#3272,2.);
#18=SPHERICAL_SURFACE('',#3293,2.);
#19=TOROIDAL_SURFACE('',#3244,4.,2.);
#20=TOROIDAL_SURFACE('',#3249,4.,2.);
#21=TOROIDAL_SURFACE('',#3310,17.,2.);
#22=TOROIDAL_SURFACE('',#3319,17.,2.);
#23=TOROIDAL_SURFACE('',#3399,4.,2.);
#24=TOROIDAL_SURFACE('',#3404,4.,2.);
#25=TOROIDAL_SURFACE('',#3435,3.646,1.896);
#26=TOROIDAL_SURFACE('',#3441,3.646,1.896);
#27=TOROIDAL_SURFACE('',#3447,3.646,1.896);
#28=TOROIDAL_SURFACE('',#3453,3.646,1.896);
#29=ELLIPSE('',#3213,2.82842712474619,2.);
#30=ELLIPSE('',#3237,2.82842712474619,2.);
#31=ELLIPSE('',#3243,2.82842712474619,2.);
#32=ELLIPSE('',#3255,2.82842712474619,2.);
#33=ELLIPSE('',#3259,2.82842712474619,2.);
#34=ELLIPSE('',#3261,2.82842712474619,2.);
#35=ELLIPSE('',#3285,2.82842712474619,2.);
#36=ELLIPSE('',#3297,2.82842712474619,2.);
#37=ELLIPSE('',#3409,2.82842712474619,2.);
#38=B_SPLINE_CURVE_WITH_KNOTS('',3,(#4561,#4562,#4563,#4564,#4565,#4566,
#4567,#4568,#4569,#4570,#4571,#4572,#4573,#4574,#4575,#4576),
 .UNSPECIFIED.,.F.,.F.,(4,2,2,2,2,2,2,4),(0.724836742205766,0.747531310687192,
0.770225879168619,0.815615016131473,0.90639329005718,0.985473512500069,
1.06455373494296,1.08072163788986),.UNSPECIFIED.);
#39=B_SPLINE_CURVE_WITH_KNOTS('',3,(#4594,#4595,#4596,#4597,#4598,#4599,
#4600,#4601,#4602,#4603,#4604,#4605,#4606,#4607,#4608,#4609),
 .UNSPECIFIED.,.F.,.F.,(4,2,2,2,2,2,2,4),(0.368951859263867,0.385119757175626,
0.464199981751708,0.543280206327789,0.634058489757632,0.679447631472553,
0.702142202330014,0.724836773187475),.UNSPECIFIED.);
#40=B_SPLINE_CURVE_WITH_KNOTS('',3,(#4661,#4662,#4663,#4664,#4665,#4666,
#4667,#4668),.UNSPECIFIED.,.F.,.F.,(4,2,2,4),(0.60634377749683,0.679106481825622,
0.754095623750074,0.778593751265158),.UNSPECIFIED.);
#41=B_SPLINE_CURVE_WITH_KNOTS('',3,(#4715,#4716,#4717,#4718,#4719,#4720,
#4721,#4722),.UNSPECIFIED.,.F.,.F.,(4,2,2,4),(0.434093804891706,0.458591931702275,
0.533581073657191,0.606343777945612),.UNSPECIFIED.);
#42=B_SPLINE_CURVE_WITH_KNOTS('',3,(#4798,#4799,#4800,#4801,#4802,#4803,
#4804,#4805,#4806,#4807),.UNSPECIFIED.,.F.,.F.,(4,2,2,2,4),(0.313046852207073,
0.391258468040304,0.469470083873536,0.545343324237462,0.621216564601388),
 .UNSPECIFIED.);
#43=B_SPLINE_CURVE_WITH_KNOTS('',3,(#4810,#4811,#4812,#4813,#4814,#4815,
#4816,#4817,#4818,#4819),.UNSPECIFIED.,.F.,.F.,(4,2,2,2,4),(0.62120197491704,
0.697075215265264,0.772948455613489,0.851160071374577,0.929371687135664),
 .UNSPECIFIED.);
#44=B_SPLINE_CURVE_WITH_KNOTS('',3,(#4821,#4822,#4823,#4824,#4825,#4826,
#4827,#4828,#4829,#4830),.UNSPECIFIED.,.F.,.F.,(4,2,2,2,4),(-0.308168475534555,
-0.229149533588239,-0.150130591641923,-0.0750652958209614,0.),
 .UNSPECIFIED.);
#45=B_SPLINE_CURVE_WITH_KNOTS('',3,(#4833,#4834,#4835,#4836,#4837,#4838,
#4839,#4840,#4841,#4842),.UNSPECIFIED.,.F.,.F.,(4,2,2,2,4),(0.,0.0750652958147491,
0.150130591629498,0.229149533669833,0.308168475710169),.UNSPECIFIED.);
#46=B_SPLINE_CURVE_WITH_KNOTS('',3,(#4845,#4846,#4847,#4848,#4849,#4850,
#4851,#4852,#4853,#4854,#4855,#4856),.UNSPECIFIED.,.F.,.F.,(4,2,2,2,2,4),
(-0.257447359953377,-0.216060121093867,-0.134520244624992,-0.068869247707593,
-0.0324241953058823,-0.000125703976574697),.UNSPECIFIED.);
#47=B_SPLINE_CURVE_WITH_KNOTS('',3,(#4860,#4861,#4862,#4863,#4864,#4865,
#4866,#4867,#4868,#4869,#4870,#4871,#4872,#4873),.UNSPECIFIED.,.F.,.F.,
(4,2,2,2,2,2,4),(-0.52918381844319,-0.516134731705464,-0.500148874932136,
-0.432457442384428,-0.291128912452004,-0.182114770935472,-0.156964080172258),
 .UNSPECIFIED.);
#48=B_SPLINE_CURVE_WITH_KNOTS('',3,(#4877,#4878,#4879,#4880,#4881,#4882,
#4883,#4884,#4885,#4886,#4887,#4888),.UNSPECIFIED.,.F.,.F.,(4,2,2,2,2,4),
(-0.257447358283535,-0.216060120774019,-0.13452024510186,-0.0688692479025297,
-0.0324241954099853,-0.000125703565329069),.UNSPECIFIED.);
#49=B_SPLINE_CURVE_WITH_KNOTS('',3,(#4892,#4893,#4894,#4895,#4896,#4897,
#4898,#4899,#4900,#4901,#4902,#4903,#4904,#4905),.UNSPECIFIED.,.F.,.F.,
(4,2,2,2,2,2,4),(-0.529183818618794,-0.516134731979205,-0.500148874887022,
-0.432457442385454,-0.291128912455628,-0.182114770937008,-0.156964080172267),
 .UNSPECIFIED.);
#50=B_SPLINE_CURVE_WITH_KNOTS('',3,(#4925,#4926,#4927,#4928,#4929,#4930,
#4931,#4932),.UNSPECIFIED.,.F.,.F.,(4,2,2,4),(0.631600453583521,0.663489665193084,
0.721834426667501,0.748734728933041),.UNSPECIFIED.);
#51=B_SPLINE_CURVE_WITH_KNOTS('',3,(#4934,#4935,#4936,#4937,#4938,#4939,
#4940,#4941,#4942,#4943),.UNSPECIFIED.,.F.,.F.,(4,2,2,2,4),(0.767531017026443,
0.775228811663801,0.858750727389061,0.942127261933634,0.957628592516535),
 .UNSPECIFIED.);
#52=B_SPLINE_CURVE_WITH_KNOTS('',3,(#4953,#4954,#4955,#4956,#4957,#4958,
#4959,#4960),.UNSPECIFIED.,.F.,.F.,(4,2,2,4),(0.31584680195501,0.391879056216393,
0.474309646007257,0.505931801500985),.UNSPECIFIED.);
#53=B_SPLINE_CURVE_WITH_KNOTS('',3,(#4961,#4962,#4963,#4964,#4965,#4966,
#4967,#4968),.UNSPECIFIED.,.F.,.F.,(4,2,2,4),(0.51113788718543,0.538963534732105,
0.607839083296511,0.631600453583863),.UNSPECIFIED.);
#54=B_SPLINE_CURVE_WITH_KNOTS('',3,(#4975,#4976,#4977,#4978,#4979,#4980,
#4981,#4982,#4983,#4984),.UNSPECIFIED.,.F.,.F.,(4,2,2,2,4),(0.534445444412075,
0.579786117550396,0.625126790688717,0.691655605499096,0.758184420309475),
 .UNSPECIFIED.);
#55=B_SPLINE_CURVE_WITH_KNOTS('',3,(#4989,#4990,#4991,#4992,#4993,#4994,
#4995,#4996,#4997,#4998),.UNSPECIFIED.,.F.,.F.,(4,2,2,2,4),(0.,0.0665288148103785,
0.133057629620757,0.178398302759078,0.223738975897399),.UNSPECIFIED.);
#56=B_SPLINE_CURVE_WITH_KNOTS('',3,(#5009,#5010,#5011,#5012,#5013,#5014,
#5015,#5016,#5017,#5018,#5019,#5020,#5021,#5022,#5023,#5024,#5025,#5026),
 .UNSPECIFIED.,.F.,.F.,(4,2,2,2,2,2,2,2,4),(2.60507929503502,2.62807229398624,
2.66604205210879,2.74198156835389,2.8610901051141,2.92064437349421,2.95042150768426,
2.96531007477929,2.98019864187432),.UNSPECIFIED.);
#57=B_SPLINE_CURVE_WITH_KNOTS('',3,(#5043,#5044,#5045,#5046,#5047,#5048),
 .UNSPECIFIED.,.F.,.F.,(4,2,4),(0.307050642778538,0.398649077910828,0.473344370882678),
 .UNSPECIFIED.);
#58=B_SPLINE_CURVE_WITH_KNOTS('',3,(#5107,#5108,#5109,#5110,#5111,#5112),
 .UNSPECIFIED.,.F.,.F.,(4,2,4),(0.879882768995564,0.954577181272968,1.04617573063026),
 .UNSPECIFIED.);
#59=B_SPLINE_CURVE_WITH_KNOTS('',3,(#5161,#5162,#5163,#5164,#5165,#5166,
#5167,#5168),.UNSPECIFIED.,.F.,.F.,(4,2,2,4),(0.783488210161046,0.802056144745598,
0.847747656824868,0.884976674236486),.UNSPECIFIED.);
#60=B_SPLINE_CURVE_WITH_KNOTS('',3,(#5171,#5172,#5173,#5174,#5175,#5176,
#5177,#5178),.UNSPECIFIED.,.F.,.F.,(4,2,2,4),(1.33394948388756,1.37172680854703,
1.4188161801939,1.44829962890331),.UNSPECIFIED.);
#61=B_SPLINE_CURVE_WITH_KNOTS('',3,(#5181,#5182,#5183,#5184,#5185,#5186,
#5187,#5188),.UNSPECIFIED.,.F.,.F.,(4,2,2,4),(0.60634377749683,0.679106481825622,
0.754095623750074,0.778593751265171),.UNSPECIFIED.);
#62=B_SPLINE_CURVE_WITH_KNOTS('',3,(#5191,#5192,#5193,#5194,#5195,#5196,
#5197,#5198,#5199,#5200),.UNSPECIFIED.,.F.,.F.,(4,2,2,2,4),(0.328732279363008,
0.412111392552658,0.495490505742309,0.570239178437609,0.64498785113291),
 .UNSPECIFIED.);
#63=B_SPLINE_CURVE_WITH_KNOTS('',3,(#5204,#5205,#5206,#5207,#5208,#5209,
#5210,#5211,#5212,#5213,#5214,#5215),.UNSPECIFIED.,.F.,.F.,(4,2,2,2,2,4),
(0.,0.0182784078681365,0.036556815736273,0.0731136314725461,0.142319795895369,
0.211525960318192),.UNSPECIFIED.);
#64=B_SPLINE_CURVE_WITH_KNOTS('',3,(#5220,#5221,#5222,#5223,#5224,#5225,
#5226,#5227,#5228,#5229,#5230,#5231),.UNSPECIFIED.,.F.,.F.,(4,2,2,2,2,4),
(1.07625101631195,1.13886958563573,1.25442118818332,1.36997279073091,1.43453252429699,
1.49909225786308),.UNSPECIFIED.);
#65=B_SPLINE_CURVE_WITH_KNOTS('',3,(#5234,#5235,#5236,#5237,#5238,#5239,
#5240,#5241,#5242,#5243,#5244,#5245),.UNSPECIFIED.,.F.,.F.,(4,2,2,2,2,4),
(1.49909225786308,1.56365199142917,1.62821172499525,1.74376332754284,1.85931493009043,
1.9219334994142),.UNSPECIFIED.);
#66=B_SPLINE_CURVE_WITH_KNOTS('',3,(#5249,#5250,#5251,#5252,#5253,#5254,
#5255,#5256,#5257,#5258,#5259,#5260),.UNSPECIFIED.,.F.,.F.,(4,2,2,2,2,4),
(-0.211525960318192,-0.142319795895369,-0.0731136314725461,-0.036556815736273,
-0.0182784078681365,0.),.UNSPECIFIED.);
#67=B_SPLINE_CURVE_WITH_KNOTS('',3,(#5263,#5264,#5265,#5266,#5267,#5268,
#5269,#5270,#5271,#5272),.UNSPECIFIED.,.F.,.F.,(4,2,2,2,4),(0.644987850037835,
0.721478013834583,0.797968177631331,0.879607592067217,0.961247006503103),
 .UNSPECIFIED.);
#68=B_SPLINE_CURVE_WITH_KNOTS('',3,(#5277,#5278,#5279,#5280,#5281,#5282,
#5283,#5284,#5285,#5286),.UNSPECIFIED.,.F.,.F.,(4,2,2,2,4),(0.328732278683967,
0.412111391651162,0.495490504618356,0.570239177328096,0.644987850037835),
 .UNSPECIFIED.);
#69=B_SPLINE_CURVE_WITH_KNOTS('',3,(#5293,#5294,#5295,#5296,#5297,#5298,
#5299,#5300,#5301,#5302),.UNSPECIFIED.,.F.,.F.,(4,2,2,2,4),(0.644987850037835,
0.721478013834583,0.797968177631331,0.879607592067217,0.961247006503103),
 .UNSPECIFIED.);
#70=B_SPLINE_CURVE_WITH_KNOTS('',3,(#5306,#5307,#5308,#5309,#5310,#5311,
#5312,#5313),.UNSPECIFIED.,.F.,.F.,(4,2,2,4),(0.78348821014169,0.802056144725953,
0.847747656804387,0.884976674215256),.UNSPECIFIED.);
#71=B_SPLINE_CURVE_WITH_KNOTS('',3,(#5317,#5318,#5319,#5320,#5321,#5322,
#5323,#5324),.UNSPECIFIED.,.F.,.F.,(4,2,2,4),(1.33394948385202,1.37172680850981,
1.41881618015477,1.44829962781076),.UNSPECIFIED.);
#72=B_SPLINE_CURVE_WITH_KNOTS('',3,(#5325,#5326,#5327,#5328,#5329,#5330,
#5331,#5332),.UNSPECIFIED.,.F.,.F.,(4,2,2,4),(0.434093803360574,0.458591931243587,
0.533581073168038,0.60634377749683),.UNSPECIFIED.);
#73=B_SPLINE_CURVE_WITH_KNOTS('',3,(#5517,#5518,#5519,#5520,#5521,#5522,
#5523,#5524),.UNSPECIFIED.,.F.,.F.,(4,2,2,4),(0.315846801955034,0.39187905621642,
0.474309646007285,0.505931801501013),.UNSPECIFIED.);
#74=B_SPLINE_CURVE_WITH_KNOTS('',3,(#5526,#5527,#5528,#5529,#5530,#5531,
#5532,#5533),.UNSPECIFIED.,.F.,.F.,(4,2,2,4),(0.511137887185493,0.538963534732167,
0.607839083296623,0.631600453584007),.UNSPECIFIED.);
#75=B_SPLINE_CURVE_WITH_KNOTS('',3,(#5541,#5542,#5543,#5544,#5545,#5546,
#5547,#5548),.UNSPECIFIED.,.F.,.F.,(4,2,2,4),(0.631600453582104,0.66348966519162,
0.721834426665942,0.748734728931439),.UNSPECIFIED.);
#76=B_SPLINE_CURVE_WITH_KNOTS('',3,(#5549,#5550,#5551,#5552,#5553,#5554,
#5555,#5556,#5557,#5558),.UNSPECIFIED.,.F.,.F.,(4,2,2,2,4),(0.767531017026467,
0.775228811663824,0.858750727389083,0.942127261933664,0.957628592516567),
 .UNSPECIFIED.);
#77=B_SPLINE_CURVE_WITH_KNOTS('',3,(#5586,#5587,#5588,#5589,#5590,#5591,
#5592,#5593,#5594,#5595,#5596,#5597,#5598,#5599,#5600,#5601),
 .UNSPECIFIED.,.F.,.F.,(4,2,2,2,2,2,2,4),(0.724836742205771,0.747531310687199,
0.770225879168626,0.815615016131481,0.90639329005719,0.985473512500079,
1.06455373494297,1.08072163788987),.UNSPECIFIED.);
#78=B_SPLINE_CURVE_WITH_KNOTS('',3,(#5606,#5607,#5608,#5609,#5610,#5611,
#5612,#5613,#5614,#5615,#5616,#5617,#5618,#5619,#5620,#5621),
 .UNSPECIFIED.,.F.,.F.,(4,2,2,2,2,2,2,4),(1.81862533093322,1.83479323388012,
1.91387345632301,1.9929536787659,2.0837319526916,2.12912108965446,2.15181565813589,
2.17451022661731),.UNSPECIFIED.);
#79=FACE_BOUND('',#347,.T.);
#80=FACE_BOUND('',#369,.T.);
#81=FACE_BOUND('',#384,.T.);
#82=FACE_BOUND('',#389,.T.);
#83=FACE_BOUND('',#390,.T.);
#84=FACE_BOUND('',#409,.T.);
#85=FACE_BOUND('',#432,.T.);
#86=FACE_BOUND('',#437,.T.);
#87=FACE_BOUND('',#458,.T.);
#88=FACE_BOUND('',#459,.T.);
#89=FACE_BOUND('',#460,.T.);
#90=FACE_BOUND('',#461,.T.);
#91=FACE_BOUND('',#468,.T.);
#92=FACE_BOUND('',#470,.T.);
#93=FACE_BOUND('',#471,.T.);
#94=FACE_BOUND('',#472,.T.);
#95=FACE_BOUND('',#498,.T.);
#96=FACE_BOUND('',#499,.T.);
#97=FACE_BOUND('',#500,.T.);
#98=FACE_BOUND('',#501,.T.);
#99=FACE_BOUND('',#502,.T.);
#100=FACE_BOUND('',#503,.T.);
#101=FACE_BOUND('',#515,.T.);
#102=FACE_BOUND('',#517,.T.);
#103=FACE_BOUND('',#519,.T.);
#104=FACE_BOUND('',#521,.T.);
#105=PLANE('',#3154);
#106=PLANE('',#3158);
#107=PLANE('',#3159);
#108=PLANE('',#3165);
#109=PLANE('',#3170);
#110=PLANE('',#3171);
#111=PLANE('',#3172);
#112=PLANE('',#3173);
#113=PLANE('',#3174);
#114=PLANE('',#3175);
#115=PLANE('',#3176);
#116=PLANE('',#3177);
#117=PLANE('',#3178);
#118=PLANE('',#3179);
#119=PLANE('',#3180);
#120=PLANE('',#3181);
#121=PLANE('',#3182);
#122=PLANE('',#3184);
#123=PLANE('',#3186);
#124=PLANE('',#3190);
#125=PLANE('',#3194);
#126=PLANE('',#3195);
#127=PLANE('',#3206);
#128=PLANE('',#3207);
#129=PLANE('',#3211);
#130=PLANE('',#3215);
#131=PLANE('',#3216);
#132=PLANE('',#3218);
#133=PLANE('',#3219);
#134=PLANE('',#3220);
#135=PLANE('',#3221);
#136=PLANE('',#3222);
#137=PLANE('',#3224);
#138=PLANE('',#3226);
#139=PLANE('',#3227);
#140=PLANE('',#3229);
#141=PLANE('',#3238);
#142=PLANE('',#3251);
#143=PLANE('',#3264);
#144=PLANE('',#3266);
#145=PLANE('',#3274);
#146=PLANE('',#3281);
#147=PLANE('',#3286);
#148=PLANE('',#3295);
#149=PLANE('',#3298);
#150=PLANE('',#3301);
#151=PLANE('',#3308);
#152=PLANE('',#3327);
#153=PLANE('',#3334);
#154=PLANE('',#3337);
#155=PLANE('',#3343);
#156=PLANE('',#3344);
#157=PLANE('',#3346);
#158=PLANE('',#3347);
#159=PLANE('',#3348);
#160=PLANE('',#3351);
#161=PLANE('',#3354);
#162=PLANE('',#3357);
#163=PLANE('',#3363);
#164=PLANE('',#3382);
#165=PLANE('',#3383);
#166=PLANE('',#3390);
#167=PLANE('',#3402);
#168=PLANE('',#3410);
#169=PLANE('',#3420);
#170=PLANE('',#3423);
#171=PLANE('',#3428);
#172=PLANE('',#3433);
#173=PLANE('',#3434);
#174=PLANE('',#3459);
#175=PLANE('',#3461);
#176=PLANE('',#3463);
#177=PLANE('',#3465);
#178=PLANE('',#3471);
#179=FACE_OUTER_BOUND('',#340,.T.);
#180=FACE_OUTER_BOUND('',#341,.T.);
#181=FACE_OUTER_BOUND('',#342,.T.);
#182=FACE_OUTER_BOUND('',#343,.T.);
#183=FACE_OUTER_BOUND('',#344,.T.);
#184=FACE_OUTER_BOUND('',#345,.T.);
#185=FACE_OUTER_BOUND('',#346,.T.);
#186=FACE_OUTER_BOUND('',#348,.T.);
#187=FACE_OUTER_BOUND('',#349,.T.);
#188=FACE_OUTER_BOUND('',#350,.T.);
#189=FACE_OUTER_BOUND('',#351,.T.);
#190=FACE_OUTER_BOUND('',#352,.T.);
#191=FACE_OUTER_BOUND('',#353,.T.);
#192=FACE_OUTER_BOUND('',#354,.T.);
#193=FACE_OUTER_BOUND('',#355,.T.);
#194=FACE_OUTER_BOUND('',#356,.T.);
#195=FACE_OUTER_BOUND('',#357,.T.);
#196=FACE_OUTER_BOUND('',#358,.T.);
#197=FACE_OUTER_BOUND('',#359,.T.);
#198=FACE_OUTER_BOUND('',#360,.T.);
#199=FACE_OUTER_BOUND('',#361,.T.);
#200=FACE_OUTER_BOUND('',#362,.T.);
#201=FACE_OUTER_BOUND('',#363,.T.);
#202=FACE_OUTER_BOUND('',#364,.T.);
#203=FACE_OUTER_BOUND('',#365,.T.);
#204=FACE_OUTER_BOUND('',#366,.T.);
#205=FACE_OUTER_BOUND('',#367,.T.);
#206=FACE_OUTER_BOUND('',#368,.T.);
#207=FACE_OUTER_BOUND('',#370,.T.);
#208=FACE_OUTER_BOUND('',#371,.T.);
#209=FACE_OUTER_BOUND('',#372,.T.);
#210=FACE_OUTER_BOUND('',#373,.T.);
#211=FACE_OUTER_BOUND('',#374,.T.);
#212=FACE_OUTER_BOUND('',#375,.T.);
#213=FACE_OUTER_BOUND('',#376,.T.);
#214=FACE_OUTER_BOUND('',#377,.T.);
#215=FACE_OUTER_BOUND('',#378,.T.);
#216=FACE_OUTER_BOUND('',#379,.T.);
#217=FACE_OUTER_BOUND('',#380,.T.);
#218=FACE_OUTER_BOUND('',#381,.T.);
#219=FACE_OUTER_BOUND('',#382,.T.);
#220=FACE_OUTER_BOUND('',#383,.T.);
#221=FACE_OUTER_BOUND('',#385,.T.);
#222=FACE_OUTER_BOUND('',#386,.T.);
#223=FACE_OUTER_BOUND('',#387,.T.);
#224=FACE_OUTER_BOUND('',#388,.T.);
#225=FACE_OUTER_BOUND('',#391,.T.);
#226=FACE_OUTER_BOUND('',#392,.T.);
#227=FACE_OUTER_BOUND('',#393,.T.);
#228=FACE_OUTER_BOUND('',#394,.T.);
#229=FACE_OUTER_BOUND('',#395,.T.);
#230=FACE_OUTER_BOUND('',#396,.T.);
#231=FACE_OUTER_BOUND('',#397,.T.);
#232=FACE_OUTER_BOUND('',#398,.T.);
#233=FACE_OUTER_BOUND('',#399,.T.);
#234=FACE_OUTER_BOUND('',#400,.T.);
#235=FACE_OUTER_BOUND('',#401,.T.);
#236=FACE_OUTER_BOUND('',#402,.T.);
#237=FACE_OUTER_BOUND('',#403,.T.);
#238=FACE_OUTER_BOUND('',#404,.T.);
#239=FACE_OUTER_BOUND('',#405,.T.);
#240=FACE_OUTER_BOUND('',#406,.T.);
#241=FACE_OUTER_BOUND('',#407,.T.);
#242=FACE_OUTER_BOUND('',#408,.T.);
#243=FACE_OUTER_BOUND('',#410,.T.);
#244=FACE_OUTER_BOUND('',#411,.T.);
#245=FACE_OUTER_BOUND('',#412,.T.);
#246=FACE_OUTER_BOUND('',#413,.T.);
#247=FACE_OUTER_BOUND('',#414,.T.);
#248=FACE_OUTER_BOUND('',#415,.T.);
#249=FACE_OUTER_BOUND('',#416,.T.);
#250=FACE_OUTER_BOUND('',#417,.T.);
#251=FACE_OUTER_BOUND('',#418,.T.);
#252=FACE_OUTER_BOUND('',#419,.T.);
#253=FACE_OUTER_BOUND('',#420,.T.);
#254=FACE_OUTER_BOUND('',#421,.T.);
#255=FACE_OUTER_BOUND('',#422,.T.);
#256=FACE_OUTER_BOUND('',#423,.T.);
#257=FACE_OUTER_BOUND('',#424,.T.);
#258=FACE_OUTER_BOUND('',#425,.T.);
#259=FACE_OUTER_BOUND('',#426,.T.);
#260=FACE_OUTER_BOUND('',#427,.T.);
#261=FACE_OUTER_BOUND('',#428,.T.);
#262=FACE_OUTER_BOUND('',#429,.T.);
#263=FACE_OUTER_BOUND('',#430,.T.);
#264=FACE_OUTER_BOUND('',#431,.T.);
#265=FACE_OUTER_BOUND('',#433,.T.);
#266=FACE_OUTER_BOUND('',#434,.T.);
#267=FACE_OUTER_BOUND('',#435,.T.);
#268=FACE_OUTER_BOUND('',#436,.T.);
#269=FACE_OUTER_BOUND('',#438,.T.);
#270=FACE_OUTER_BOUND('',#439,.T.);
#271=FACE_OUTER_BOUND('',#440,.T.);
#272=FACE_OUTER_BOUND('',#441,.T.);
#273=FACE_OUTER_BOUND('',#442,.T.);
#274=FACE_OUTER_BOUND('',#443,.T.);
#275=FACE_OUTER_BOUND('',#444,.T.);
#276=FACE_OUTER_BOUND('',#445,.T.);
#277=FACE_OUTER_BOUND('',#446,.T.);
#278=FACE_OUTER_BOUND('',#447,.T.);
#279=FACE_OUTER_BOUND('',#448,.T.);
#280=FACE_OUTER_BOUND('',#449,.T.);
#281=FACE_OUTER_BOUND('',#450,.T.);
#282=FACE_OUTER_BOUND('',#451,.T.);
#283=FACE_OUTER_BOUND('',#452,.T.);
#284=FACE_OUTER_BOUND('',#453,.T.);
#285=FACE_OUTER_BOUND('',#454,.T.);
#286=FACE_OUTER_BOUND('',#455,.T.);
#287=FACE_OUTER_BOUND('',#456,.T.);
#288=FACE_OUTER_BOUND('',#457,.T.);
#289=FACE_OUTER_BOUND('',#462,.T.);
#290=FACE_OUTER_BOUND('',#463,.T.);
#291=FACE_OUTER_BOUND('',#464,.T.);
#292=FACE_OUTER_BOUND('',#465,.T.);
#293=FACE_OUTER_BOUND('',#466,.T.);
#294=FACE_OUTER_BOUND('',#467,.T.);
#295=FACE_OUTER_BOUND('',#469,.T.);
#296=FACE_OUTER_BOUND('',#473,.T.);
#297=FACE_OUTER_BOUND('',#474,.T.);
#298=FACE_OUTER_BOUND('',#475,.T.);
#299=FACE_OUTER_BOUND('',#476,.T.);
#300=FACE_OUTER_BOUND('',#477,.T.);
#301=FACE_OUTER_BOUND('',#478,.T.);
#302=FACE_OUTER_BOUND('',#479,.T.);
#303=FACE_OUTER_BOUND('',#480,.T.);
#304=FACE_OUTER_BOUND('',#481,.T.);
#305=FACE_OUTER_BOUND('',#482,.T.);
#306=FACE_OUTER_BOUND('',#483,.T.);
#307=FACE_OUTER_BOUND('',#484,.T.);
#308=FACE_OUTER_BOUND('',#485,.T.);
#309=FACE_OUTER_BOUND('',#486,.T.);
#310=FACE_OUTER_BOUND('',#487,.T.);
#311=FACE_OUTER_BOUND('',#488,.T.);
#312=FACE_OUTER_BOUND('',#489,.T.);
#313=FACE_OUTER_BOUND('',#490,.T.);
#314=FACE_OUTER_BOUND('',#491,.T.);
#315=FACE_OUTER_BOUND('',#492,.T.);
#316=FACE_OUTER_BOUND('',#493,.T.);
#317=FACE_OUTER_BOUND('',#494,.T.);
#318=FACE_OUTER_BOUND('',#495,.T.);
#319=FACE_OUTER_BOUND('',#496,.T.);
#320=FACE_OUTER_BOUND('',#497,.T.);
#321=FACE_OUTER_BOUND('',#504,.T.);
#322=FACE_OUTER_BOUND('',#505,.T.);
#323=FACE_OUTER_BOUND('',#506,.T.);
#324=FACE_OUTER_BOUND('',#507,.T.);
#325=FACE_OUTER_BOUND('',#508,.T.);
#326=FACE_OUTER_BOUND('',#509,.T.);
#327=FACE_OUTER_BOUND('',#510,.T.);
#328=FACE_OUTER_BOUND('',#511,.T.);
#329=FACE_OUTER_BOUND('',#512,.T.);
#330=FACE_OUTER_BOUND('',#513,.T.);
#331=FACE_OUTER_BOUND('',#514,.T.);
#332=FACE_OUTER_BOUND('',#516,.T.);
#333=FACE_OUTER_BOUND('',#518,.T.);
#334=FACE_OUTER_BOUND('',#520,.T.);
#335=FACE_OUTER_BOUND('',#522,.T.);
#336=FACE_OUTER_BOUND('',#523,.T.);
#337=FACE_OUTER_BOUND('',#524,.T.);
#338=FACE_OUTER_BOUND('',#525,.T.);
#339=FACE_OUTER_BOUND('',#526,.T.);
#340=EDGE_LOOP('',(#1973,#1974,#1975,#1976));
#341=EDGE_LOOP('',(#1977,#1978,#1979,#1980));
#342=EDGE_LOOP('',(#1981,#1982,#1983,#1984));
#343=EDGE_LOOP('',(#1985,#1986,#1987,#1988,#1989,#1990));
#344=EDGE_LOOP('',(#1991,#1992,#1993,#1994,#1995,#1996,#1997,#1998,#1999,
#2000,#2001,#2002));
#345=EDGE_LOOP('',(#2003,#2004,#2005,#2006));
#346=EDGE_LOOP('',(#2007,#2008,#2009,#2010,#2011,#2012,#2013,#2014));
#347=EDGE_LOOP('',(#2015));
#348=EDGE_LOOP('',(#2016,#2017,#2018,#2019));
#349=EDGE_LOOP('',(#2020,#2021,#2022,#2023));
#350=EDGE_LOOP('',(#2024,#2025,#2026,#2027));
#351=EDGE_LOOP('',(#2028,#2029,#2030,#2031));
#352=EDGE_LOOP('',(#2032,#2033,#2034,#2035));
#353=EDGE_LOOP('',(#2036,#2037,#2038,#2039));
#354=EDGE_LOOP('',(#2040,#2041,#2042,#2043));
#355=EDGE_LOOP('',(#2044,#2045,#2046,#2047));
#356=EDGE_LOOP('',(#2048,#2049,#2050,#2051));
#357=EDGE_LOOP('',(#2052,#2053,#2054,#2055));
#358=EDGE_LOOP('',(#2056,#2057,#2058,#2059));
#359=EDGE_LOOP('',(#2060,#2061,#2062,#2063));
#360=EDGE_LOOP('',(#2064,#2065,#2066,#2067));
#361=EDGE_LOOP('',(#2068,#2069,#2070,#2071,#2072,#2073));
#362=EDGE_LOOP('',(#2074,#2075,#2076,#2077,#2078,#2079,#2080,#2081,#2082,
#2083));
#363=EDGE_LOOP('',(#2084,#2085,#2086,#2087,#2088,#2089,#2090));
#364=EDGE_LOOP('',(#2091,#2092,#2093,#2094,#2095));
#365=EDGE_LOOP('',(#2096,#2097,#2098,#2099,#2100,#2101,#2102,#2103));
#366=EDGE_LOOP('',(#2104,#2105,#2106,#2107,#2108));
#367=EDGE_LOOP('',(#2109,#2110,#2111,#2112));
#368=EDGE_LOOP('',(#2113));
#369=EDGE_LOOP('',(#2114,#2115,#2116,#2117,#2118,#2119,#2120,#2121));
#370=EDGE_LOOP('',(#2122,#2123,#2124,#2125));
#371=EDGE_LOOP('',(#2126,#2127,#2128,#2129,#2130,#2131,#2132,#2133,#2134,
#2135,#2136,#2137,#2138,#2139));
#372=EDGE_LOOP('',(#2140,#2141,#2142,#2143));
#373=EDGE_LOOP('',(#2144,#2145,#2146,#2147));
#374=EDGE_LOOP('',(#2148,#2149,#2150,#2151,#2152,#2153,#2154));
#375=EDGE_LOOP('',(#2155,#2156,#2157,#2158,#2159,#2160,#2161));
#376=EDGE_LOOP('',(#2162,#2163,#2164,#2165,#2166,#2167,#2168,#2169,#2170,
#2171,#2172,#2173,#2174,#2175));
#377=EDGE_LOOP('',(#2176,#2177,#2178,#2179,#2180,#2181,#2182,#2183));
#378=EDGE_LOOP('',(#2184,#2185,#2186,#2187));
#379=EDGE_LOOP('',(#2188,#2189,#2190,#2191));
#380=EDGE_LOOP('',(#2192,#2193,#2194,#2195));
#381=EDGE_LOOP('',(#2196,#2197,#2198,#2199,#2200));
#382=EDGE_LOOP('',(#2201,#2202,#2203,#2204,#2205,#2206,#2207));
#383=EDGE_LOOP('',(#2208,#2209,#2210,#2211,#2212,#2213,#2214,#2215));
#384=EDGE_LOOP('',(#2216));
#385=EDGE_LOOP('',(#2217,#2218,#2219,#2220,#2221));
#386=EDGE_LOOP('',(#2222,#2223,#2224,#2225,#2226));
#387=EDGE_LOOP('',(#2227,#2228,#2229,#2230,#2231,#2232));
#388=EDGE_LOOP('',(#2233,#2234,#2235,#2236));
#389=EDGE_LOOP('',(#2237,#2238,#2239,#2240,#2241,#2242,#2243,#2244));
#390=EDGE_LOOP('',(#2245,#2246,#2247,#2248,#2249,#2250,#2251,#2252));
#391=EDGE_LOOP('',(#2253,#2254,#2255,#2256));
#392=EDGE_LOOP('',(#2257,#2258,#2259,#2260,#2261,#2262));
#393=EDGE_LOOP('',(#2263,#2264,#2265,#2266));
#394=EDGE_LOOP('',(#2267,#2268,#2269,#2270,#2271));
#395=EDGE_LOOP('',(#2272,#2273,#2274,#2275));
#396=EDGE_LOOP('',(#2276,#2277,#2278,#2279,#2280));
#397=EDGE_LOOP('',(#2281,#2282,#2283,#2284));
#398=EDGE_LOOP('',(#2285,#2286,#2287,#2288,#2289));
#399=EDGE_LOOP('',(#2290,#2291,#2292,#2293,#2294));
#400=EDGE_LOOP('',(#2295,#2296,#2297,#2298,#2299));
#401=EDGE_LOOP('',(#2300,#2301,#2302,#2303));
#402=EDGE_LOOP('',(#2304,#2305,#2306,#2307,#2308,#2309,#2310));
#403=EDGE_LOOP('',(#2311,#2312,#2313,#2314));
#404=EDGE_LOOP('',(#2315,#2316,#2317,#2318,#2319));
#405=EDGE_LOOP('',(#2320,#2321,#2322,#2323,#2324));
#406=EDGE_LOOP('',(#2325,#2326,#2327,#2328));
#407=EDGE_LOOP('',(#2329,#2330,#2331));
#408=EDGE_LOOP('',(#2332,#2333,#2334,#2335,#2336,#2337,#2338,#2339,#2340,
#2341,#2342,#2343));
#409=EDGE_LOOP('',(#2344));
#410=EDGE_LOOP('',(#2345,#2346,#2347,#2348,#2349,#2350));
#411=EDGE_LOOP('',(#2351,#2352,#2353,#2354));
#412=EDGE_LOOP('',(#2355,#2356,#2357,#2358,#2359,#2360));
#413=EDGE_LOOP('',(#2361,#2362,#2363,#2364,#2365,#2366));
#414=EDGE_LOOP('',(#2367,#2368,#2369,#2370,#2371));
#415=EDGE_LOOP('',(#2372,#2373,#2374));
#416=EDGE_LOOP('',(#2375,#2376,#2377,#2378,#2379,#2380));
#417=EDGE_LOOP('',(#2381,#2382,#2383,#2384));
#418=EDGE_LOOP('',(#2385,#2386,#2387,#2388));
#419=EDGE_LOOP('',(#2389,#2390,#2391,#2392,#2393,#2394,#2395));
#420=EDGE_LOOP('',(#2396,#2397,#2398,#2399));
#421=EDGE_LOOP('',(#2400,#2401,#2402,#2403,#2404,#2405,#2406));
#422=EDGE_LOOP('',(#2407,#2408,#2409,#2410));
#423=EDGE_LOOP('',(#2411,#2412,#2413,#2414));
#424=EDGE_LOOP('',(#2415,#2416,#2417,#2418,#2419,#2420,#2421));
#425=EDGE_LOOP('',(#2422,#2423,#2424,#2425,#2426,#2427));
#426=EDGE_LOOP('',(#2428,#2429,#2430,#2431,#2432,#2433,#2434,#2435,#2436,
#2437,#2438,#2439,#2440,#2441,#2442,#2443,#2444,#2445,#2446,#2447,#2448,
#2449,#2450,#2451,#2452,#2453,#2454,#2455));
#427=EDGE_LOOP('',(#2456,#2457,#2458,#2459,#2460,#2461));
#428=EDGE_LOOP('',(#2462,#2463,#2464,#2465));
#429=EDGE_LOOP('',(#2466,#2467,#2468,#2469));
#430=EDGE_LOOP('',(#2470,#2471,#2472,#2473));
#431=EDGE_LOOP('',(#2474,#2475,#2476,#2477,#2478,#2479));
#432=EDGE_LOOP('',(#2480));
#433=EDGE_LOOP('',(#2481,#2482,#2483,#2484));
#434=EDGE_LOOP('',(#2485,#2486,#2487,#2488));
#435=EDGE_LOOP('',(#2489,#2490,#2491,#2492));
#436=EDGE_LOOP('',(#2493,#2494,#2495,#2496,#2497,#2498));
#437=EDGE_LOOP('',(#2499));
#438=EDGE_LOOP('',(#2500,#2501,#2502,#2503));
#439=EDGE_LOOP('',(#2504,#2505,#2506,#2507,#2508,#2509,#2510,#2511,#2512,
#2513,#2514,#2515));
#440=EDGE_LOOP('',(#2516,#2517,#2518,#2519));
#441=EDGE_LOOP('',(#2520,#2521,#2522,#2523,#2524,#2525));
#442=EDGE_LOOP('',(#2526,#2527,#2528,#2529,#2530));
#443=EDGE_LOOP('',(#2531,#2532,#2533,#2534));
#444=EDGE_LOOP('',(#2535,#2536,#2537));
#445=EDGE_LOOP('',(#2538,#2539,#2540,#2541,#2542,#2543));
#446=EDGE_LOOP('',(#2544,#2545,#2546));
#447=EDGE_LOOP('',(#2547,#2548,#2549,#2550));
#448=EDGE_LOOP('',(#2551,#2552,#2553,#2554));
#449=EDGE_LOOP('',(#2555,#2556,#2557,#2558,#2559,#2560,#2561,#2562,#2563,
#2564));
#450=EDGE_LOOP('',(#2565,#2566,#2567,#2568));
#451=EDGE_LOOP('',(#2569,#2570,#2571,#2572,#2573,#2574));
#452=EDGE_LOOP('',(#2575,#2576,#2577,#2578));
#453=EDGE_LOOP('',(#2579,#2580,#2581,#2582));
#454=EDGE_LOOP('',(#2583,#2584,#2585,#2586));
#455=EDGE_LOOP('',(#2587,#2588,#2589,#2590));
#456=EDGE_LOOP('',(#2591,#2592,#2593,#2594));
#457=EDGE_LOOP('',(#2595,#2596,#2597,#2598,#2599,#2600,#2601,#2602,#2603,
#2604,#2605,#2606,#2607,#2608,#2609,#2610,#2611,#2612,#2613,#2614,#2615,
#2616));
#458=EDGE_LOOP('',(#2617));
#459=EDGE_LOOP('',(#2618));
#460=EDGE_LOOP('',(#2619));
#461=EDGE_LOOP('',(#2620));
#462=EDGE_LOOP('',(#2621,#2622,#2623,#2624));
#463=EDGE_LOOP('',(#2625,#2626,#2627,#2628));
#464=EDGE_LOOP('',(#2629,#2630,#2631,#2632));
#465=EDGE_LOOP('',(#2633,#2634,#2635,#2636));
#466=EDGE_LOOP('',(#2637,#2638,#2639,#2640));
#467=EDGE_LOOP('',(#2641));
#468=EDGE_LOOP('',(#2642,#2643,#2644,#2645,#2646,#2647,#2648,#2649));
#469=EDGE_LOOP('',(#2650,#2651));
#470=EDGE_LOOP('',(#2652,#2653,#2654,#2655,#2656,#2657,#2658,#2659));
#471=EDGE_LOOP('',(#2660,#2661,#2662,#2663));
#472=EDGE_LOOP('',(#2664));
#473=EDGE_LOOP('',(#2665,#2666,#2667,#2668));
#474=EDGE_LOOP('',(#2669,#2670,#2671,#2672));
#475=EDGE_LOOP('',(#2673,#2674,#2675,#2676));
#476=EDGE_LOOP('',(#2677,#2678,#2679,#2680));
#477=EDGE_LOOP('',(#2681,#2682,#2683,#2684,#2685));
#478=EDGE_LOOP('',(#2686,#2687,#2688,#2689));
#479=EDGE_LOOP('',(#2690,#2691,#2692,#2693,#2694));
#480=EDGE_LOOP('',(#2695,#2696,#2697,#2698));
#481=EDGE_LOOP('',(#2699,#2700,#2701,#2702));
#482=EDGE_LOOP('',(#2703,#2704,#2705,#2706));
#483=EDGE_LOOP('',(#2707,#2708,#2709,#2710,#2711,#2712));
#484=EDGE_LOOP('',(#2713,#2714,#2715,#2716,#2717,#2718));
#485=EDGE_LOOP('',(#2719,#2720,#2721,#2722,#2723,#2724));
#486=EDGE_LOOP('',(#2725,#2726,#2727,#2728));
#487=EDGE_LOOP('',(#2729,#2730,#2731,#2732,#2733,#2734,#2735));
#488=EDGE_LOOP('',(#2736,#2737,#2738,#2739));
#489=EDGE_LOOP('',(#2740,#2741,#2742,#2743,#2744));
#490=EDGE_LOOP('',(#2745,#2746,#2747,#2748,#2749,#2750,#2751,#2752));
#491=EDGE_LOOP('',(#2753,#2754,#2755,#2756,#2757));
#492=EDGE_LOOP('',(#2758,#2759,#2760,#2761));
#493=EDGE_LOOP('',(#2762,#2763,#2764,#2765,#2766,#2767,#2768,#2769,#2770,
#2771,#2772));
#494=EDGE_LOOP('',(#2773,#2774,#2775,#2776,#2777,#2778));
#495=EDGE_LOOP('',(#2779,#2780,#2781,#2782,#2783,#2784,#2785,#2786,#2787,
#2788,#2789));
#496=EDGE_LOOP('',(#2790,#2791,#2792,#2793,#2794,#2795));
#497=EDGE_LOOP('',(#2796,#2797,#2798,#2799,#2800,#2801,#2802,#2803,#2804,
#2805,#2806,#2807,#2808,#2809,#2810,#2811,#2812,#2813));
#498=EDGE_LOOP('',(#2814,#2815,#2816,#2817));
#499=EDGE_LOOP('',(#2818,#2819,#2820,#2821));
#500=EDGE_LOOP('',(#2822));
#501=EDGE_LOOP('',(#2823));
#502=EDGE_LOOP('',(#2824));
#503=EDGE_LOOP('',(#2825));
#504=EDGE_LOOP('',(#2826,#2827,#2828,#2829));
#505=EDGE_LOOP('',(#2830,#2831,#2832,#2833));
#506=EDGE_LOOP('',(#2834,#2835,#2836,#2837,#2838));
#507=EDGE_LOOP('',(#2839,#2840,#2841,#2842,#2843));
#508=EDGE_LOOP('',(#2844,#2845,#2846,#2847,#2848));
#509=EDGE_LOOP('',(#2849,#2850,#2851,#2852,#2853));
#510=EDGE_LOOP('',(#2854,#2855,#2856,#2857,#2858));
#511=EDGE_LOOP('',(#2859,#2860,#2861,#2862,#2863));
#512=EDGE_LOOP('',(#2864,#2865,#2866,#2867,#2868));
#513=EDGE_LOOP('',(#2869,#2870,#2871,#2872,#2873));
#514=EDGE_LOOP('',(#2874));
#515=EDGE_LOOP('',(#2875));
#516=EDGE_LOOP('',(#2876));
#517=EDGE_LOOP('',(#2877));
#518=EDGE_LOOP('',(#2878));
#519=EDGE_LOOP('',(#2879));
#520=EDGE_LOOP('',(#2880));
#521=EDGE_LOOP('',(#2881));
#522=EDGE_LOOP('',(#2882,#2883,#2884,#2885));
#523=EDGE_LOOP('',(#2886,#2887,#2888,#2889));
#524=EDGE_LOOP('',(#2890,#2891,#2892,#2893));
#525=EDGE_LOOP('',(#2894,#2895,#2896,#2897));
#526=EDGE_LOOP('',(#2898,#2899,#2900,#2901,#2902));
#527=LINE('',#4384,#789);
#528=LINE('',#4387,#790);
#529=LINE('',#4390,#791);
#530=LINE('',#4392,#792);
#531=LINE('',#4393,#793);
#532=LINE('',#4398,#794);
#533=LINE('',#4402,#795);
#534=LINE('',#4404,#796);
#535=LINE('',#4406,#797);
#536=LINE('',#4408,#798);
#537=LINE('',#4409,#799);
#538=LINE('',#4412,#800);
#539=LINE('',#4416,#801);
#540=LINE('',#4418,#802);
#541=LINE('',#4420,#803);
#542=LINE('',#4422,#804);
#543=LINE('',#4424,#805);
#544=LINE('',#4431,#806);
#545=LINE('',#4434,#807);
#546=LINE('',#4436,#808);
#547=LINE('',#4438,#809);
#548=LINE('',#4440,#810);
#549=LINE('',#4442,#811);
#550=LINE('',#4444,#812);
#551=LINE('',#4445,#813);
#552=LINE('',#4453,#814);
#553=LINE('',#4456,#815);
#554=LINE('',#4459,#816);
#555=LINE('',#4461,#817);
#556=LINE('',#4462,#818);
#557=LINE('',#4465,#819);
#558=LINE('',#4467,#820);
#559=LINE('',#4468,#821);
#560=LINE('',#4472,#822);
#561=LINE('',#4474,#823);
#562=LINE('',#4476,#824);
#563=LINE('',#4477,#825);
#564=LINE('',#4480,#826);
#565=LINE('',#4482,#827);
#566=LINE('',#4483,#828);
#567=LINE('',#4486,#829);
#568=LINE('',#4488,#830);
#569=LINE('',#4489,#831);
#570=LINE('',#4491,#832);
#571=LINE('',#4492,#833);
#572=LINE('',#4497,#834);
#573=LINE('',#4499,#835);
#574=LINE('',#4501,#836);
#575=LINE('',#4502,#837);
#576=LINE('',#4505,#838);
#577=LINE('',#4507,#839);
#578=LINE('',#4508,#840);
#579=LINE('',#4511,#841);
#580=LINE('',#4513,#842);
#581=LINE('',#4514,#843);
#582=LINE('',#4516,#844);
#583=LINE('',#4517,#845);
#584=LINE('',#4521,#846);
#585=LINE('',#4525,#847);
#586=LINE('',#4527,#848);
#587=LINE('',#4528,#849);
#588=LINE('',#4531,#850);
#589=LINE('',#4535,#851);
#590=LINE('',#4537,#852);
#591=LINE('',#4539,#853);
#592=LINE('',#4540,#854);
#593=LINE('',#4543,#855);
#594=LINE('',#4545,#856);
#595=LINE('',#4547,#857);
#596=LINE('',#4549,#858);
#597=LINE('',#4550,#859);
#598=LINE('',#4556,#860);
#599=LINE('',#4560,#861);
#600=LINE('',#4579,#862);
#601=LINE('',#4581,#863);
#602=LINE('',#4583,#864);
#603=LINE('',#4585,#865);
#604=LINE('',#4587,#866);
#605=LINE('',#4589,#867);
#606=LINE('',#4590,#868);
#607=LINE('',#4611,#869);
#608=LINE('',#4615,#870);
#609=LINE('',#4619,#871);
#610=LINE('',#4621,#872);
#611=LINE('',#4622,#873);
#612=LINE('',#4633,#874);
#613=LINE('',#4644,#875);
#614=LINE('',#4647,#876);
#615=LINE('',#4649,#877);
#616=LINE('',#4651,#878);
#617=LINE('',#4653,#879);
#618=LINE('',#4655,#880);
#619=LINE('',#4657,#881);
#620=LINE('',#4659,#882);
#621=LINE('',#4670,#883);
#622=LINE('',#4672,#884);
#623=LINE('',#4674,#885);
#624=LINE('',#4676,#886);
#625=LINE('',#4677,#887);
#626=LINE('',#4679,#888);
#627=LINE('',#4684,#889);
#628=LINE('',#4688,#890);
#629=LINE('',#4690,#891);
#630=LINE('',#4692,#892);
#631=LINE('',#4693,#893);
#632=LINE('',#4695,#894);
#633=LINE('',#4697,#895);
#634=LINE('',#4702,#896);
#635=LINE('',#4705,#897);
#636=LINE('',#4707,#898);
#637=LINE('',#4709,#899);
#638=LINE('',#4711,#900);
#639=LINE('',#4713,#901);
#640=LINE('',#4724,#902);
#641=LINE('',#4726,#903);
#642=LINE('',#4728,#904);
#643=LINE('',#4729,#905);
#644=LINE('',#4732,#906);
#645=LINE('',#4736,#907);
#646=LINE('',#4737,#908);
#647=LINE('',#4739,#909);
#648=LINE('',#4742,#910);
#649=LINE('',#4744,#911);
#650=LINE('',#4745,#912);
#651=LINE('',#4749,#913);
#652=LINE('',#4751,#914);
#653=LINE('',#4753,#915);
#654=LINE('',#4754,#916);
#655=LINE('',#4757,#917);
#656=LINE('',#4758,#918);
#657=LINE('',#4761,#919);
#658=LINE('',#4765,#920);
#659=LINE('',#4767,#921);
#660=LINE('',#4768,#922);
#661=LINE('',#4771,#923);
#662=LINE('',#4772,#924);
#663=LINE('',#4773,#925);
#664=LINE('',#4774,#926);
#665=LINE('',#4779,#927);
#666=LINE('',#4780,#928);
#667=LINE('',#4783,#929);
#668=LINE('',#4786,#930);
#669=LINE('',#4789,#931);
#670=LINE('',#4791,#932);
#671=LINE('',#4792,#933);
#672=LINE('',#4795,#934);
#673=LINE('',#4875,#935);
#674=LINE('',#4906,#936);
#675=LINE('',#4909,#937);
#676=LINE('',#4913,#938);
#677=LINE('',#4948,#939);
#678=LINE('',#5002,#940);
#679=LINE('',#5005,#941);
#680=LINE('',#5029,#942);
#681=LINE('',#5031,#943);
#682=LINE('',#5033,#944);
#683=LINE('',#5036,#945);
#684=LINE('',#5042,#946);
#685=LINE('',#5051,#947);
#686=LINE('',#5057,#948);
#687=LINE('',#5059,#949);
#688=LINE('',#5067,#950);
#689=LINE('',#5069,#951);
#690=LINE('',#5071,#952);
#691=LINE('',#5075,#953);
#692=LINE('',#5083,#954);
#693=LINE('',#5087,#955);
#694=LINE('',#5088,#956);
#695=LINE('',#5091,#957);
#696=LINE('',#5095,#958);
#697=LINE('',#5097,#959);
#698=LINE('',#5098,#960);
#699=LINE('',#5103,#961);
#700=LINE('',#5119,#962);
#701=LINE('',#5121,#963);
#702=LINE('',#5123,#964);
#703=LINE('',#5125,#965);
#704=LINE('',#5126,#966);
#705=LINE('',#5132,#967);
#706=LINE('',#5133,#968);
#707=LINE('',#5134,#969);
#708=LINE('',#5138,#970);
#709=LINE('',#5141,#971);
#710=LINE('',#5142,#972);
#711=LINE('',#5145,#973);
#712=LINE('',#5149,#974);
#713=LINE('',#5152,#975);
#714=LINE('',#5156,#976);
#715=LINE('',#5216,#977);
#716=LINE('',#5218,#978);
#717=LINE('',#5247,#979);
#718=LINE('',#5276,#980);
#719=LINE('',#5288,#981);
#720=LINE('',#5291,#982);
#721=LINE('',#5303,#983);
#722=LINE('',#5336,#984);
#723=LINE('',#5352,#985);
#724=LINE('',#5353,#986);
#725=LINE('',#5359,#987);
#726=LINE('',#5360,#988);
#727=LINE('',#5375,#989);
#728=LINE('',#5381,#990);
#729=LINE('',#5382,#991);
#730=LINE('',#5384,#992);
#731=LINE('',#5389,#993);
#732=LINE('',#5393,#994);
#733=LINE('',#5395,#995);
#734=LINE('',#5398,#996);
#735=LINE('',#5401,#997);
#736=LINE('',#5404,#998);
#737=LINE('',#5406,#999);
#738=LINE('',#5409,#1000);
#739=LINE('',#5415,#1001);
#740=LINE('',#5416,#1002);
#741=LINE('',#5418,#1003);
#742=LINE('',#5422,#1004);
#743=LINE('',#5424,#1005);
#744=LINE('',#5430,#1006);
#745=LINE('',#5432,#1007);
#746=LINE('',#5437,#1008);
#747=LINE('',#5439,#1009);
#748=LINE('',#5441,#1010);
#749=LINE('',#5445,#1011);
#750=LINE('',#5451,#1012);
#751=LINE('',#5457,#1013);
#752=LINE('',#5460,#1014);
#753=LINE('',#5474,#1015);
#754=LINE('',#5478,#1016);
#755=LINE('',#5480,#1017);
#756=LINE('',#5495,#1018);
#757=LINE('',#5498,#1019);
#758=LINE('',#5501,#1020);
#759=LINE('',#5507,#1021);
#760=LINE('',#5508,#1022);
#761=LINE('',#5512,#1023);
#762=LINE('',#5560,#1024);
#763=LINE('',#5562,#1025);
#764=LINE('',#5566,#1026);
#765=LINE('',#5572,#1027);
#766=LINE('',#5574,#1028);
#767=LINE('',#5577,#1029);
#768=LINE('',#5581,#1030);
#769=LINE('',#5585,#1031);
#770=LINE('',#5603,#1032);
#771=LINE('',#5604,#1033);
#772=LINE('',#5624,#1034);
#773=LINE('',#5626,#1035);
#774=LINE('',#5628,#1036);
#775=LINE('',#5629,#1037);
#776=LINE('',#5631,#1038);
#777=LINE('',#5633,#1039);
#778=LINE('',#5636,#1040);
#779=LINE('',#5637,#1041);
#780=LINE('',#5638,#1042);
#781=LINE('',#5658,#1043);
#782=LINE('',#5668,#1044);
#783=LINE('',#5678,#1045);
#784=LINE('',#5688,#1046);
#785=LINE('',#5702,#1047);
#786=LINE('',#5704,#1048);
#787=LINE('',#5706,#1049);
#788=LINE('',#5708,#1050);
#789=VECTOR('',#3478,10.);
#790=VECTOR('',#3481,10.);
#791=VECTOR('',#3484,10.);
#792=VECTOR('',#3485,10.);
#793=VECTOR('',#3486,10.);
#794=VECTOR('',#3491,10.);
#795=VECTOR('',#3496,10.);
#796=VECTOR('',#3497,10.);
#797=VECTOR('',#3498,10.);
#798=VECTOR('',#3499,10.);
#799=VECTOR('',#3500,10.);
#800=VECTOR('',#3503,10.);
#801=VECTOR('',#3506,10.);
#802=VECTOR('',#3507,10.);
#803=VECTOR('',#3508,10.);
#804=VECTOR('',#3509,10.);
#805=VECTOR('',#3510,10.);
#806=VECTOR('',#3517,10.);
#807=VECTOR('',#3520,10.);
#808=VECTOR('',#3523,10.);
#809=VECTOR('',#3524,10.);
#810=VECTOR('',#3525,10.);
#811=VECTOR('',#3526,10.);
#812=VECTOR('',#3527,10.);
#813=VECTOR('',#3528,10.);
#814=VECTOR('',#3535,10.);
#815=VECTOR('',#3538,10.);
#816=VECTOR('',#3541,10.);
#817=VECTOR('',#3542,10.);
#818=VECTOR('',#3543,10.);
#819=VECTOR('',#3546,10.);
#820=VECTOR('',#3547,10.);
#821=VECTOR('',#3548,10.);
#822=VECTOR('',#3551,10.);
#823=VECTOR('',#3552,10.);
#824=VECTOR('',#3553,10.);
#825=VECTOR('',#3554,10.);
#826=VECTOR('',#3557,10.);
#827=VECTOR('',#3558,10.);
#828=VECTOR('',#3559,10.);
#829=VECTOR('',#3562,10.);
#830=VECTOR('',#3563,10.);
#831=VECTOR('',#3564,10.);
#832=VECTOR('',#3567,10.);
#833=VECTOR('',#3568,10.);
#834=VECTOR('',#3573,10.);
#835=VECTOR('',#3574,10.);
#836=VECTOR('',#3575,10.);
#837=VECTOR('',#3576,10.);
#838=VECTOR('',#3579,10.);
#839=VECTOR('',#3580,10.);
#840=VECTOR('',#3581,10.);
#841=VECTOR('',#3584,10.);
#842=VECTOR('',#3585,10.);
#843=VECTOR('',#3586,10.);
#844=VECTOR('',#3589,10.);
#845=VECTOR('',#3590,10.);
#846=VECTOR('',#3595,10.);
#847=VECTOR('',#3598,10.);
#848=VECTOR('',#3599,10.);
#849=VECTOR('',#3600,10.);
#850=VECTOR('',#3603,10.);
#851=VECTOR('',#3606,2.);
#852=VECTOR('',#3607,10.);
#853=VECTOR('',#3608,10.);
#854=VECTOR('',#3609,10.);
#855=VECTOR('',#3612,10.);
#856=VECTOR('',#3613,10.);
#857=VECTOR('',#3614,10.);
#858=VECTOR('',#3615,10.);
#859=VECTOR('',#3616,10.);
#860=VECTOR('',#3621,10.);
#861=VECTOR('',#3624,10.);
#862=VECTOR('',#3627,10.);
#863=VECTOR('',#3628,10.);
#864=VECTOR('',#3629,10.);
#865=VECTOR('',#3630,10.);
#866=VECTOR('',#3631,10.);
#867=VECTOR('',#3632,10.);
#868=VECTOR('',#3633,10.);
#869=VECTOR('',#3636,10.);
#870=VECTOR('',#3639,10.);
#871=VECTOR('',#3644,10.);
#872=VECTOR('',#3645,10.);
#873=VECTOR('',#3646,10.);
#874=VECTOR('',#3657,10.);
#875=VECTOR('',#3668,10.);
#876=VECTOR('',#3671,10.);
#877=VECTOR('',#3674,10.);
#878=VECTOR('',#3675,10.);
#879=VECTOR('',#3676,10.);
#880=VECTOR('',#3677,10.);
#881=VECTOR('',#3678,10.);
#882=VECTOR('',#3679,10.);
#883=VECTOR('',#3680,10.);
#884=VECTOR('',#3681,10.);
#885=VECTOR('',#3682,10.);
#886=VECTOR('',#3683,10.);
#887=VECTOR('',#3684,10.);
#888=VECTOR('',#3687,10.);
#889=VECTOR('',#3692,10.);
#890=VECTOR('',#3697,10.);
#891=VECTOR('',#3698,10.);
#892=VECTOR('',#3699,10.);
#893=VECTOR('',#3700,10.);
#894=VECTOR('',#3703,10.);
#895=VECTOR('',#3704,10.);
#896=VECTOR('',#3709,10.);
#897=VECTOR('',#3712,10.);
#898=VECTOR('',#3713,10.);
#899=VECTOR('',#3714,10.);
#900=VECTOR('',#3715,10.);
#901=VECTOR('',#3716,10.);
#902=VECTOR('',#3717,10.);
#903=VECTOR('',#3718,10.);
#904=VECTOR('',#3719,10.);
#905=VECTOR('',#3720,10.);
#906=VECTOR('',#3723,10.);
#907=VECTOR('',#3726,10.);
#908=VECTOR('',#3727,10.);
#909=VECTOR('',#3730,10.);
#910=VECTOR('',#3733,10.);
#911=VECTOR('',#3734,10.);
#912=VECTOR('',#3735,10.);
#913=VECTOR('',#3738,10.);
#914=VECTOR('',#3739,10.);
#915=VECTOR('',#3740,10.);
#916=VECTOR('',#3741,10.);
#917=VECTOR('',#3744,10.);
#918=VECTOR('',#3745,10.);
#919=VECTOR('',#3748,10.);
#920=VECTOR('',#3751,10.);
#921=VECTOR('',#3752,10.);
#922=VECTOR('',#3753,10.);
#923=VECTOR('',#3756,10.);
#924=VECTOR('',#3757,10.);
#925=VECTOR('',#3758,10.);
#926=VECTOR('',#3759,10.);
#927=VECTOR('',#3764,10.);
#928=VECTOR('',#3765,10.);
#929=VECTOR('',#3768,10.);
#930=VECTOR('',#3771,10.);
#931=VECTOR('',#3774,10.);
#932=VECTOR('',#3775,10.);
#933=VECTOR('',#3776,10.);
#934=VECTOR('',#3779,21.3);
#935=VECTOR('',#3788,10.);
#936=VECTOR('',#3791,10.);
#937=VECTOR('',#3794,10.);
#938=VECTOR('',#3799,10.);
#939=VECTOR('',#3820,10.);
#940=VECTOR('',#3841,10.);
#941=VECTOR('',#3846,10.);
#942=VECTOR('',#3855,10.);
#943=VECTOR('',#3856,10.);
#944=VECTOR('',#3857,10.);
#945=VECTOR('',#3862,10.);
#946=VECTOR('',#3869,10.);
#947=VECTOR('',#3872,10.);
#948=VECTOR('',#3881,10.);
#949=VECTOR('',#3882,10.);
#950=VECTOR('',#3889,10.);
#951=VECTOR('',#3890,10.);
#952=VECTOR('',#3891,10.);
#953=VECTOR('',#3894,10.);
#954=VECTOR('',#3903,10.);
#955=VECTOR('',#3906,10.);
#956=VECTOR('',#3907,10.);
#957=VECTOR('',#3910,10.);
#958=VECTOR('',#3915,10.);
#959=VECTOR('',#3916,10.);
#960=VECTOR('',#3917,10.);
#961=VECTOR('',#3922,10.);
#962=VECTOR('',#3937,10.);
#963=VECTOR('',#3938,10.);
#964=VECTOR('',#3939,10.);
#965=VECTOR('',#3940,10.);
#966=VECTOR('',#3941,10.);
#967=VECTOR('',#3948,10.);
#968=VECTOR('',#3949,10.);
#969=VECTOR('',#3950,10.);
#970=VECTOR('',#3955,10.);
#971=VECTOR('',#3958,10.);
#972=VECTOR('',#3959,10.);
#973=VECTOR('',#3964,10.);
#974=VECTOR('',#3969,0.499999999999998);
#975=VECTOR('',#3972,0.499999999999998);
#976=VECTOR('',#3977,10.);
#977=VECTOR('',#3990,10.);
#978=VECTOR('',#3991,10.);
#979=VECTOR('',#3994,10.);
#980=VECTOR('',#3999,10.);
#981=VECTOR('',#4000,10.);
#982=VECTOR('',#4003,10.);
#983=VECTOR('',#4004,10.);
#984=VECTOR('',#4013,10.);
#985=VECTOR('',#4022,10.);
#986=VECTOR('',#4023,10.);
#987=VECTOR('',#4030,10.);
#988=VECTOR('',#4031,10.);
#989=VECTOR('',#4040,10.);
#990=VECTOR('',#4047,10.);
#991=VECTOR('',#4048,10.);
#992=VECTOR('',#4051,10.);
#993=VECTOR('',#4056,10.);
#994=VECTOR('',#4059,10.);
#995=VECTOR('',#4062,10.);
#996=VECTOR('',#4067,10.);
#997=VECTOR('',#4072,10.);
#998=VECTOR('',#4077,10.);
#999=VECTOR('',#4080,10.);
#1000=VECTOR('',#4085,10.);
#1001=VECTOR('',#4092,10.);
#1002=VECTOR('',#4093,10.);
#1003=VECTOR('',#4096,10.);
#1004=VECTOR('',#4101,10.);
#1005=VECTOR('',#4104,10.);
#1006=VECTOR('',#4113,2.95);
#1007=VECTOR('',#4116,10.);
#1008=VECTOR('',#4121,10.);
#1009=VECTOR('',#4124,10.);
#1010=VECTOR('',#4125,10.);
#1011=VECTOR('',#4128,10.);
#1012=VECTOR('',#4133,10.);
#1013=VECTOR('',#4138,10.);
#1014=VECTOR('',#4141,10.);
#1015=VECTOR('',#4158,10.);
#1016=VECTOR('',#4163,10.);
#1017=VECTOR('',#4166,10.);
#1018=VECTOR('',#4185,2.);
#1019=VECTOR('',#4188,2.);
#1020=VECTOR('',#4191,10.);
#1021=VECTOR('',#4198,2.);
#1022=VECTOR('',#4199,2.);
#1023=VECTOR('',#4204,10.);
#1024=VECTOR('',#4221,10.);
#1025=VECTOR('',#4224,10.);
#1026=VECTOR('',#4229,10.);
#1027=VECTOR('',#4238,10.);
#1028=VECTOR('',#4241,10.);
#1029=VECTOR('',#4246,10.);
#1030=VECTOR('',#4251,10.);
#1031=VECTOR('',#4254,10.);
#1032=VECTOR('',#4257,10.);
#1033=VECTOR('',#4258,10.);
#1034=VECTOR('',#4263,10.);
#1035=VECTOR('',#4266,10.);
#1036=VECTOR('',#4269,10.);
#1037=VECTOR('',#4270,10.);
#1038=VECTOR('',#4273,10.);
#1039=VECTOR('',#4276,10.);
#1040=VECTOR('',#4281,10.);
#1041=VECTOR('',#4282,10.);
#1042=VECTOR('',#4283,10.);
#1043=VECTOR('',#4308,1.75);
#1044=VECTOR('',#4321,1.75);
#1045=VECTOR('',#4334,1.75);
#1046=VECTOR('',#4347,1.75);
#1047=VECTOR('',#4366,0.649999999999999);
#1048=VECTOR('',#4369,0.649999999999999);
#1049=VECTOR('',#4372,0.649999999999999);
#1050=VECTOR('',#4375,0.649999999999999);
#1051=CIRCLE('',#3152,1.);
#1052=CIRCLE('',#3153,1.);
#1053=CIRCLE('',#3156,1.);
#1054=CIRCLE('',#3157,1.);
#1055=CIRCLE('',#3160,2.);
#1056=CIRCLE('',#3161,2.);
#1057=CIRCLE('',#3163,1.);
#1058=CIRCLE('',#3164,1.);
#1059=CIRCLE('',#3166,0.499999999999998);
#1060=CIRCLE('',#3168,1.);
#1061=CIRCLE('',#3169,1.);
#1062=CIRCLE('',#3183,2.);
#1063=CIRCLE('',#3185,2.);
#1064=CIRCLE('',#3188,2.);
#1065=CIRCLE('',#3189,2.);
#1066=CIRCLE('',#3192,2.);
#1067=CIRCLE('',#3193,2.);
#1068=CIRCLE('',#3196,21.3);
#1069=CIRCLE('',#3197,2.);
#1070=CIRCLE('',#3198,18.5);
#1071=CIRCLE('',#3199,2.);
#1072=CIRCLE('',#3200,2.);
#1073=CIRCLE('',#3201,18.5);
#1074=CIRCLE('',#3202,2.);
#1075=CIRCLE('',#3204,2.);
#1076=CIRCLE('',#3205,2.);
#1077=CIRCLE('',#3209,2.);
#1078=CIRCLE('',#3210,2.);
#1079=CIRCLE('',#3214,2.);
#1080=CIRCLE('',#3217,2.);
#1081=CIRCLE('',#3223,15.0000002235174);
#1082=CIRCLE('',#3225,0.499999999999998);
#1083=CIRCLE('',#3228,2.);
#1084=CIRCLE('',#3231,21.3);
#1085=CIRCLE('',#3232,21.3);
#1086=CIRCLE('',#3233,21.3);
#1087=CIRCLE('',#3234,21.3);
#1088=CIRCLE('',#3235,21.3);
#1089=CIRCLE('',#3239,2.);
#1090=CIRCLE('',#3240,18.4999999999996);
#1091=CIRCLE('',#3241,2.);
#1092=CIRCLE('',#3245,2.);
#1093=CIRCLE('',#3246,4.);
#1094=CIRCLE('',#3248,2.);
#1095=CIRCLE('',#3250,4.);
#1096=CIRCLE('',#3252,4.);
#1097=CIRCLE('',#3253,18.5);
#1098=CIRCLE('',#3256,2.);
#1099=CIRCLE('',#3258,2.);
#1100=CIRCLE('',#3263,2.);
#1101=CIRCLE('',#3265,2.);
#1102=CIRCLE('',#3269,2.);
#1103=CIRCLE('',#3271,2.);
#1104=CIRCLE('',#3273,2.);
#1105=CIRCLE('',#3275,15.);
#1106=CIRCLE('',#3276,7.00000025331974);
#1107=CIRCLE('',#3277,15.);
#1108=CIRCLE('',#3278,4.05);
#1109=CIRCLE('',#3279,4.05);
#1110=CIRCLE('',#3280,2.95);
#1111=CIRCLE('',#3282,4.05);
#1112=CIRCLE('',#3283,4.05);
#1113=CIRCLE('',#3288,2.);
#1114=CIRCLE('',#3289,2.);
#1115=CIRCLE('',#3291,2.);
#1116=CIRCLE('',#3292,2.);
#1117=CIRCLE('',#3294,2.);
#1118=CIRCLE('',#3300,4.05);
#1119=CIRCLE('',#3303,4.05);
#1120=CIRCLE('',#3305,0.499999999999998);
#1121=CIRCLE('',#3307,0.499999999999998);
#1122=CIRCLE('',#3309,15.0000002235174);
#1123=CIRCLE('',#3311,17.);
#1124=CIRCLE('',#3312,15.);
#1125=CIRCLE('',#3314,15.);
#1126=CIRCLE('',#3315,15.);
#1127=CIRCLE('',#3316,15.);
#1128=CIRCLE('',#3317,15.);
#1129=CIRCLE('',#3318,15.);
#1130=CIRCLE('',#3320,17.);
#1131=CIRCLE('',#3322,1.);
#1132=CIRCLE('',#3323,1.);
#1133=CIRCLE('',#3324,2.);
#1134=CIRCLE('',#3325,1.);
#1135=CIRCLE('',#3329,1.);
#1136=CIRCLE('',#3330,1.);
#1137=CIRCLE('',#3331,2.);
#1138=CIRCLE('',#3332,1.);
#1139=CIRCLE('',#3336,2.);
#1140=CIRCLE('',#3338,2.);
#1141=CIRCLE('',#3339,1.);
#1142=CIRCLE('',#3340,1.);
#1143=CIRCLE('',#3341,2.);
#1144=CIRCLE('',#3353,1.);
#1145=CIRCLE('',#3356,1.);
#1146=CIRCLE('',#3359,7.00000025331974);
#1147=CIRCLE('',#3361,2.95);
#1148=CIRCLE('',#3364,2.);
#1149=CIRCLE('',#3365,2.);
#1150=CIRCLE('',#3366,2.);
#1151=CIRCLE('',#3367,2.);
#1152=CIRCLE('',#3368,2.);
#1153=CIRCLE('',#3369,2.);
#1154=CIRCLE('',#3370,2.);
#1155=CIRCLE('',#3371,2.);
#1156=CIRCLE('',#3372,3.646);
#1157=CIRCLE('',#3373,3.646);
#1158=CIRCLE('',#3374,3.646);
#1159=CIRCLE('',#3375,3.646);
#1160=CIRCLE('',#3379,2.);
#1161=CIRCLE('',#3381,2.);
#1162=CIRCLE('',#3384,2.);
#1163=CIRCLE('',#3385,18.5);
#1164=CIRCLE('',#3386,2.);
#1165=CIRCLE('',#3387,2.);
#1166=CIRCLE('',#3388,18.4999999999996);
#1167=CIRCLE('',#3389,2.);
#1168=CIRCLE('',#3392,2.);
#1169=CIRCLE('',#3394,2.);
#1170=CIRCLE('',#3396,2.);
#1171=CIRCLE('',#3398,2.);
#1172=CIRCLE('',#3400,4.);
#1173=CIRCLE('',#3401,2.);
#1174=CIRCLE('',#3403,18.5);
#1175=CIRCLE('',#3405,2.);
#1176=CIRCLE('',#3411,2.);
#1177=CIRCLE('',#3412,18.5);
#1178=CIRCLE('',#3419,2.);
#1179=CIRCLE('',#3422,2.);
#1180=CIRCLE('',#3429,0.649999999999999);
#1181=CIRCLE('',#3430,0.649999999999999);
#1182=CIRCLE('',#3431,0.649999999999999);
#1183=CIRCLE('',#3432,0.649999999999999);
#1184=CIRCLE('',#3436,1.75);
#1185=CIRCLE('',#3437,1.896);
#1186=CIRCLE('',#3438,1.75);
#1187=CIRCLE('',#3440,1.75);
#1188=CIRCLE('',#3442,1.75);
#1189=CIRCLE('',#3443,1.896);
#1190=CIRCLE('',#3444,1.75);
#1191=CIRCLE('',#3446,1.75);
#1192=CIRCLE('',#3448,1.75);
#1193=CIRCLE('',#3449,1.896);
#1194=CIRCLE('',#3450,1.75);
#1195=CIRCLE('',#3452,1.75);
#1196=CIRCLE('',#3454,1.75);
#1197=CIRCLE('',#3455,1.896);
#1198=CIRCLE('',#3456,1.75);
#1199=CIRCLE('',#3458,1.75);
#1200=CIRCLE('',#3460,0.649999999999999);
#1201=CIRCLE('',#3462,0.649999999999999);
#1202=CIRCLE('',#3464,0.649999999999999);
#1203=CIRCLE('',#3466,0.649999999999999);
#1204=VERTEX_POINT('',#4380);
#1205=VERTEX_POINT('',#4381);
#1206=VERTEX_POINT('',#4383);
#1207=VERTEX_POINT('',#4385);
#1208=VERTEX_POINT('',#4389);
#1209=VERTEX_POINT('',#4391);
#1210=VERTEX_POINT('',#4395);
#1211=VERTEX_POINT('',#4397);
#1212=VERTEX_POINT('',#4401);
#1213=VERTEX_POINT('',#4403);
#1214=VERTEX_POINT('',#4405);
#1215=VERTEX_POINT('',#4407);
#1216=VERTEX_POINT('',#4411);
#1217=VERTEX_POINT('',#4413);
#1218=VERTEX_POINT('',#4415);
#1219=VERTEX_POINT('',#4417);
#1220=VERTEX_POINT('',#4419);
#1221=VERTEX_POINT('',#4421);
#1222=VERTEX_POINT('',#4423);
#1223=VERTEX_POINT('',#4427);
#1224=VERTEX_POINT('',#4428);
#1225=VERTEX_POINT('',#4430);
#1226=VERTEX_POINT('',#4432);
#1227=VERTEX_POINT('',#4437);
#1228=VERTEX_POINT('',#4439);
#1229=VERTEX_POINT('',#4441);
#1230=VERTEX_POINT('',#4443);
#1231=VERTEX_POINT('',#4446);
#1232=VERTEX_POINT('',#4449);
#1233=VERTEX_POINT('',#4450);
#1234=VERTEX_POINT('',#4452);
#1235=VERTEX_POINT('',#4454);
#1236=VERTEX_POINT('',#4458);
#1237=VERTEX_POINT('',#4460);
#1238=VERTEX_POINT('',#4464);
#1239=VERTEX_POINT('',#4466);
#1240=VERTEX_POINT('',#4470);
#1241=VERTEX_POINT('',#4471);
#1242=VERTEX_POINT('',#4473);
#1243=VERTEX_POINT('',#4475);
#1244=VERTEX_POINT('',#4479);
#1245=VERTEX_POINT('',#4481);
#1246=VERTEX_POINT('',#4485);
#1247=VERTEX_POINT('',#4487);
#1248=VERTEX_POINT('',#4495);
#1249=VERTEX_POINT('',#4496);
#1250=VERTEX_POINT('',#4498);
#1251=VERTEX_POINT('',#4500);
#1252=VERTEX_POINT('',#4504);
#1253=VERTEX_POINT('',#4506);
#1254=VERTEX_POINT('',#4510);
#1255=VERTEX_POINT('',#4512);
#1256=VERTEX_POINT('',#4520);
#1257=VERTEX_POINT('',#4522);
#1258=VERTEX_POINT('',#4524);
#1259=VERTEX_POINT('',#4526);
#1260=VERTEX_POINT('',#4530);
#1261=VERTEX_POINT('',#4532);
#1262=VERTEX_POINT('',#4534);
#1263=VERTEX_POINT('',#4536);
#1264=VERTEX_POINT('',#4538);
#1265=VERTEX_POINT('',#4542);
#1266=VERTEX_POINT('',#4544);
#1267=VERTEX_POINT('',#4546);
#1268=VERTEX_POINT('',#4548);
#1269=VERTEX_POINT('',#4552);
#1270=VERTEX_POINT('',#4553);
#1271=VERTEX_POINT('',#4555);
#1272=VERTEX_POINT('',#4557);
#1273=VERTEX_POINT('',#4559);
#1274=VERTEX_POINT('',#4578);
#1275=VERTEX_POINT('',#4580);
#1276=VERTEX_POINT('',#4582);
#1277=VERTEX_POINT('',#4584);
#1278=VERTEX_POINT('',#4586);
#1279=VERTEX_POINT('',#4588);
#1280=VERTEX_POINT('',#4592);
#1281=VERTEX_POINT('',#4593);
#1282=VERTEX_POINT('',#4610);
#1283=VERTEX_POINT('',#4612);
#1284=VERTEX_POINT('',#4614);
#1285=VERTEX_POINT('',#4618);
#1286=VERTEX_POINT('',#4620);
#1287=VERTEX_POINT('',#4624);
#1288=VERTEX_POINT('',#4626);
#1289=VERTEX_POINT('',#4628);
#1290=VERTEX_POINT('',#4630);
#1291=VERTEX_POINT('',#4632);
#1292=VERTEX_POINT('',#4634);
#1293=VERTEX_POINT('',#4636);
#1294=VERTEX_POINT('',#4640);
#1295=VERTEX_POINT('',#4641);
#1296=VERTEX_POINT('',#4643);
#1297=VERTEX_POINT('',#4645);
#1298=VERTEX_POINT('',#4650);
#1299=VERTEX_POINT('',#4652);
#1300=VERTEX_POINT('',#4654);
#1301=VERTEX_POINT('',#4656);
#1302=VERTEX_POINT('',#4658);
#1303=VERTEX_POINT('',#4660);
#1304=VERTEX_POINT('',#4669);
#1305=VERTEX_POINT('',#4671);
#1306=VERTEX_POINT('',#4673);
#1307=VERTEX_POINT('',#4675);
#1308=VERTEX_POINT('',#4681);
#1309=VERTEX_POINT('',#4683);
#1310=VERTEX_POINT('',#4687);
#1311=VERTEX_POINT('',#4689);
#1312=VERTEX_POINT('',#4691);
#1313=VERTEX_POINT('',#4696);
#1314=VERTEX_POINT('',#4698);
#1315=VERTEX_POINT('',#4700);
#1316=VERTEX_POINT('',#4704);
#1317=VERTEX_POINT('',#4706);
#1318=VERTEX_POINT('',#4708);
#1319=VERTEX_POINT('',#4710);
#1320=VERTEX_POINT('',#4712);
#1321=VERTEX_POINT('',#4714);
#1322=VERTEX_POINT('',#4723);
#1323=VERTEX_POINT('',#4725);
#1324=VERTEX_POINT('',#4727);
#1325=VERTEX_POINT('',#4731);
#1326=VERTEX_POINT('',#4733);
#1327=VERTEX_POINT('',#4735);
#1328=VERTEX_POINT('',#4741);
#1329=VERTEX_POINT('',#4743);
#1330=VERTEX_POINT('',#4747);
#1331=VERTEX_POINT('',#4748);
#1332=VERTEX_POINT('',#4750);
#1333=VERTEX_POINT('',#4752);
#1334=VERTEX_POINT('',#4756);
#1335=VERTEX_POINT('',#4760);
#1336=VERTEX_POINT('',#4762);
#1337=VERTEX_POINT('',#4764);
#1338=VERTEX_POINT('',#4766);
#1339=VERTEX_POINT('',#4770);
#1340=VERTEX_POINT('',#4775);
#1341=VERTEX_POINT('',#4778);
#1342=VERTEX_POINT('',#4782);
#1343=VERTEX_POINT('',#4784);
#1344=VERTEX_POINT('',#4788);
#1345=VERTEX_POINT('',#4790);
#1346=VERTEX_POINT('',#4794);
#1347=VERTEX_POINT('',#4797);
#1348=VERTEX_POINT('',#4808);
#1349=VERTEX_POINT('',#4820);
#1350=VERTEX_POINT('',#4831);
#1351=VERTEX_POINT('',#4843);
#1352=VERTEX_POINT('',#4844);
#1353=VERTEX_POINT('',#4857);
#1354=VERTEX_POINT('',#4859);
#1355=VERTEX_POINT('',#4874);
#1356=VERTEX_POINT('',#4876);
#1357=VERTEX_POINT('',#4889);
#1358=VERTEX_POINT('',#4891);
#1359=VERTEX_POINT('',#4908);
#1360=VERTEX_POINT('',#4912);
#1361=VERTEX_POINT('',#4914);
#1362=VERTEX_POINT('',#4916);
#1363=VERTEX_POINT('',#4922);
#1364=VERTEX_POINT('',#4924);
#1365=VERTEX_POINT('',#4933);
#1366=VERTEX_POINT('',#4946);
#1367=VERTEX_POINT('',#4950);
#1368=VERTEX_POINT('',#4952);
#1369=VERTEX_POINT('',#4970);
#1370=VERTEX_POINT('',#4974);
#1371=VERTEX_POINT('',#4988);
#1372=VERTEX_POINT('',#4999);
#1373=VERTEX_POINT('',#5001);
#1374=VERTEX_POINT('',#5028);
#1375=VERTEX_POINT('',#5030);
#1376=VERTEX_POINT('',#5032);
#1377=VERTEX_POINT('',#5039);
#1378=VERTEX_POINT('',#5041);
#1379=VERTEX_POINT('',#5050);
#1380=VERTEX_POINT('',#5056);
#1381=VERTEX_POINT('',#5058);
#1382=VERTEX_POINT('',#5060);
#1383=VERTEX_POINT('',#5062);
#1384=VERTEX_POINT('',#5064);
#1385=VERTEX_POINT('',#5066);
#1386=VERTEX_POINT('',#5068);
#1387=VERTEX_POINT('',#5070);
#1388=VERTEX_POINT('',#5072);
#1389=VERTEX_POINT('',#5074);
#1390=VERTEX_POINT('',#5077);
#1391=VERTEX_POINT('',#5080);
#1392=VERTEX_POINT('',#5082);
#1393=VERTEX_POINT('',#5084);
#1394=VERTEX_POINT('',#5086);
#1395=VERTEX_POINT('',#5090);
#1396=VERTEX_POINT('',#5094);
#1397=VERTEX_POINT('',#5096);
#1398=VERTEX_POINT('',#5100);
#1399=VERTEX_POINT('',#5102);
#1400=VERTEX_POINT('',#5106);
#1401=VERTEX_POINT('',#5118);
#1402=VERTEX_POINT('',#5120);
#1403=VERTEX_POINT('',#5122);
#1404=VERTEX_POINT('',#5124);
#1405=VERTEX_POINT('',#5130);
#1406=VERTEX_POINT('',#5131);
#1407=VERTEX_POINT('',#5136);
#1408=VERTEX_POINT('',#5140);
#1409=VERTEX_POINT('',#5147);
#1410=VERTEX_POINT('',#5151);
#1411=VERTEX_POINT('',#5155);
#1412=VERTEX_POINT('',#5159);
#1413=VERTEX_POINT('',#5160);
#1414=VERTEX_POINT('',#5169);
#1415=VERTEX_POINT('',#5179);
#1416=VERTEX_POINT('',#5190);
#1417=VERTEX_POINT('',#5201);
#1418=VERTEX_POINT('',#5203);
#1419=VERTEX_POINT('',#5217);
#1420=VERTEX_POINT('',#5219);
#1421=VERTEX_POINT('',#5232);
#1422=VERTEX_POINT('',#5246);
#1423=VERTEX_POINT('',#5248);
#1424=VERTEX_POINT('',#5261);
#1425=VERTEX_POINT('',#5273);
#1426=VERTEX_POINT('',#5275);
#1427=VERTEX_POINT('',#5287);
#1428=VERTEX_POINT('',#5289);
#1429=VERTEX_POINT('',#5292);
#1430=VERTEX_POINT('',#5305);
#1431=VERTEX_POINT('',#5314);
#1432=VERTEX_POINT('',#5316);
#1433=VERTEX_POINT('',#5334);
#1434=VERTEX_POINT('',#5346);
#1435=VERTEX_POINT('',#5347);
#1436=VERTEX_POINT('',#5356);
#1437=VERTEX_POINT('',#5357);
#1438=VERTEX_POINT('',#5370);
#1439=VERTEX_POINT('',#5378);
#1440=VERTEX_POINT('',#5379);
#1441=VERTEX_POINT('',#5386);
#1442=VERTEX_POINT('',#5388);
#1443=VERTEX_POINT('',#5390);
#1444=VERTEX_POINT('',#5392);
#1445=VERTEX_POINT('',#5412);
#1446=VERTEX_POINT('',#5413);
#1447=VERTEX_POINT('',#5420);
#1448=VERTEX_POINT('',#5428);
#1449=VERTEX_POINT('',#5434);
#1450=VERTEX_POINT('',#5436);
#1451=VERTEX_POINT('',#5440);
#1452=VERTEX_POINT('',#5442);
#1453=VERTEX_POINT('',#5444);
#1454=VERTEX_POINT('',#5446);
#1455=VERTEX_POINT('',#5448);
#1456=VERTEX_POINT('',#5450);
#1457=VERTEX_POINT('',#5452);
#1458=VERTEX_POINT('',#5454);
#1459=VERTEX_POINT('',#5456);
#1460=VERTEX_POINT('',#5458);
#1461=VERTEX_POINT('',#5461);
#1462=VERTEX_POINT('',#5463);
#1463=VERTEX_POINT('',#5465);
#1464=VERTEX_POINT('',#5467);
#1465=VERTEX_POINT('',#5472);
#1466=VERTEX_POINT('',#5476);
#1467=VERTEX_POINT('',#5482);
#1468=VERTEX_POINT('',#5484);
#1469=VERTEX_POINT('',#5487);
#1470=VERTEX_POINT('',#5489);
#1471=VERTEX_POINT('',#5494);
#1472=VERTEX_POINT('',#5496);
#1473=VERTEX_POINT('',#5500);
#1474=VERTEX_POINT('',#5504);
#1475=VERTEX_POINT('',#5505);
#1476=VERTEX_POINT('',#5510);
#1477=VERTEX_POINT('',#5514);
#1478=VERTEX_POINT('',#5516);
#1479=VERTEX_POINT('',#5525);
#1480=VERTEX_POINT('',#5538);
#1481=VERTEX_POINT('',#5540);
#1482=VERTEX_POINT('',#5564);
#1483=VERTEX_POINT('',#5568);
#1484=VERTEX_POINT('',#5580);
#1485=VERTEX_POINT('',#5582);
#1486=VERTEX_POINT('',#5584);
#1487=VERTEX_POINT('',#5622);
#1488=VERTEX_POINT('',#5639);
#1489=VERTEX_POINT('',#5641);
#1490=VERTEX_POINT('',#5643);
#1491=VERTEX_POINT('',#5645);
#1492=VERTEX_POINT('',#5650);
#1493=VERTEX_POINT('',#5651);
#1494=VERTEX_POINT('',#5656);
#1495=VERTEX_POINT('',#5660);
#1496=VERTEX_POINT('',#5661);
#1497=VERTEX_POINT('',#5666);
#1498=VERTEX_POINT('',#5670);
#1499=VERTEX_POINT('',#5671);
#1500=VERTEX_POINT('',#5676);
#1501=VERTEX_POINT('',#5680);
#1502=VERTEX_POINT('',#5681);
#1503=VERTEX_POINT('',#5686);
#1504=VERTEX_POINT('',#5690);
#1505=VERTEX_POINT('',#5693);
#1506=VERTEX_POINT('',#5696);
#1507=VERTEX_POINT('',#5699);
#1508=EDGE_CURVE('',#1204,#1205,#1051,.T.);
#1509=EDGE_CURVE('',#1205,#1206,#527,.T.);
#1510=EDGE_CURVE('',#1206,#1207,#1052,.T.);
#1511=EDGE_CURVE('',#1207,#1204,#528,.T.);
#1512=EDGE_CURVE('',#1208,#1205,#529,.T.);
#1513=EDGE_CURVE('',#1209,#1208,#530,.T.);
#1514=EDGE_CURVE('',#1206,#1209,#531,.T.);
#1515=EDGE_CURVE('',#1208,#1210,#1053,.T.);
#1516=EDGE_CURVE('',#1210,#1211,#532,.T.);
#1517=EDGE_CURVE('',#1211,#1209,#1054,.T.);
#1518=EDGE_CURVE('',#1212,#1210,#533,.T.);
#1519=EDGE_CURVE('',#1213,#1212,#534,.T.);
#1520=EDGE_CURVE('',#1214,#1213,#535,.T.);
#1521=EDGE_CURVE('',#1215,#1214,#536,.T.);
#1522=EDGE_CURVE('',#1211,#1215,#537,.T.);
#1523=EDGE_CURVE('',#1216,#1207,#538,.T.);
#1524=EDGE_CURVE('',#1215,#1217,#1055,.T.);
#1525=EDGE_CURVE('',#1218,#1217,#539,.T.);
#1526=EDGE_CURVE('',#1219,#1218,#540,.T.);
#1527=EDGE_CURVE('',#1220,#1219,#541,.T.);
#1528=EDGE_CURVE('',#1221,#1220,#542,.T.);
#1529=EDGE_CURVE('',#1222,#1221,#543,.T.);
#1530=EDGE_CURVE('',#1216,#1222,#1056,.F.);
#1531=EDGE_CURVE('',#1223,#1224,#1057,.T.);
#1532=EDGE_CURVE('',#1224,#1225,#544,.T.);
#1533=EDGE_CURVE('',#1225,#1226,#1058,.T.);
#1534=EDGE_CURVE('',#1226,#1223,#545,.T.);
#1535=EDGE_CURVE('',#1224,#1219,#546,.T.);
#1536=EDGE_CURVE('',#1227,#1218,#547,.T.);
#1537=EDGE_CURVE('',#1227,#1228,#548,.T.);
#1538=EDGE_CURVE('',#1229,#1228,#549,.T.);
#1539=EDGE_CURVE('',#1230,#1229,#550,.T.);
#1540=EDGE_CURVE('',#1225,#1230,#551,.T.);
#1541=EDGE_CURVE('',#1231,#1231,#1059,.T.);
#1542=EDGE_CURVE('',#1232,#1233,#1060,.T.);
#1543=EDGE_CURVE('',#1233,#1234,#552,.T.);
#1544=EDGE_CURVE('',#1234,#1235,#1061,.T.);
#1545=EDGE_CURVE('',#1235,#1232,#553,.T.);
#1546=EDGE_CURVE('',#1236,#1233,#554,.T.);
#1547=EDGE_CURVE('',#1237,#1236,#555,.T.);
#1548=EDGE_CURVE('',#1234,#1237,#556,.T.);
#1549=EDGE_CURVE('',#1238,#1226,#557,.T.);
#1550=EDGE_CURVE('',#1239,#1238,#558,.T.);
#1551=EDGE_CURVE('',#1223,#1239,#559,.T.);
#1552=EDGE_CURVE('',#1240,#1241,#560,.T.);
#1553=EDGE_CURVE('',#1240,#1242,#561,.T.);
#1554=EDGE_CURVE('',#1242,#1243,#562,.T.);
#1555=EDGE_CURVE('',#1241,#1243,#563,.T.);
#1556=EDGE_CURVE('',#1241,#1244,#564,.T.);
#1557=EDGE_CURVE('',#1243,#1245,#565,.T.);
#1558=EDGE_CURVE('',#1244,#1245,#566,.T.);
#1559=EDGE_CURVE('',#1244,#1246,#567,.T.);
#1560=EDGE_CURVE('',#1245,#1247,#568,.T.);
#1561=EDGE_CURVE('',#1246,#1247,#569,.T.);
#1562=EDGE_CURVE('',#1246,#1240,#570,.T.);
#1563=EDGE_CURVE('',#1247,#1242,#571,.T.);
#1564=EDGE_CURVE('',#1248,#1249,#572,.T.);
#1565=EDGE_CURVE('',#1248,#1250,#573,.T.);
#1566=EDGE_CURVE('',#1250,#1251,#574,.T.);
#1567=EDGE_CURVE('',#1249,#1251,#575,.T.);
#1568=EDGE_CURVE('',#1252,#1248,#576,.T.);
#1569=EDGE_CURVE('',#1252,#1253,#577,.T.);
#1570=EDGE_CURVE('',#1253,#1250,#578,.T.);
#1571=EDGE_CURVE('',#1249,#1254,#579,.T.);
#1572=EDGE_CURVE('',#1251,#1255,#580,.T.);
#1573=EDGE_CURVE('',#1254,#1255,#581,.T.);
#1574=EDGE_CURVE('',#1254,#1252,#582,.T.);
#1575=EDGE_CURVE('',#1255,#1253,#583,.T.);
#1576=EDGE_CURVE('',#1256,#1238,#584,.T.);
#1577=EDGE_CURVE('',#1256,#1257,#1062,.F.);
#1578=EDGE_CURVE('',#1257,#1258,#585,.T.);
#1579=EDGE_CURVE('',#1259,#1258,#586,.T.);
#1580=EDGE_CURVE('',#1259,#1239,#587,.T.);
#1581=EDGE_CURVE('',#1260,#1230,#588,.T.);
#1582=EDGE_CURVE('',#1261,#1260,#1063,.T.);
#1583=EDGE_CURVE('',#1262,#1261,#589,.T.);
#1584=EDGE_CURVE('',#1262,#1263,#590,.T.);
#1585=EDGE_CURVE('',#1264,#1263,#591,.T.);
#1586=EDGE_CURVE('',#1256,#1264,#592,.T.);
#1587=EDGE_CURVE('',#1265,#1235,#593,.T.);
#1588=EDGE_CURVE('',#1266,#1237,#594,.T.);
#1589=EDGE_CURVE('',#1267,#1266,#595,.T.);
#1590=EDGE_CURVE('',#1268,#1267,#596,.T.);
#1591=EDGE_CURVE('',#1265,#1268,#597,.T.);
#1592=EDGE_CURVE('',#1269,#1270,#1064,.T.);
#1593=EDGE_CURVE('',#1270,#1271,#598,.T.);
#1594=EDGE_CURVE('',#1271,#1272,#1065,.T.);
#1595=EDGE_CURVE('',#1272,#1273,#599,.T.);
#1596=EDGE_CURVE('',#1273,#1269,#38,.T.);
#1597=EDGE_CURVE('',#1272,#1274,#600,.T.);
#1598=EDGE_CURVE('',#1274,#1275,#601,.T.);
#1599=EDGE_CURVE('',#1276,#1275,#602,.T.);
#1600=EDGE_CURVE('',#1277,#1276,#603,.T.);
#1601=EDGE_CURVE('',#1277,#1278,#604,.F.);
#1602=EDGE_CURVE('',#1279,#1278,#605,.T.);
#1603=EDGE_CURVE('',#1273,#1279,#606,.T.);
#1604=EDGE_CURVE('',#1280,#1281,#39,.F.);
#1605=EDGE_CURVE('',#1280,#1282,#607,.T.);
#1606=EDGE_CURVE('',#1282,#1283,#1066,.T.);
#1607=EDGE_CURVE('',#1283,#1284,#608,.T.);
#1608=EDGE_CURVE('',#1281,#1284,#1067,.F.);
#1609=EDGE_CURVE('',#1285,#1283,#609,.T.);
#1610=EDGE_CURVE('',#1286,#1285,#610,.T.);
#1611=EDGE_CURVE('',#1284,#1286,#611,.T.);
#1612=EDGE_CURVE('',#1287,#1287,#1068,.T.);
#1613=EDGE_CURVE('',#1288,#1278,#1069,.T.);
#1614=EDGE_CURVE('',#1288,#1289,#1070,.T.);
#1615=EDGE_CURVE('',#1289,#1290,#1071,.F.);
#1616=EDGE_CURVE('',#1290,#1291,#612,.T.);
#1617=EDGE_CURVE('',#1292,#1291,#1072,.T.);
#1618=EDGE_CURVE('',#1293,#1292,#1073,.T.);
#1619=EDGE_CURVE('',#1279,#1293,#1074,.T.);
#1620=EDGE_CURVE('',#1294,#1295,#1075,.T.);
#1621=EDGE_CURVE('',#1295,#1296,#613,.T.);
#1622=EDGE_CURVE('',#1296,#1297,#1076,.T.);
#1623=EDGE_CURVE('',#1297,#1294,#614,.T.);
#1624=EDGE_CURVE('',#1294,#1270,#615,.T.);
#1625=EDGE_CURVE('',#1269,#1298,#616,.F.);
#1626=EDGE_CURVE('',#1299,#1298,#617,.T.);
#1627=EDGE_CURVE('',#1299,#1300,#618,.T.);
#1628=EDGE_CURVE('',#1301,#1300,#619,.T.);
#1629=EDGE_CURVE('',#1302,#1301,#620,.T.);
#1630=EDGE_CURVE('',#1303,#1302,#40,.T.);
#1631=EDGE_CURVE('',#1303,#1304,#621,.T.);
#1632=EDGE_CURVE('',#1305,#1304,#622,.T.);
#1633=EDGE_CURVE('',#1306,#1305,#623,.T.);
#1634=EDGE_CURVE('',#1307,#1306,#624,.T.);
#1635=EDGE_CURVE('',#1295,#1307,#625,.T.);
#1636=EDGE_CURVE('',#1271,#1297,#626,.T.);
#1637=EDGE_CURVE('',#1285,#1308,#1077,.T.);
#1638=EDGE_CURVE('',#1308,#1309,#627,.T.);
#1639=EDGE_CURVE('',#1309,#1286,#1078,.T.);
#1640=EDGE_CURVE('',#1282,#1310,#628,.T.);
#1641=EDGE_CURVE('',#1310,#1311,#629,.T.);
#1642=EDGE_CURVE('',#1312,#1311,#630,.T.);
#1643=EDGE_CURVE('',#1308,#1312,#631,.T.);
#1644=EDGE_CURVE('',#1291,#1280,#632,.T.);
#1645=EDGE_CURVE('',#1281,#1313,#633,.T.);
#1646=EDGE_CURVE('',#1314,#1313,#29,.T.);
#1647=EDGE_CURVE('',#1314,#1315,#1079,.T.);
#1648=EDGE_CURVE('',#1315,#1292,#634,.T.);
#1649=EDGE_CURVE('',#1309,#1316,#635,.T.);
#1650=EDGE_CURVE('',#1317,#1316,#636,.T.);
#1651=EDGE_CURVE('',#1317,#1318,#637,.T.);
#1652=EDGE_CURVE('',#1319,#1318,#638,.T.);
#1653=EDGE_CURVE('',#1320,#1319,#639,.T.);
#1654=EDGE_CURVE('',#1320,#1321,#41,.F.);
#1655=EDGE_CURVE('',#1322,#1321,#640,.T.);
#1656=EDGE_CURVE('',#1323,#1322,#641,.T.);
#1657=EDGE_CURVE('',#1323,#1324,#642,.T.);
#1658=EDGE_CURVE('',#1313,#1324,#643,.T.);
#1659=EDGE_CURVE('',#1296,#1325,#644,.T.);
#1660=EDGE_CURVE('',#1325,#1326,#1080,.F.);
#1661=EDGE_CURVE('',#1326,#1327,#645,.T.);
#1662=EDGE_CURVE('',#1327,#1274,#646,.T.);
#1663=EDGE_CURVE('',#1325,#1307,#647,.T.);
#1664=EDGE_CURVE('',#1328,#1227,#648,.T.);
#1665=EDGE_CURVE('',#1329,#1328,#649,.T.);
#1666=EDGE_CURVE('',#1228,#1329,#650,.T.);
#1667=EDGE_CURVE('',#1330,#1331,#651,.T.);
#1668=EDGE_CURVE('',#1330,#1332,#652,.T.);
#1669=EDGE_CURVE('',#1333,#1332,#653,.T.);
#1670=EDGE_CURVE('',#1331,#1333,#654,.T.);
#1671=EDGE_CURVE('',#1334,#1217,#655,.T.);
#1672=EDGE_CURVE('',#1334,#1328,#656,.T.);
#1673=EDGE_CURVE('',#1229,#1335,#657,.T.);
#1674=EDGE_CURVE('',#1335,#1336,#1081,.T.);
#1675=EDGE_CURVE('',#1336,#1337,#658,.T.);
#1676=EDGE_CURVE('',#1338,#1337,#659,.T.);
#1677=EDGE_CURVE('',#1260,#1338,#660,.T.);
#1678=EDGE_CURVE('',#1339,#1265,#661,.T.);
#1679=EDGE_CURVE('',#1332,#1339,#662,.T.);
#1680=EDGE_CURVE('',#1330,#1221,#663,.T.);
#1681=EDGE_CURVE('',#1220,#1232,#664,.T.);
#1682=EDGE_CURVE('',#1340,#1340,#1082,.T.);
#1683=EDGE_CURVE('',#1341,#1331,#665,.T.);
#1684=EDGE_CURVE('',#1222,#1341,#666,.T.);
#1685=EDGE_CURVE('',#1342,#1333,#667,.T.);
#1686=EDGE_CURVE('',#1343,#1342,#1083,.T.);
#1687=EDGE_CURVE('',#1341,#1343,#668,.T.);
#1688=EDGE_CURVE('',#1344,#1339,#669,.T.);
#1689=EDGE_CURVE('',#1345,#1344,#670,.T.);
#1690=EDGE_CURVE('',#1342,#1345,#671,.T.);
#1691=EDGE_CURVE('',#1287,#1346,#672,.T.);
#1692=EDGE_CURVE('',#1346,#1346,#1084,.T.);
#1693=EDGE_CURVE('',#1347,#1323,#42,.T.);
#1694=EDGE_CURVE('',#1348,#1347,#1085,.T.);
#1695=EDGE_CURVE('',#1300,#1348,#43,.T.);
#1696=EDGE_CURVE('',#1349,#1299,#44,.T.);
#1697=EDGE_CURVE('',#1350,#1349,#1086,.T.);
#1698=EDGE_CURVE('',#1324,#1350,#45,.T.);
#1699=EDGE_CURVE('',#1351,#1352,#46,.T.);
#1700=EDGE_CURVE('',#1353,#1351,#1087,.T.);
#1701=EDGE_CURVE('',#1354,#1353,#47,.T.);
#1702=EDGE_CURVE('',#1355,#1354,#673,.T.);
#1703=EDGE_CURVE('',#1356,#1355,#48,.T.);
#1704=EDGE_CURVE('',#1357,#1356,#1088,.T.);
#1705=EDGE_CURVE('',#1358,#1357,#49,.T.);
#1706=EDGE_CURVE('',#1352,#1358,#674,.T.);
#1707=EDGE_CURVE('',#1348,#1359,#675,.T.);
#1708=EDGE_CURVE('',#1359,#1301,#30,.T.);
#1709=EDGE_CURVE('',#1360,#1347,#676,.T.);
#1710=EDGE_CURVE('',#1361,#1360,#1089,.T.);
#1711=EDGE_CURVE('',#1361,#1362,#1090,.T.);
#1712=EDGE_CURVE('',#1359,#1362,#1091,.T.);
#1713=EDGE_CURVE('',#1322,#1360,#31,.T.);
#1714=EDGE_CURVE('',#1355,#1363,#1092,.T.);
#1715=EDGE_CURVE('',#1363,#1364,#50,.T.);
#1716=EDGE_CURVE('',#1364,#1365,#51,.T.);
#1717=EDGE_CURVE('',#1365,#1356,#1093,.T.);
#1718=EDGE_CURVE('',#1366,#1354,#1094,.T.);
#1719=EDGE_CURVE('',#1363,#1366,#677,.T.);
#1720=EDGE_CURVE('',#1353,#1367,#1095,.T.);
#1721=EDGE_CURVE('',#1368,#1367,#52,.F.);
#1722=EDGE_CURVE('',#1366,#1368,#53,.F.);
#1723=EDGE_CURVE('',#1369,#1351,#1096,.T.);
#1724=EDGE_CURVE('',#1367,#1369,#1097,.T.);
#1725=EDGE_CURVE('',#1317,#1370,#54,.F.);
#1726=EDGE_CURVE('',#1316,#1338,#32,.T.);
#1727=EDGE_CURVE('',#1370,#1337,#1098,.F.);
#1728=EDGE_CURVE('',#1306,#1371,#55,.T.);
#1729=EDGE_CURVE('',#1371,#1372,#1099,.T.);
#1730=EDGE_CURVE('',#1372,#1373,#678,.T.);
#1731=EDGE_CURVE('',#1373,#1307,#33,.T.);
#1732=EDGE_CURVE('',#1373,#1268,#679,.T.);
#1733=EDGE_CURVE('',#1268,#1326,#34,.T.);
#1734=EDGE_CURVE('',#1262,#1311,#1100,.T.);
#1735=EDGE_CURVE('',#1312,#1261,#56,.F.);
#1736=EDGE_CURVE('',#1374,#1310,#680,.T.);
#1737=EDGE_CURVE('',#1375,#1374,#681,.T.);
#1738=EDGE_CURVE('',#1375,#1376,#682,.T.);
#1739=EDGE_CURVE('',#1263,#1376,#1101,.T.);
#1740=EDGE_CURVE('',#1316,#1312,#683,.T.);
#1741=EDGE_CURVE('',#1264,#1377,#1102,.T.);
#1742=EDGE_CURVE('',#1377,#1378,#684,.T.);
#1743=EDGE_CURVE('',#1378,#1257,#57,.T.);
#1744=EDGE_CURVE('',#1376,#1379,#685,.T.);
#1745=EDGE_CURVE('',#1379,#1264,#1103,.T.);
#1746=EDGE_CURVE('',#1379,#1377,#1104,.T.);
#1747=EDGE_CURVE('',#1380,#1377,#686,.T.);
#1748=EDGE_CURVE('',#1381,#1380,#687,.T.);
#1749=EDGE_CURVE('',#1381,#1382,#1105,.T.);
#1750=EDGE_CURVE('',#1382,#1383,#1106,.T.);
#1751=EDGE_CURVE('',#1383,#1384,#1107,.T.);
#1752=EDGE_CURVE('',#1385,#1384,#688,.T.);
#1753=EDGE_CURVE('',#1386,#1385,#689,.T.);
#1754=EDGE_CURVE('',#1387,#1386,#690,.T.);
#1755=EDGE_CURVE('',#1387,#1388,#1108,.T.);
#1756=EDGE_CURVE('',#1388,#1389,#691,.T.);
#1757=EDGE_CURVE('',#1389,#1378,#1109,.T.);
#1758=EDGE_CURVE('',#1390,#1390,#1110,.T.);
#1759=EDGE_CURVE('',#1258,#1391,#1111,.T.);
#1760=EDGE_CURVE('',#1391,#1392,#692,.T.);
#1761=EDGE_CURVE('',#1392,#1393,#1112,.T.);
#1762=EDGE_CURVE('',#1393,#1394,#693,.T.);
#1763=EDGE_CURVE('',#1394,#1259,#694,.T.);
#1764=EDGE_CURVE('',#1379,#1395,#695,.T.);
#1765=EDGE_CURVE('',#1380,#1395,#35,.T.);
#1766=EDGE_CURVE('',#1396,#1375,#696,.T.);
#1767=EDGE_CURVE('',#1397,#1396,#697,.T.);
#1768=EDGE_CURVE('',#1395,#1397,#698,.T.);
#1769=EDGE_CURVE('',#1267,#1398,#1113,.T.);
#1770=EDGE_CURVE('',#1398,#1399,#699,.T.);
#1771=EDGE_CURVE('',#1399,#1327,#1114,.T.);
#1772=EDGE_CURVE('',#1387,#1400,#58,.F.);
#1773=EDGE_CURVE('',#1386,#1267,#1115,.T.);
#1774=EDGE_CURVE('',#1266,#1400,#1116,.T.);
#1775=EDGE_CURVE('',#1386,#1398,#1117,.T.);
#1776=EDGE_CURVE('',#1401,#1398,#700,.T.);
#1777=EDGE_CURVE('',#1402,#1401,#701,.T.);
#1778=EDGE_CURVE('',#1403,#1402,#702,.T.);
#1779=EDGE_CURVE('',#1404,#1403,#703,.T.);
#1780=EDGE_CURVE('',#1399,#1404,#704,.T.);
#1781=EDGE_CURVE('',#1401,#1385,#36,.T.);
#1782=EDGE_CURVE('',#1405,#1406,#705,.T.);
#1783=EDGE_CURVE('',#1405,#1389,#706,.T.);
#1784=EDGE_CURVE('',#1406,#1388,#707,.T.);
#1785=EDGE_CURVE('',#1407,#1405,#1118,.T.);
#1786=EDGE_CURVE('',#1407,#1391,#708,.T.);
#1787=EDGE_CURVE('',#1408,#1407,#709,.T.);
#1788=EDGE_CURVE('',#1408,#1392,#710,.T.);
#1789=EDGE_CURVE('',#1406,#1408,#1119,.T.);
#1790=EDGE_CURVE('',#1400,#1393,#711,.F.);
#1791=EDGE_CURVE('',#1409,#1409,#1120,.T.);
#1792=EDGE_CURVE('',#1409,#1231,#712,.T.);
#1793=EDGE_CURVE('',#1340,#1410,#713,.T.);
#1794=EDGE_CURVE('',#1410,#1410,#1121,.T.);
#1795=EDGE_CURVE('',#1372,#1411,#714,.T.);
#1796=EDGE_CURVE('',#1411,#1344,#1122,.T.);
#1797=EDGE_CURVE('',#1412,#1413,#59,.F.);
#1798=EDGE_CURVE('',#1412,#1414,#1123,.T.);
#1799=EDGE_CURVE('',#1414,#1321,#60,.T.);
#1800=EDGE_CURVE('',#1320,#1415,#1124,.T.);
#1801=EDGE_CURVE('',#1415,#1413,#61,.T.);
#1802=EDGE_CURVE('',#1416,#1319,#62,.T.);
#1803=EDGE_CURVE('',#1417,#1416,#1125,.T.);
#1804=EDGE_CURVE('',#1418,#1417,#63,.T.);
#1805=EDGE_CURVE('',#1418,#1336,#715,.T.);
#1806=EDGE_CURVE('',#1419,#1335,#716,.T.);
#1807=EDGE_CURVE('',#1420,#1419,#64,.T.);
#1808=EDGE_CURVE('',#1421,#1420,#1126,.T.);
#1809=EDGE_CURVE('',#1345,#1421,#65,.T.);
#1810=EDGE_CURVE('',#1422,#1411,#717,.T.);
#1811=EDGE_CURVE('',#1423,#1422,#66,.T.);
#1812=EDGE_CURVE('',#1424,#1423,#1127,.T.);
#1813=EDGE_CURVE('',#1304,#1424,#67,.T.);
#1814=EDGE_CURVE('',#1425,#1303,#1128,.T.);
#1815=EDGE_CURVE('',#1425,#1426,#718,.T.);
#1816=EDGE_CURVE('',#1384,#1426,#68,.T.);
#1817=EDGE_CURVE('',#1383,#1427,#719,.T.);
#1818=EDGE_CURVE('',#1428,#1427,#1129,.T.);
#1819=EDGE_CURVE('',#1428,#1382,#720,.T.);
#1820=EDGE_CURVE('',#1429,#1381,#69,.T.);
#1821=EDGE_CURVE('',#1415,#1429,#721,.T.);
#1822=EDGE_CURVE('',#1430,#1302,#70,.F.);
#1823=EDGE_CURVE('',#1430,#1431,#1130,.T.);
#1824=EDGE_CURVE('',#1431,#1432,#71,.T.);
#1825=EDGE_CURVE('',#1425,#1432,#72,.F.);
#1826=EDGE_CURVE('',#1433,#1318,#1131,.T.);
#1827=EDGE_CURVE('',#1370,#1433,#722,.T.);
#1828=EDGE_CURVE('',#1434,#1435,#1132,.T.);
#1829=EDGE_CURVE('',#1435,#1318,#1133,.T.);
#1830=EDGE_CURVE('',#1433,#1434,#1134,.T.);
#1831=EDGE_CURVE('',#1417,#1435,#723,.T.);
#1832=EDGE_CURVE('',#1434,#1418,#724,.T.);
#1833=EDGE_CURVE('',#1436,#1437,#1135,.T.);
#1834=EDGE_CURVE('',#1437,#1423,#725,.T.);
#1835=EDGE_CURVE('',#1422,#1436,#726,.T.);
#1836=EDGE_CURVE('',#1438,#1305,#1136,.T.);
#1837=EDGE_CURVE('',#1305,#1437,#1137,.T.);
#1838=EDGE_CURVE('',#1436,#1438,#1138,.T.);
#1839=EDGE_CURVE('',#1438,#1371,#727,.T.);
#1840=EDGE_CURVE('',#1439,#1440,#1139,.T.);
#1841=EDGE_CURVE('',#1440,#1420,#728,.T.);
#1842=EDGE_CURVE('',#1419,#1439,#729,.T.);
#1843=EDGE_CURVE('',#1440,#1334,#730,.T.);
#1844=EDGE_CURVE('',#1214,#1334,#1140,.T.);
#1845=EDGE_CURVE('',#1441,#1213,#1141,.T.);
#1846=EDGE_CURVE('',#1441,#1442,#731,.T.);
#1847=EDGE_CURVE('',#1443,#1442,#1142,.T.);
#1848=EDGE_CURVE('',#1443,#1444,#732,.T.);
#1849=EDGE_CURVE('',#1341,#1444,#1143,.T.);
#1850=EDGE_CURVE('',#1421,#1343,#733,.T.);
#1851=EDGE_CURVE('',#1439,#1329,#734,.T.);
#1852=EDGE_CURVE('',#1435,#1416,#735,.T.);
#1853=EDGE_CURVE('',#1394,#1236,#736,.T.);
#1854=EDGE_CURVE('',#1424,#1437,#737,.T.);
#1855=EDGE_CURVE('',#1444,#1216,#738,.T.);
#1856=EDGE_CURVE('',#1445,#1446,#1144,.T.);
#1857=EDGE_CURVE('',#1446,#1443,#739,.T.);
#1858=EDGE_CURVE('',#1442,#1445,#740,.T.);
#1859=EDGE_CURVE('',#1204,#1446,#741,.T.);
#1860=EDGE_CURVE('',#1212,#1447,#1145,.T.);
#1861=EDGE_CURVE('',#1447,#1441,#742,.T.);
#1862=EDGE_CURVE('',#1445,#1447,#743,.T.);
#1863=EDGE_CURVE('',#1427,#1428,#1146,.T.);
#1864=EDGE_CURVE('',#1448,#1448,#1147,.T.);
#1865=EDGE_CURVE('',#1448,#1390,#744,.T.);
#1866=EDGE_CURVE('',#1395,#1429,#745,.T.);
#1867=EDGE_CURVE('',#1449,#1397,#1148,.T.);
#1868=EDGE_CURVE('',#1449,#1450,#746,.T.);
#1869=EDGE_CURVE('',#1402,#1450,#1149,.T.);
#1870=EDGE_CURVE('',#1426,#1401,#747,.T.);
#1871=EDGE_CURVE('',#1451,#1432,#748,.F.);
#1872=EDGE_CURVE('',#1451,#1452,#1150,.F.);
#1873=EDGE_CURVE('',#1452,#1453,#749,.T.);
#1874=EDGE_CURVE('',#1454,#1453,#1151,.T.);
#1875=EDGE_CURVE('',#1455,#1454,#1152,.T.);
#1876=EDGE_CURVE('',#1455,#1456,#750,.T.);
#1877=EDGE_CURVE('',#1457,#1456,#1153,.T.);
#1878=EDGE_CURVE('',#1458,#1457,#1154,.T.);
#1879=EDGE_CURVE('',#1458,#1459,#751,.T.);
#1880=EDGE_CURVE('',#1460,#1459,#1155,.T.);
#1881=EDGE_CURVE('',#1413,#1460,#752,.T.);
#1882=EDGE_CURVE('',#1461,#1461,#1156,.T.);
#1883=EDGE_CURVE('',#1462,#1462,#1157,.T.);
#1884=EDGE_CURVE('',#1463,#1463,#1158,.T.);
#1885=EDGE_CURVE('',#1464,#1464,#1159,.T.);
#1886=EDGE_CURVE('',#1465,#1403,#1160,.T.);
#1887=EDGE_CURVE('',#1450,#1465,#753,.T.);
#1888=EDGE_CURVE('',#1396,#1466,#1161,.T.);
#1889=EDGE_CURVE('',#1466,#1449,#754,.T.);
#1890=EDGE_CURVE('',#1465,#1466,#755,.T.);
#1891=EDGE_CURVE('',#1467,#1412,#1162,.T.);
#1892=EDGE_CURVE('',#1467,#1468,#1163,.T.);
#1893=EDGE_CURVE('',#1431,#1468,#1164,.T.);
#1894=EDGE_CURVE('',#1469,#1430,#1165,.T.);
#1895=EDGE_CURVE('',#1470,#1469,#1166,.T.);
#1896=EDGE_CURVE('',#1414,#1470,#1167,.T.);
#1897=EDGE_CURVE('',#1454,#1471,#756,.T.);
#1898=EDGE_CURVE('',#1471,#1472,#1168,.T.);
#1899=EDGE_CURVE('',#1472,#1455,#757,.T.);
#1900=EDGE_CURVE('',#1453,#1473,#758,.T.);
#1901=EDGE_CURVE('',#1473,#1471,#1169,.T.);
#1902=EDGE_CURVE('',#1474,#1475,#1170,.T.);
#1903=EDGE_CURVE('',#1475,#1457,#759,.T.);
#1904=EDGE_CURVE('',#1456,#1474,#760,.T.);
#1905=EDGE_CURVE('',#1475,#1476,#1171,.T.);
#1906=EDGE_CURVE('',#1476,#1458,#761,.T.);
#1907=EDGE_CURVE('',#1357,#1477,#1172,.T.);
#1908=EDGE_CURVE('',#1478,#1477,#73,.F.);
#1909=EDGE_CURVE('',#1479,#1478,#74,.F.);
#1910=EDGE_CURVE('',#1479,#1358,#1173,.T.);
#1911=EDGE_CURVE('',#1477,#1365,#1174,.T.);
#1912=EDGE_CURVE('',#1352,#1480,#1175,.T.);
#1913=EDGE_CURVE('',#1480,#1481,#75,.T.);
#1914=EDGE_CURVE('',#1481,#1369,#76,.T.);
#1915=EDGE_CURVE('',#1479,#1480,#762,.F.);
#1916=EDGE_CURVE('',#1350,#1314,#763,.T.);
#1917=EDGE_CURVE('',#1298,#1482,#37,.T.);
#1918=EDGE_CURVE('',#1482,#1349,#764,.T.);
#1919=EDGE_CURVE('',#1483,#1482,#1176,.T.);
#1920=EDGE_CURVE('',#1483,#1315,#1177,.T.);
#1921=EDGE_CURVE('',#1470,#1361,#765,.T.);
#1922=EDGE_CURVE('',#1362,#1469,#766,.T.);
#1923=EDGE_CURVE('',#1293,#1483,#767,.T.);
#1924=EDGE_CURVE('',#1459,#1484,#768,.T.);
#1925=EDGE_CURVE('',#1484,#1485,#1178,.T.);
#1926=EDGE_CURVE('',#1485,#1486,#769,.T.);
#1927=EDGE_CURVE('',#1486,#1460,#77,.T.);
#1928=EDGE_CURVE('',#1486,#1290,#770,.T.);
#1929=EDGE_CURVE('',#1485,#1374,#771,.T.);
#1930=EDGE_CURVE('',#1277,#1451,#78,.F.);
#1931=EDGE_CURVE('',#1276,#1487,#1179,.T.);
#1932=EDGE_CURVE('',#1487,#1452,#772,.T.);
#1933=EDGE_CURVE('',#1473,#1487,#773,.T.);
#1934=EDGE_CURVE('',#1468,#1481,#774,.T.);
#1935=EDGE_CURVE('',#1478,#1288,#775,.F.);
#1936=EDGE_CURVE('',#1289,#1364,#776,.T.);
#1937=EDGE_CURVE('',#1368,#1467,#777,.T.);
#1938=EDGE_CURVE('',#1484,#1476,#778,.T.);
#1939=EDGE_CURVE('',#1474,#1472,#779,.T.);
#1940=EDGE_CURVE('',#1275,#1404,#780,.T.);
#1941=EDGE_CURVE('',#1488,#1488,#1180,.T.);
#1942=EDGE_CURVE('',#1489,#1489,#1181,.T.);
#1943=EDGE_CURVE('',#1490,#1490,#1182,.T.);
#1944=EDGE_CURVE('',#1491,#1491,#1183,.T.);
#1945=EDGE_CURVE('',#1492,#1493,#1184,.T.);
#1946=EDGE_CURVE('',#1493,#1464,#1185,.T.);
#1947=EDGE_CURVE('',#1493,#1492,#1186,.T.);
#1948=EDGE_CURVE('',#1494,#1494,#1187,.T.);
#1949=EDGE_CURVE('',#1494,#1492,#781,.T.);
#1950=EDGE_CURVE('',#1495,#1496,#1188,.T.);
#1951=EDGE_CURVE('',#1496,#1461,#1189,.T.);
#1952=EDGE_CURVE('',#1496,#1495,#1190,.T.);
#1953=EDGE_CURVE('',#1497,#1497,#1191,.T.);
#1954=EDGE_CURVE('',#1497,#1495,#782,.T.);
#1955=EDGE_CURVE('',#1498,#1499,#1192,.T.);
#1956=EDGE_CURVE('',#1499,#1463,#1193,.T.);
#1957=EDGE_CURVE('',#1499,#1498,#1194,.T.);
#1958=EDGE_CURVE('',#1500,#1500,#1195,.T.);
#1959=EDGE_CURVE('',#1500,#1498,#783,.T.);
#1960=EDGE_CURVE('',#1501,#1502,#1196,.T.);
#1961=EDGE_CURVE('',#1502,#1462,#1197,.T.);
#1962=EDGE_CURVE('',#1502,#1501,#1198,.T.);
#1963=EDGE_CURVE('',#1503,#1503,#1199,.T.);
#1964=EDGE_CURVE('',#1503,#1501,#784,.T.);
#1965=EDGE_CURVE('',#1504,#1504,#1200,.T.);
#1966=EDGE_CURVE('',#1505,#1505,#1201,.T.);
#1967=EDGE_CURVE('',#1506,#1506,#1202,.T.);
#1968=EDGE_CURVE('',#1507,#1507,#1203,.T.);
#1969=EDGE_CURVE('',#1507,#1488,#785,.T.);
#1970=EDGE_CURVE('',#1504,#1489,#786,.T.);
#1971=EDGE_CURVE('',#1505,#1490,#787,.T.);
#1972=EDGE_CURVE('',#1506,#1491,#788,.T.);
#1973=ORIENTED_EDGE('',*,*,#1508,.T.);
#1974=ORIENTED_EDGE('',*,*,#1509,.T.);
#1975=ORIENTED_EDGE('',*,*,#1510,.T.);
#1976=ORIENTED_EDGE('',*,*,#1511,.T.);
#1977=ORIENTED_EDGE('',*,*,#1509,.F.);
#1978=ORIENTED_EDGE('',*,*,#1512,.F.);
#1979=ORIENTED_EDGE('',*,*,#1513,.F.);
#1980=ORIENTED_EDGE('',*,*,#1514,.F.);
#1981=ORIENTED_EDGE('',*,*,#1515,.T.);
#1982=ORIENTED_EDGE('',*,*,#1516,.T.);
#1983=ORIENTED_EDGE('',*,*,#1517,.T.);
#1984=ORIENTED_EDGE('',*,*,#1513,.T.);
#1985=ORIENTED_EDGE('',*,*,#1516,.F.);
#1986=ORIENTED_EDGE('',*,*,#1518,.F.);
#1987=ORIENTED_EDGE('',*,*,#1519,.F.);
#1988=ORIENTED_EDGE('',*,*,#1520,.F.);
#1989=ORIENTED_EDGE('',*,*,#1521,.F.);
#1990=ORIENTED_EDGE('',*,*,#1522,.F.);
#1991=ORIENTED_EDGE('',*,*,#1523,.T.);
#1992=ORIENTED_EDGE('',*,*,#1510,.F.);
#1993=ORIENTED_EDGE('',*,*,#1514,.T.);
#1994=ORIENTED_EDGE('',*,*,#1517,.F.);
#1995=ORIENTED_EDGE('',*,*,#1522,.T.);
#1996=ORIENTED_EDGE('',*,*,#1524,.T.);
#1997=ORIENTED_EDGE('',*,*,#1525,.F.);
#1998=ORIENTED_EDGE('',*,*,#1526,.F.);
#1999=ORIENTED_EDGE('',*,*,#1527,.F.);
#2000=ORIENTED_EDGE('',*,*,#1528,.F.);
#2001=ORIENTED_EDGE('',*,*,#1529,.F.);
#2002=ORIENTED_EDGE('',*,*,#1530,.F.);
#2003=ORIENTED_EDGE('',*,*,#1531,.T.);
#2004=ORIENTED_EDGE('',*,*,#1532,.T.);
#2005=ORIENTED_EDGE('',*,*,#1533,.T.);
#2006=ORIENTED_EDGE('',*,*,#1534,.T.);
#2007=ORIENTED_EDGE('',*,*,#1532,.F.);
#2008=ORIENTED_EDGE('',*,*,#1535,.T.);
#2009=ORIENTED_EDGE('',*,*,#1526,.T.);
#2010=ORIENTED_EDGE('',*,*,#1536,.F.);
#2011=ORIENTED_EDGE('',*,*,#1537,.T.);
#2012=ORIENTED_EDGE('',*,*,#1538,.F.);
#2013=ORIENTED_EDGE('',*,*,#1539,.F.);
#2014=ORIENTED_EDGE('',*,*,#1540,.F.);
#2015=ORIENTED_EDGE('',*,*,#1541,.T.);
#2016=ORIENTED_EDGE('',*,*,#1542,.T.);
#2017=ORIENTED_EDGE('',*,*,#1543,.T.);
#2018=ORIENTED_EDGE('',*,*,#1544,.T.);
#2019=ORIENTED_EDGE('',*,*,#1545,.T.);
#2020=ORIENTED_EDGE('',*,*,#1543,.F.);
#2021=ORIENTED_EDGE('',*,*,#1546,.F.);
#2022=ORIENTED_EDGE('',*,*,#1547,.F.);
#2023=ORIENTED_EDGE('',*,*,#1548,.F.);
#2024=ORIENTED_EDGE('',*,*,#1534,.F.);
#2025=ORIENTED_EDGE('',*,*,#1549,.F.);
#2026=ORIENTED_EDGE('',*,*,#1550,.F.);
#2027=ORIENTED_EDGE('',*,*,#1551,.F.);
#2028=ORIENTED_EDGE('',*,*,#1552,.F.);
#2029=ORIENTED_EDGE('',*,*,#1553,.T.);
#2030=ORIENTED_EDGE('',*,*,#1554,.T.);
#2031=ORIENTED_EDGE('',*,*,#1555,.F.);
#2032=ORIENTED_EDGE('',*,*,#1556,.F.);
#2033=ORIENTED_EDGE('',*,*,#1555,.T.);
#2034=ORIENTED_EDGE('',*,*,#1557,.T.);
#2035=ORIENTED_EDGE('',*,*,#1558,.F.);
#2036=ORIENTED_EDGE('',*,*,#1559,.F.);
#2037=ORIENTED_EDGE('',*,*,#1558,.T.);
#2038=ORIENTED_EDGE('',*,*,#1560,.T.);
#2039=ORIENTED_EDGE('',*,*,#1561,.F.);
#2040=ORIENTED_EDGE('',*,*,#1562,.F.);
#2041=ORIENTED_EDGE('',*,*,#1561,.T.);
#2042=ORIENTED_EDGE('',*,*,#1563,.T.);
#2043=ORIENTED_EDGE('',*,*,#1553,.F.);
#2044=ORIENTED_EDGE('',*,*,#1563,.F.);
#2045=ORIENTED_EDGE('',*,*,#1560,.F.);
#2046=ORIENTED_EDGE('',*,*,#1557,.F.);
#2047=ORIENTED_EDGE('',*,*,#1554,.F.);
#2048=ORIENTED_EDGE('',*,*,#1564,.F.);
#2049=ORIENTED_EDGE('',*,*,#1565,.T.);
#2050=ORIENTED_EDGE('',*,*,#1566,.T.);
#2051=ORIENTED_EDGE('',*,*,#1567,.F.);
#2052=ORIENTED_EDGE('',*,*,#1568,.F.);
#2053=ORIENTED_EDGE('',*,*,#1569,.T.);
#2054=ORIENTED_EDGE('',*,*,#1570,.T.);
#2055=ORIENTED_EDGE('',*,*,#1565,.F.);
#2056=ORIENTED_EDGE('',*,*,#1571,.F.);
#2057=ORIENTED_EDGE('',*,*,#1567,.T.);
#2058=ORIENTED_EDGE('',*,*,#1572,.T.);
#2059=ORIENTED_EDGE('',*,*,#1573,.F.);
#2060=ORIENTED_EDGE('',*,*,#1574,.F.);
#2061=ORIENTED_EDGE('',*,*,#1573,.T.);
#2062=ORIENTED_EDGE('',*,*,#1575,.T.);
#2063=ORIENTED_EDGE('',*,*,#1569,.F.);
#2064=ORIENTED_EDGE('',*,*,#1570,.F.);
#2065=ORIENTED_EDGE('',*,*,#1575,.F.);
#2066=ORIENTED_EDGE('',*,*,#1572,.F.);
#2067=ORIENTED_EDGE('',*,*,#1566,.F.);
#2068=ORIENTED_EDGE('',*,*,#1550,.T.);
#2069=ORIENTED_EDGE('',*,*,#1576,.F.);
#2070=ORIENTED_EDGE('',*,*,#1577,.T.);
#2071=ORIENTED_EDGE('',*,*,#1578,.T.);
#2072=ORIENTED_EDGE('',*,*,#1579,.F.);
#2073=ORIENTED_EDGE('',*,*,#1580,.T.);
#2074=ORIENTED_EDGE('',*,*,#1549,.T.);
#2075=ORIENTED_EDGE('',*,*,#1533,.F.);
#2076=ORIENTED_EDGE('',*,*,#1540,.T.);
#2077=ORIENTED_EDGE('',*,*,#1581,.F.);
#2078=ORIENTED_EDGE('',*,*,#1582,.F.);
#2079=ORIENTED_EDGE('',*,*,#1583,.F.);
#2080=ORIENTED_EDGE('',*,*,#1584,.T.);
#2081=ORIENTED_EDGE('',*,*,#1585,.F.);
#2082=ORIENTED_EDGE('',*,*,#1586,.F.);
#2083=ORIENTED_EDGE('',*,*,#1576,.T.);
#2084=ORIENTED_EDGE('',*,*,#1587,.T.);
#2085=ORIENTED_EDGE('',*,*,#1544,.F.);
#2086=ORIENTED_EDGE('',*,*,#1548,.T.);
#2087=ORIENTED_EDGE('',*,*,#1588,.F.);
#2088=ORIENTED_EDGE('',*,*,#1589,.F.);
#2089=ORIENTED_EDGE('',*,*,#1590,.F.);
#2090=ORIENTED_EDGE('',*,*,#1591,.F.);
#2091=ORIENTED_EDGE('',*,*,#1592,.T.);
#2092=ORIENTED_EDGE('',*,*,#1593,.T.);
#2093=ORIENTED_EDGE('',*,*,#1594,.T.);
#2094=ORIENTED_EDGE('',*,*,#1595,.T.);
#2095=ORIENTED_EDGE('',*,*,#1596,.T.);
#2096=ORIENTED_EDGE('',*,*,#1595,.F.);
#2097=ORIENTED_EDGE('',*,*,#1597,.T.);
#2098=ORIENTED_EDGE('',*,*,#1598,.T.);
#2099=ORIENTED_EDGE('',*,*,#1599,.F.);
#2100=ORIENTED_EDGE('',*,*,#1600,.F.);
#2101=ORIENTED_EDGE('',*,*,#1601,.T.);
#2102=ORIENTED_EDGE('',*,*,#1602,.F.);
#2103=ORIENTED_EDGE('',*,*,#1603,.F.);
#2104=ORIENTED_EDGE('',*,*,#1604,.F.);
#2105=ORIENTED_EDGE('',*,*,#1605,.T.);
#2106=ORIENTED_EDGE('',*,*,#1606,.T.);
#2107=ORIENTED_EDGE('',*,*,#1607,.T.);
#2108=ORIENTED_EDGE('',*,*,#1608,.F.);
#2109=ORIENTED_EDGE('',*,*,#1607,.F.);
#2110=ORIENTED_EDGE('',*,*,#1609,.F.);
#2111=ORIENTED_EDGE('',*,*,#1610,.F.);
#2112=ORIENTED_EDGE('',*,*,#1611,.F.);
#2113=ORIENTED_EDGE('',*,*,#1612,.T.);
#2114=ORIENTED_EDGE('',*,*,#1602,.T.);
#2115=ORIENTED_EDGE('',*,*,#1613,.F.);
#2116=ORIENTED_EDGE('',*,*,#1614,.T.);
#2117=ORIENTED_EDGE('',*,*,#1615,.T.);
#2118=ORIENTED_EDGE('',*,*,#1616,.T.);
#2119=ORIENTED_EDGE('',*,*,#1617,.F.);
#2120=ORIENTED_EDGE('',*,*,#1618,.F.);
#2121=ORIENTED_EDGE('',*,*,#1619,.F.);
#2122=ORIENTED_EDGE('',*,*,#1620,.T.);
#2123=ORIENTED_EDGE('',*,*,#1621,.T.);
#2124=ORIENTED_EDGE('',*,*,#1622,.T.);
#2125=ORIENTED_EDGE('',*,*,#1623,.T.);
#2126=ORIENTED_EDGE('',*,*,#1620,.F.);
#2127=ORIENTED_EDGE('',*,*,#1624,.T.);
#2128=ORIENTED_EDGE('',*,*,#1592,.F.);
#2129=ORIENTED_EDGE('',*,*,#1625,.T.);
#2130=ORIENTED_EDGE('',*,*,#1626,.F.);
#2131=ORIENTED_EDGE('',*,*,#1627,.T.);
#2132=ORIENTED_EDGE('',*,*,#1628,.F.);
#2133=ORIENTED_EDGE('',*,*,#1629,.F.);
#2134=ORIENTED_EDGE('',*,*,#1630,.F.);
#2135=ORIENTED_EDGE('',*,*,#1631,.T.);
#2136=ORIENTED_EDGE('',*,*,#1632,.F.);
#2137=ORIENTED_EDGE('',*,*,#1633,.F.);
#2138=ORIENTED_EDGE('',*,*,#1634,.F.);
#2139=ORIENTED_EDGE('',*,*,#1635,.F.);
#2140=ORIENTED_EDGE('',*,*,#1593,.F.);
#2141=ORIENTED_EDGE('',*,*,#1624,.F.);
#2142=ORIENTED_EDGE('',*,*,#1623,.F.);
#2143=ORIENTED_EDGE('',*,*,#1636,.F.);
#2144=ORIENTED_EDGE('',*,*,#1637,.T.);
#2145=ORIENTED_EDGE('',*,*,#1638,.T.);
#2146=ORIENTED_EDGE('',*,*,#1639,.T.);
#2147=ORIENTED_EDGE('',*,*,#1610,.T.);
#2148=ORIENTED_EDGE('',*,*,#1637,.F.);
#2149=ORIENTED_EDGE('',*,*,#1609,.T.);
#2150=ORIENTED_EDGE('',*,*,#1606,.F.);
#2151=ORIENTED_EDGE('',*,*,#1640,.T.);
#2152=ORIENTED_EDGE('',*,*,#1641,.T.);
#2153=ORIENTED_EDGE('',*,*,#1642,.F.);
#2154=ORIENTED_EDGE('',*,*,#1643,.F.);
#2155=ORIENTED_EDGE('',*,*,#1644,.T.);
#2156=ORIENTED_EDGE('',*,*,#1604,.T.);
#2157=ORIENTED_EDGE('',*,*,#1645,.T.);
#2158=ORIENTED_EDGE('',*,*,#1646,.F.);
#2159=ORIENTED_EDGE('',*,*,#1647,.T.);
#2160=ORIENTED_EDGE('',*,*,#1648,.T.);
#2161=ORIENTED_EDGE('',*,*,#1617,.T.);
#2162=ORIENTED_EDGE('',*,*,#1639,.F.);
#2163=ORIENTED_EDGE('',*,*,#1649,.T.);
#2164=ORIENTED_EDGE('',*,*,#1650,.F.);
#2165=ORIENTED_EDGE('',*,*,#1651,.T.);
#2166=ORIENTED_EDGE('',*,*,#1652,.F.);
#2167=ORIENTED_EDGE('',*,*,#1653,.F.);
#2168=ORIENTED_EDGE('',*,*,#1654,.T.);
#2169=ORIENTED_EDGE('',*,*,#1655,.F.);
#2170=ORIENTED_EDGE('',*,*,#1656,.F.);
#2171=ORIENTED_EDGE('',*,*,#1657,.T.);
#2172=ORIENTED_EDGE('',*,*,#1658,.F.);
#2173=ORIENTED_EDGE('',*,*,#1645,.F.);
#2174=ORIENTED_EDGE('',*,*,#1608,.T.);
#2175=ORIENTED_EDGE('',*,*,#1611,.T.);
#2176=ORIENTED_EDGE('',*,*,#1622,.F.);
#2177=ORIENTED_EDGE('',*,*,#1659,.T.);
#2178=ORIENTED_EDGE('',*,*,#1660,.T.);
#2179=ORIENTED_EDGE('',*,*,#1661,.T.);
#2180=ORIENTED_EDGE('',*,*,#1662,.T.);
#2181=ORIENTED_EDGE('',*,*,#1597,.F.);
#2182=ORIENTED_EDGE('',*,*,#1594,.F.);
#2183=ORIENTED_EDGE('',*,*,#1636,.T.);
#2184=ORIENTED_EDGE('',*,*,#1621,.F.);
#2185=ORIENTED_EDGE('',*,*,#1635,.T.);
#2186=ORIENTED_EDGE('',*,*,#1663,.F.);
#2187=ORIENTED_EDGE('',*,*,#1659,.F.);
#2188=ORIENTED_EDGE('',*,*,#1664,.F.);
#2189=ORIENTED_EDGE('',*,*,#1665,.F.);
#2190=ORIENTED_EDGE('',*,*,#1666,.F.);
#2191=ORIENTED_EDGE('',*,*,#1537,.F.);
#2192=ORIENTED_EDGE('',*,*,#1667,.F.);
#2193=ORIENTED_EDGE('',*,*,#1668,.T.);
#2194=ORIENTED_EDGE('',*,*,#1669,.F.);
#2195=ORIENTED_EDGE('',*,*,#1670,.F.);
#2196=ORIENTED_EDGE('',*,*,#1664,.T.);
#2197=ORIENTED_EDGE('',*,*,#1536,.T.);
#2198=ORIENTED_EDGE('',*,*,#1525,.T.);
#2199=ORIENTED_EDGE('',*,*,#1671,.F.);
#2200=ORIENTED_EDGE('',*,*,#1672,.T.);
#2201=ORIENTED_EDGE('',*,*,#1539,.T.);
#2202=ORIENTED_EDGE('',*,*,#1673,.T.);
#2203=ORIENTED_EDGE('',*,*,#1674,.T.);
#2204=ORIENTED_EDGE('',*,*,#1675,.T.);
#2205=ORIENTED_EDGE('',*,*,#1676,.F.);
#2206=ORIENTED_EDGE('',*,*,#1677,.F.);
#2207=ORIENTED_EDGE('',*,*,#1581,.T.);
#2208=ORIENTED_EDGE('',*,*,#1545,.F.);
#2209=ORIENTED_EDGE('',*,*,#1587,.F.);
#2210=ORIENTED_EDGE('',*,*,#1678,.F.);
#2211=ORIENTED_EDGE('',*,*,#1679,.F.);
#2212=ORIENTED_EDGE('',*,*,#1668,.F.);
#2213=ORIENTED_EDGE('',*,*,#1680,.T.);
#2214=ORIENTED_EDGE('',*,*,#1528,.T.);
#2215=ORIENTED_EDGE('',*,*,#1681,.T.);
#2216=ORIENTED_EDGE('',*,*,#1682,.T.);
#2217=ORIENTED_EDGE('',*,*,#1667,.T.);
#2218=ORIENTED_EDGE('',*,*,#1683,.F.);
#2219=ORIENTED_EDGE('',*,*,#1684,.F.);
#2220=ORIENTED_EDGE('',*,*,#1529,.T.);
#2221=ORIENTED_EDGE('',*,*,#1680,.F.);
#2222=ORIENTED_EDGE('',*,*,#1670,.T.);
#2223=ORIENTED_EDGE('',*,*,#1685,.F.);
#2224=ORIENTED_EDGE('',*,*,#1686,.F.);
#2225=ORIENTED_EDGE('',*,*,#1687,.F.);
#2226=ORIENTED_EDGE('',*,*,#1683,.T.);
#2227=ORIENTED_EDGE('',*,*,#1669,.T.);
#2228=ORIENTED_EDGE('',*,*,#1679,.T.);
#2229=ORIENTED_EDGE('',*,*,#1688,.F.);
#2230=ORIENTED_EDGE('',*,*,#1689,.F.);
#2231=ORIENTED_EDGE('',*,*,#1690,.F.);
#2232=ORIENTED_EDGE('',*,*,#1685,.T.);
#2233=ORIENTED_EDGE('',*,*,#1612,.F.);
#2234=ORIENTED_EDGE('',*,*,#1691,.T.);
#2235=ORIENTED_EDGE('',*,*,#1692,.F.);
#2236=ORIENTED_EDGE('',*,*,#1691,.F.);
#2237=ORIENTED_EDGE('',*,*,#1657,.F.);
#2238=ORIENTED_EDGE('',*,*,#1693,.F.);
#2239=ORIENTED_EDGE('',*,*,#1694,.F.);
#2240=ORIENTED_EDGE('',*,*,#1695,.F.);
#2241=ORIENTED_EDGE('',*,*,#1627,.F.);
#2242=ORIENTED_EDGE('',*,*,#1696,.F.);
#2243=ORIENTED_EDGE('',*,*,#1697,.F.);
#2244=ORIENTED_EDGE('',*,*,#1698,.F.);
#2245=ORIENTED_EDGE('',*,*,#1699,.F.);
#2246=ORIENTED_EDGE('',*,*,#1700,.F.);
#2247=ORIENTED_EDGE('',*,*,#1701,.F.);
#2248=ORIENTED_EDGE('',*,*,#1702,.F.);
#2249=ORIENTED_EDGE('',*,*,#1703,.F.);
#2250=ORIENTED_EDGE('',*,*,#1704,.F.);
#2251=ORIENTED_EDGE('',*,*,#1705,.F.);
#2252=ORIENTED_EDGE('',*,*,#1706,.F.);
#2253=ORIENTED_EDGE('',*,*,#1695,.T.);
#2254=ORIENTED_EDGE('',*,*,#1707,.T.);
#2255=ORIENTED_EDGE('',*,*,#1708,.T.);
#2256=ORIENTED_EDGE('',*,*,#1628,.T.);
#2257=ORIENTED_EDGE('',*,*,#1694,.T.);
#2258=ORIENTED_EDGE('',*,*,#1709,.F.);
#2259=ORIENTED_EDGE('',*,*,#1710,.F.);
#2260=ORIENTED_EDGE('',*,*,#1711,.T.);
#2261=ORIENTED_EDGE('',*,*,#1712,.F.);
#2262=ORIENTED_EDGE('',*,*,#1707,.F.);
#2263=ORIENTED_EDGE('',*,*,#1693,.T.);
#2264=ORIENTED_EDGE('',*,*,#1656,.T.);
#2265=ORIENTED_EDGE('',*,*,#1713,.T.);
#2266=ORIENTED_EDGE('',*,*,#1709,.T.);
#2267=ORIENTED_EDGE('',*,*,#1703,.T.);
#2268=ORIENTED_EDGE('',*,*,#1714,.T.);
#2269=ORIENTED_EDGE('',*,*,#1715,.T.);
#2270=ORIENTED_EDGE('',*,*,#1716,.T.);
#2271=ORIENTED_EDGE('',*,*,#1717,.T.);
#2272=ORIENTED_EDGE('',*,*,#1702,.T.);
#2273=ORIENTED_EDGE('',*,*,#1718,.F.);
#2274=ORIENTED_EDGE('',*,*,#1719,.F.);
#2275=ORIENTED_EDGE('',*,*,#1714,.F.);
#2276=ORIENTED_EDGE('',*,*,#1701,.T.);
#2277=ORIENTED_EDGE('',*,*,#1720,.T.);
#2278=ORIENTED_EDGE('',*,*,#1721,.F.);
#2279=ORIENTED_EDGE('',*,*,#1722,.F.);
#2280=ORIENTED_EDGE('',*,*,#1718,.T.);
#2281=ORIENTED_EDGE('',*,*,#1700,.T.);
#2282=ORIENTED_EDGE('',*,*,#1723,.F.);
#2283=ORIENTED_EDGE('',*,*,#1724,.F.);
#2284=ORIENTED_EDGE('',*,*,#1720,.F.);
#2285=ORIENTED_EDGE('',*,*,#1725,.F.);
#2286=ORIENTED_EDGE('',*,*,#1650,.T.);
#2287=ORIENTED_EDGE('',*,*,#1726,.T.);
#2288=ORIENTED_EDGE('',*,*,#1676,.T.);
#2289=ORIENTED_EDGE('',*,*,#1727,.F.);
#2290=ORIENTED_EDGE('',*,*,#1634,.T.);
#2291=ORIENTED_EDGE('',*,*,#1728,.T.);
#2292=ORIENTED_EDGE('',*,*,#1729,.T.);
#2293=ORIENTED_EDGE('',*,*,#1730,.T.);
#2294=ORIENTED_EDGE('',*,*,#1731,.T.);
#2295=ORIENTED_EDGE('',*,*,#1732,.T.);
#2296=ORIENTED_EDGE('',*,*,#1733,.T.);
#2297=ORIENTED_EDGE('',*,*,#1660,.F.);
#2298=ORIENTED_EDGE('',*,*,#1663,.T.);
#2299=ORIENTED_EDGE('',*,*,#1731,.F.);
#2300=ORIENTED_EDGE('',*,*,#1734,.F.);
#2301=ORIENTED_EDGE('',*,*,#1583,.T.);
#2302=ORIENTED_EDGE('',*,*,#1735,.F.);
#2303=ORIENTED_EDGE('',*,*,#1642,.T.);
#2304=ORIENTED_EDGE('',*,*,#1734,.T.);
#2305=ORIENTED_EDGE('',*,*,#1641,.F.);
#2306=ORIENTED_EDGE('',*,*,#1736,.F.);
#2307=ORIENTED_EDGE('',*,*,#1737,.F.);
#2308=ORIENTED_EDGE('',*,*,#1738,.T.);
#2309=ORIENTED_EDGE('',*,*,#1739,.F.);
#2310=ORIENTED_EDGE('',*,*,#1584,.F.);
#2311=ORIENTED_EDGE('',*,*,#1638,.F.);
#2312=ORIENTED_EDGE('',*,*,#1643,.T.);
#2313=ORIENTED_EDGE('',*,*,#1740,.F.);
#2314=ORIENTED_EDGE('',*,*,#1649,.F.);
#2315=ORIENTED_EDGE('',*,*,#1582,.T.);
#2316=ORIENTED_EDGE('',*,*,#1677,.T.);
#2317=ORIENTED_EDGE('',*,*,#1726,.F.);
#2318=ORIENTED_EDGE('',*,*,#1740,.T.);
#2319=ORIENTED_EDGE('',*,*,#1735,.T.);
#2320=ORIENTED_EDGE('',*,*,#1577,.F.);
#2321=ORIENTED_EDGE('',*,*,#1586,.T.);
#2322=ORIENTED_EDGE('',*,*,#1741,.T.);
#2323=ORIENTED_EDGE('',*,*,#1742,.T.);
#2324=ORIENTED_EDGE('',*,*,#1743,.T.);
#2325=ORIENTED_EDGE('',*,*,#1739,.T.);
#2326=ORIENTED_EDGE('',*,*,#1744,.T.);
#2327=ORIENTED_EDGE('',*,*,#1745,.T.);
#2328=ORIENTED_EDGE('',*,*,#1585,.T.);
#2329=ORIENTED_EDGE('',*,*,#1745,.F.);
#2330=ORIENTED_EDGE('',*,*,#1746,.T.);
#2331=ORIENTED_EDGE('',*,*,#1741,.F.);
#2332=ORIENTED_EDGE('',*,*,#1742,.F.);
#2333=ORIENTED_EDGE('',*,*,#1747,.F.);
#2334=ORIENTED_EDGE('',*,*,#1748,.F.);
#2335=ORIENTED_EDGE('',*,*,#1749,.T.);
#2336=ORIENTED_EDGE('',*,*,#1750,.T.);
#2337=ORIENTED_EDGE('',*,*,#1751,.T.);
#2338=ORIENTED_EDGE('',*,*,#1752,.F.);
#2339=ORIENTED_EDGE('',*,*,#1753,.F.);
#2340=ORIENTED_EDGE('',*,*,#1754,.F.);
#2341=ORIENTED_EDGE('',*,*,#1755,.T.);
#2342=ORIENTED_EDGE('',*,*,#1756,.T.);
#2343=ORIENTED_EDGE('',*,*,#1757,.T.);
#2344=ORIENTED_EDGE('',*,*,#1758,.T.);
#2345=ORIENTED_EDGE('',*,*,#1579,.T.);
#2346=ORIENTED_EDGE('',*,*,#1759,.T.);
#2347=ORIENTED_EDGE('',*,*,#1760,.T.);
#2348=ORIENTED_EDGE('',*,*,#1761,.T.);
#2349=ORIENTED_EDGE('',*,*,#1762,.T.);
#2350=ORIENTED_EDGE('',*,*,#1763,.T.);
#2351=ORIENTED_EDGE('',*,*,#1746,.F.);
#2352=ORIENTED_EDGE('',*,*,#1764,.T.);
#2353=ORIENTED_EDGE('',*,*,#1765,.F.);
#2354=ORIENTED_EDGE('',*,*,#1747,.T.);
#2355=ORIENTED_EDGE('',*,*,#1744,.F.);
#2356=ORIENTED_EDGE('',*,*,#1738,.F.);
#2357=ORIENTED_EDGE('',*,*,#1766,.F.);
#2358=ORIENTED_EDGE('',*,*,#1767,.F.);
#2359=ORIENTED_EDGE('',*,*,#1768,.F.);
#2360=ORIENTED_EDGE('',*,*,#1764,.F.);
#2361=ORIENTED_EDGE('',*,*,#1590,.T.);
#2362=ORIENTED_EDGE('',*,*,#1769,.T.);
#2363=ORIENTED_EDGE('',*,*,#1770,.T.);
#2364=ORIENTED_EDGE('',*,*,#1771,.T.);
#2365=ORIENTED_EDGE('',*,*,#1661,.F.);
#2366=ORIENTED_EDGE('',*,*,#1733,.F.);
#2367=ORIENTED_EDGE('',*,*,#1772,.F.);
#2368=ORIENTED_EDGE('',*,*,#1754,.T.);
#2369=ORIENTED_EDGE('',*,*,#1773,.T.);
#2370=ORIENTED_EDGE('',*,*,#1589,.T.);
#2371=ORIENTED_EDGE('',*,*,#1774,.T.);
#2372=ORIENTED_EDGE('',*,*,#1773,.F.);
#2373=ORIENTED_EDGE('',*,*,#1775,.T.);
#2374=ORIENTED_EDGE('',*,*,#1769,.F.);
#2375=ORIENTED_EDGE('',*,*,#1770,.F.);
#2376=ORIENTED_EDGE('',*,*,#1776,.F.);
#2377=ORIENTED_EDGE('',*,*,#1777,.F.);
#2378=ORIENTED_EDGE('',*,*,#1778,.F.);
#2379=ORIENTED_EDGE('',*,*,#1779,.F.);
#2380=ORIENTED_EDGE('',*,*,#1780,.F.);
#2381=ORIENTED_EDGE('',*,*,#1775,.F.);
#2382=ORIENTED_EDGE('',*,*,#1753,.T.);
#2383=ORIENTED_EDGE('',*,*,#1781,.F.);
#2384=ORIENTED_EDGE('',*,*,#1776,.T.);
#2385=ORIENTED_EDGE('',*,*,#1782,.F.);
#2386=ORIENTED_EDGE('',*,*,#1783,.T.);
#2387=ORIENTED_EDGE('',*,*,#1756,.F.);
#2388=ORIENTED_EDGE('',*,*,#1784,.F.);
#2389=ORIENTED_EDGE('',*,*,#1785,.F.);
#2390=ORIENTED_EDGE('',*,*,#1786,.T.);
#2391=ORIENTED_EDGE('',*,*,#1759,.F.);
#2392=ORIENTED_EDGE('',*,*,#1578,.F.);
#2393=ORIENTED_EDGE('',*,*,#1743,.F.);
#2394=ORIENTED_EDGE('',*,*,#1757,.F.);
#2395=ORIENTED_EDGE('',*,*,#1783,.F.);
#2396=ORIENTED_EDGE('',*,*,#1787,.F.);
#2397=ORIENTED_EDGE('',*,*,#1788,.T.);
#2398=ORIENTED_EDGE('',*,*,#1760,.F.);
#2399=ORIENTED_EDGE('',*,*,#1786,.F.);
#2400=ORIENTED_EDGE('',*,*,#1789,.F.);
#2401=ORIENTED_EDGE('',*,*,#1784,.T.);
#2402=ORIENTED_EDGE('',*,*,#1755,.F.);
#2403=ORIENTED_EDGE('',*,*,#1772,.T.);
#2404=ORIENTED_EDGE('',*,*,#1790,.T.);
#2405=ORIENTED_EDGE('',*,*,#1761,.F.);
#2406=ORIENTED_EDGE('',*,*,#1788,.F.);
#2407=ORIENTED_EDGE('',*,*,#1791,.F.);
#2408=ORIENTED_EDGE('',*,*,#1792,.T.);
#2409=ORIENTED_EDGE('',*,*,#1541,.F.);
#2410=ORIENTED_EDGE('',*,*,#1792,.F.);
#2411=ORIENTED_EDGE('',*,*,#1682,.F.);
#2412=ORIENTED_EDGE('',*,*,#1793,.T.);
#2413=ORIENTED_EDGE('',*,*,#1794,.F.);
#2414=ORIENTED_EDGE('',*,*,#1793,.F.);
#2415=ORIENTED_EDGE('',*,*,#1678,.T.);
#2416=ORIENTED_EDGE('',*,*,#1591,.T.);
#2417=ORIENTED_EDGE('',*,*,#1732,.F.);
#2418=ORIENTED_EDGE('',*,*,#1730,.F.);
#2419=ORIENTED_EDGE('',*,*,#1795,.T.);
#2420=ORIENTED_EDGE('',*,*,#1796,.T.);
#2421=ORIENTED_EDGE('',*,*,#1688,.T.);
#2422=ORIENTED_EDGE('',*,*,#1797,.F.);
#2423=ORIENTED_EDGE('',*,*,#1798,.T.);
#2424=ORIENTED_EDGE('',*,*,#1799,.T.);
#2425=ORIENTED_EDGE('',*,*,#1654,.F.);
#2426=ORIENTED_EDGE('',*,*,#1800,.T.);
#2427=ORIENTED_EDGE('',*,*,#1801,.T.);
#2428=ORIENTED_EDGE('',*,*,#1800,.F.);
#2429=ORIENTED_EDGE('',*,*,#1653,.T.);
#2430=ORIENTED_EDGE('',*,*,#1802,.F.);
#2431=ORIENTED_EDGE('',*,*,#1803,.F.);
#2432=ORIENTED_EDGE('',*,*,#1804,.F.);
#2433=ORIENTED_EDGE('',*,*,#1805,.T.);
#2434=ORIENTED_EDGE('',*,*,#1674,.F.);
#2435=ORIENTED_EDGE('',*,*,#1806,.F.);
#2436=ORIENTED_EDGE('',*,*,#1807,.F.);
#2437=ORIENTED_EDGE('',*,*,#1808,.F.);
#2438=ORIENTED_EDGE('',*,*,#1809,.F.);
#2439=ORIENTED_EDGE('',*,*,#1689,.T.);
#2440=ORIENTED_EDGE('',*,*,#1796,.F.);
#2441=ORIENTED_EDGE('',*,*,#1810,.F.);
#2442=ORIENTED_EDGE('',*,*,#1811,.F.);
#2443=ORIENTED_EDGE('',*,*,#1812,.F.);
#2444=ORIENTED_EDGE('',*,*,#1813,.F.);
#2445=ORIENTED_EDGE('',*,*,#1631,.F.);
#2446=ORIENTED_EDGE('',*,*,#1814,.F.);
#2447=ORIENTED_EDGE('',*,*,#1815,.T.);
#2448=ORIENTED_EDGE('',*,*,#1816,.F.);
#2449=ORIENTED_EDGE('',*,*,#1751,.F.);
#2450=ORIENTED_EDGE('',*,*,#1817,.T.);
#2451=ORIENTED_EDGE('',*,*,#1818,.F.);
#2452=ORIENTED_EDGE('',*,*,#1819,.T.);
#2453=ORIENTED_EDGE('',*,*,#1749,.F.);
#2454=ORIENTED_EDGE('',*,*,#1820,.F.);
#2455=ORIENTED_EDGE('',*,*,#1821,.F.);
#2456=ORIENTED_EDGE('',*,*,#1822,.F.);
#2457=ORIENTED_EDGE('',*,*,#1823,.T.);
#2458=ORIENTED_EDGE('',*,*,#1824,.T.);
#2459=ORIENTED_EDGE('',*,*,#1825,.F.);
#2460=ORIENTED_EDGE('',*,*,#1814,.T.);
#2461=ORIENTED_EDGE('',*,*,#1630,.T.);
#2462=ORIENTED_EDGE('',*,*,#1826,.T.);
#2463=ORIENTED_EDGE('',*,*,#1651,.F.);
#2464=ORIENTED_EDGE('',*,*,#1725,.T.);
#2465=ORIENTED_EDGE('',*,*,#1827,.T.);
#2466=ORIENTED_EDGE('',*,*,#1828,.T.);
#2467=ORIENTED_EDGE('',*,*,#1829,.T.);
#2468=ORIENTED_EDGE('',*,*,#1826,.F.);
#2469=ORIENTED_EDGE('',*,*,#1830,.T.);
#2470=ORIENTED_EDGE('',*,*,#1804,.T.);
#2471=ORIENTED_EDGE('',*,*,#1831,.T.);
#2472=ORIENTED_EDGE('',*,*,#1828,.F.);
#2473=ORIENTED_EDGE('',*,*,#1832,.T.);
#2474=ORIENTED_EDGE('',*,*,#1832,.F.);
#2475=ORIENTED_EDGE('',*,*,#1830,.F.);
#2476=ORIENTED_EDGE('',*,*,#1827,.F.);
#2477=ORIENTED_EDGE('',*,*,#1727,.T.);
#2478=ORIENTED_EDGE('',*,*,#1675,.F.);
#2479=ORIENTED_EDGE('',*,*,#1805,.F.);
#2480=ORIENTED_EDGE('',*,*,#1791,.T.);
#2481=ORIENTED_EDGE('',*,*,#1833,.T.);
#2482=ORIENTED_EDGE('',*,*,#1834,.T.);
#2483=ORIENTED_EDGE('',*,*,#1811,.T.);
#2484=ORIENTED_EDGE('',*,*,#1835,.T.);
#2485=ORIENTED_EDGE('',*,*,#1836,.T.);
#2486=ORIENTED_EDGE('',*,*,#1837,.T.);
#2487=ORIENTED_EDGE('',*,*,#1833,.F.);
#2488=ORIENTED_EDGE('',*,*,#1838,.T.);
#2489=ORIENTED_EDGE('',*,*,#1633,.T.);
#2490=ORIENTED_EDGE('',*,*,#1836,.F.);
#2491=ORIENTED_EDGE('',*,*,#1839,.T.);
#2492=ORIENTED_EDGE('',*,*,#1728,.F.);
#2493=ORIENTED_EDGE('',*,*,#1839,.F.);
#2494=ORIENTED_EDGE('',*,*,#1838,.F.);
#2495=ORIENTED_EDGE('',*,*,#1835,.F.);
#2496=ORIENTED_EDGE('',*,*,#1810,.T.);
#2497=ORIENTED_EDGE('',*,*,#1795,.F.);
#2498=ORIENTED_EDGE('',*,*,#1729,.F.);
#2499=ORIENTED_EDGE('',*,*,#1794,.T.);
#2500=ORIENTED_EDGE('',*,*,#1840,.T.);
#2501=ORIENTED_EDGE('',*,*,#1841,.T.);
#2502=ORIENTED_EDGE('',*,*,#1807,.T.);
#2503=ORIENTED_EDGE('',*,*,#1842,.T.);
#2504=ORIENTED_EDGE('',*,*,#1841,.F.);
#2505=ORIENTED_EDGE('',*,*,#1843,.T.);
#2506=ORIENTED_EDGE('',*,*,#1844,.F.);
#2507=ORIENTED_EDGE('',*,*,#1520,.T.);
#2508=ORIENTED_EDGE('',*,*,#1845,.F.);
#2509=ORIENTED_EDGE('',*,*,#1846,.T.);
#2510=ORIENTED_EDGE('',*,*,#1847,.F.);
#2511=ORIENTED_EDGE('',*,*,#1848,.T.);
#2512=ORIENTED_EDGE('',*,*,#1849,.F.);
#2513=ORIENTED_EDGE('',*,*,#1687,.T.);
#2514=ORIENTED_EDGE('',*,*,#1850,.F.);
#2515=ORIENTED_EDGE('',*,*,#1808,.T.);
#2516=ORIENTED_EDGE('',*,*,#1686,.T.);
#2517=ORIENTED_EDGE('',*,*,#1690,.T.);
#2518=ORIENTED_EDGE('',*,*,#1809,.T.);
#2519=ORIENTED_EDGE('',*,*,#1850,.T.);
#2520=ORIENTED_EDGE('',*,*,#1666,.T.);
#2521=ORIENTED_EDGE('',*,*,#1851,.F.);
#2522=ORIENTED_EDGE('',*,*,#1842,.F.);
#2523=ORIENTED_EDGE('',*,*,#1806,.T.);
#2524=ORIENTED_EDGE('',*,*,#1673,.F.);
#2525=ORIENTED_EDGE('',*,*,#1538,.T.);
#2526=ORIENTED_EDGE('',*,*,#1665,.T.);
#2527=ORIENTED_EDGE('',*,*,#1672,.F.);
#2528=ORIENTED_EDGE('',*,*,#1843,.F.);
#2529=ORIENTED_EDGE('',*,*,#1840,.F.);
#2530=ORIENTED_EDGE('',*,*,#1851,.T.);
#2531=ORIENTED_EDGE('',*,*,#1829,.F.);
#2532=ORIENTED_EDGE('',*,*,#1852,.T.);
#2533=ORIENTED_EDGE('',*,*,#1802,.T.);
#2534=ORIENTED_EDGE('',*,*,#1652,.T.);
#2535=ORIENTED_EDGE('',*,*,#1831,.F.);
#2536=ORIENTED_EDGE('',*,*,#1803,.T.);
#2537=ORIENTED_EDGE('',*,*,#1852,.F.);
#2538=ORIENTED_EDGE('',*,*,#1547,.T.);
#2539=ORIENTED_EDGE('',*,*,#1853,.F.);
#2540=ORIENTED_EDGE('',*,*,#1762,.F.);
#2541=ORIENTED_EDGE('',*,*,#1790,.F.);
#2542=ORIENTED_EDGE('',*,*,#1774,.F.);
#2543=ORIENTED_EDGE('',*,*,#1588,.T.);
#2544=ORIENTED_EDGE('',*,*,#1834,.F.);
#2545=ORIENTED_EDGE('',*,*,#1854,.F.);
#2546=ORIENTED_EDGE('',*,*,#1812,.T.);
#2547=ORIENTED_EDGE('',*,*,#1844,.T.);
#2548=ORIENTED_EDGE('',*,*,#1671,.T.);
#2549=ORIENTED_EDGE('',*,*,#1524,.F.);
#2550=ORIENTED_EDGE('',*,*,#1521,.T.);
#2551=ORIENTED_EDGE('',*,*,#1530,.T.);
#2552=ORIENTED_EDGE('',*,*,#1684,.T.);
#2553=ORIENTED_EDGE('',*,*,#1849,.T.);
#2554=ORIENTED_EDGE('',*,*,#1855,.T.);
#2555=ORIENTED_EDGE('',*,*,#1551,.T.);
#2556=ORIENTED_EDGE('',*,*,#1580,.F.);
#2557=ORIENTED_EDGE('',*,*,#1763,.F.);
#2558=ORIENTED_EDGE('',*,*,#1853,.T.);
#2559=ORIENTED_EDGE('',*,*,#1546,.T.);
#2560=ORIENTED_EDGE('',*,*,#1542,.F.);
#2561=ORIENTED_EDGE('',*,*,#1681,.F.);
#2562=ORIENTED_EDGE('',*,*,#1527,.T.);
#2563=ORIENTED_EDGE('',*,*,#1535,.F.);
#2564=ORIENTED_EDGE('',*,*,#1531,.F.);
#2565=ORIENTED_EDGE('',*,*,#1856,.T.);
#2566=ORIENTED_EDGE('',*,*,#1857,.T.);
#2567=ORIENTED_EDGE('',*,*,#1847,.T.);
#2568=ORIENTED_EDGE('',*,*,#1858,.T.);
#2569=ORIENTED_EDGE('',*,*,#1511,.F.);
#2570=ORIENTED_EDGE('',*,*,#1523,.F.);
#2571=ORIENTED_EDGE('',*,*,#1855,.F.);
#2572=ORIENTED_EDGE('',*,*,#1848,.F.);
#2573=ORIENTED_EDGE('',*,*,#1857,.F.);
#2574=ORIENTED_EDGE('',*,*,#1859,.F.);
#2575=ORIENTED_EDGE('',*,*,#1860,.T.);
#2576=ORIENTED_EDGE('',*,*,#1861,.T.);
#2577=ORIENTED_EDGE('',*,*,#1845,.T.);
#2578=ORIENTED_EDGE('',*,*,#1519,.T.);
#2579=ORIENTED_EDGE('',*,*,#1858,.F.);
#2580=ORIENTED_EDGE('',*,*,#1846,.F.);
#2581=ORIENTED_EDGE('',*,*,#1861,.F.);
#2582=ORIENTED_EDGE('',*,*,#1862,.F.);
#2583=ORIENTED_EDGE('',*,*,#1863,.F.);
#2584=ORIENTED_EDGE('',*,*,#1817,.F.);
#2585=ORIENTED_EDGE('',*,*,#1750,.F.);
#2586=ORIENTED_EDGE('',*,*,#1819,.F.);
#2587=ORIENTED_EDGE('',*,*,#1864,.F.);
#2588=ORIENTED_EDGE('',*,*,#1865,.T.);
#2589=ORIENTED_EDGE('',*,*,#1758,.F.);
#2590=ORIENTED_EDGE('',*,*,#1865,.F.);
#2591=ORIENTED_EDGE('',*,*,#1866,.T.);
#2592=ORIENTED_EDGE('',*,*,#1820,.T.);
#2593=ORIENTED_EDGE('',*,*,#1748,.T.);
#2594=ORIENTED_EDGE('',*,*,#1765,.T.);
#2595=ORIENTED_EDGE('',*,*,#1866,.F.);
#2596=ORIENTED_EDGE('',*,*,#1768,.T.);
#2597=ORIENTED_EDGE('',*,*,#1867,.F.);
#2598=ORIENTED_EDGE('',*,*,#1868,.T.);
#2599=ORIENTED_EDGE('',*,*,#1869,.F.);
#2600=ORIENTED_EDGE('',*,*,#1777,.T.);
#2601=ORIENTED_EDGE('',*,*,#1870,.F.);
#2602=ORIENTED_EDGE('',*,*,#1815,.F.);
#2603=ORIENTED_EDGE('',*,*,#1825,.T.);
#2604=ORIENTED_EDGE('',*,*,#1871,.F.);
#2605=ORIENTED_EDGE('',*,*,#1872,.T.);
#2606=ORIENTED_EDGE('',*,*,#1873,.T.);
#2607=ORIENTED_EDGE('',*,*,#1874,.F.);
#2608=ORIENTED_EDGE('',*,*,#1875,.F.);
#2609=ORIENTED_EDGE('',*,*,#1876,.T.);
#2610=ORIENTED_EDGE('',*,*,#1877,.F.);
#2611=ORIENTED_EDGE('',*,*,#1878,.F.);
#2612=ORIENTED_EDGE('',*,*,#1879,.T.);
#2613=ORIENTED_EDGE('',*,*,#1880,.F.);
#2614=ORIENTED_EDGE('',*,*,#1881,.F.);
#2615=ORIENTED_EDGE('',*,*,#1801,.F.);
#2616=ORIENTED_EDGE('',*,*,#1821,.T.);
#2617=ORIENTED_EDGE('',*,*,#1882,.F.);
#2618=ORIENTED_EDGE('',*,*,#1883,.F.);
#2619=ORIENTED_EDGE('',*,*,#1884,.F.);
#2620=ORIENTED_EDGE('',*,*,#1885,.F.);
#2621=ORIENTED_EDGE('',*,*,#1752,.T.);
#2622=ORIENTED_EDGE('',*,*,#1816,.T.);
#2623=ORIENTED_EDGE('',*,*,#1870,.T.);
#2624=ORIENTED_EDGE('',*,*,#1781,.T.);
#2625=ORIENTED_EDGE('',*,*,#1837,.F.);
#2626=ORIENTED_EDGE('',*,*,#1632,.T.);
#2627=ORIENTED_EDGE('',*,*,#1813,.T.);
#2628=ORIENTED_EDGE('',*,*,#1854,.T.);
#2629=ORIENTED_EDGE('',*,*,#1886,.T.);
#2630=ORIENTED_EDGE('',*,*,#1778,.T.);
#2631=ORIENTED_EDGE('',*,*,#1869,.T.);
#2632=ORIENTED_EDGE('',*,*,#1887,.T.);
#2633=ORIENTED_EDGE('',*,*,#1888,.T.);
#2634=ORIENTED_EDGE('',*,*,#1889,.T.);
#2635=ORIENTED_EDGE('',*,*,#1867,.T.);
#2636=ORIENTED_EDGE('',*,*,#1767,.T.);
#2637=ORIENTED_EDGE('',*,*,#1887,.F.);
#2638=ORIENTED_EDGE('',*,*,#1868,.F.);
#2639=ORIENTED_EDGE('',*,*,#1889,.F.);
#2640=ORIENTED_EDGE('',*,*,#1890,.F.);
#2641=ORIENTED_EDGE('',*,*,#1692,.T.);
#2642=ORIENTED_EDGE('',*,*,#1798,.F.);
#2643=ORIENTED_EDGE('',*,*,#1891,.F.);
#2644=ORIENTED_EDGE('',*,*,#1892,.T.);
#2645=ORIENTED_EDGE('',*,*,#1893,.F.);
#2646=ORIENTED_EDGE('',*,*,#1823,.F.);
#2647=ORIENTED_EDGE('',*,*,#1894,.F.);
#2648=ORIENTED_EDGE('',*,*,#1895,.F.);
#2649=ORIENTED_EDGE('',*,*,#1896,.F.);
#2650=ORIENTED_EDGE('',*,*,#1818,.T.);
#2651=ORIENTED_EDGE('',*,*,#1863,.T.);
#2652=ORIENTED_EDGE('',*,*,#1859,.T.);
#2653=ORIENTED_EDGE('',*,*,#1856,.F.);
#2654=ORIENTED_EDGE('',*,*,#1862,.T.);
#2655=ORIENTED_EDGE('',*,*,#1860,.F.);
#2656=ORIENTED_EDGE('',*,*,#1518,.T.);
#2657=ORIENTED_EDGE('',*,*,#1515,.F.);
#2658=ORIENTED_EDGE('',*,*,#1512,.T.);
#2659=ORIENTED_EDGE('',*,*,#1508,.F.);
#2660=ORIENTED_EDGE('',*,*,#1782,.T.);
#2661=ORIENTED_EDGE('',*,*,#1789,.T.);
#2662=ORIENTED_EDGE('',*,*,#1787,.T.);
#2663=ORIENTED_EDGE('',*,*,#1785,.T.);
#2664=ORIENTED_EDGE('',*,*,#1864,.T.);
#2665=ORIENTED_EDGE('',*,*,#1875,.T.);
#2666=ORIENTED_EDGE('',*,*,#1897,.T.);
#2667=ORIENTED_EDGE('',*,*,#1898,.T.);
#2668=ORIENTED_EDGE('',*,*,#1899,.T.);
#2669=ORIENTED_EDGE('',*,*,#1897,.F.);
#2670=ORIENTED_EDGE('',*,*,#1874,.T.);
#2671=ORIENTED_EDGE('',*,*,#1900,.T.);
#2672=ORIENTED_EDGE('',*,*,#1901,.T.);
#2673=ORIENTED_EDGE('',*,*,#1902,.T.);
#2674=ORIENTED_EDGE('',*,*,#1903,.T.);
#2675=ORIENTED_EDGE('',*,*,#1877,.T.);
#2676=ORIENTED_EDGE('',*,*,#1904,.T.);
#2677=ORIENTED_EDGE('',*,*,#1903,.F.);
#2678=ORIENTED_EDGE('',*,*,#1905,.T.);
#2679=ORIENTED_EDGE('',*,*,#1906,.T.);
#2680=ORIENTED_EDGE('',*,*,#1878,.T.);
#2681=ORIENTED_EDGE('',*,*,#1705,.T.);
#2682=ORIENTED_EDGE('',*,*,#1907,.T.);
#2683=ORIENTED_EDGE('',*,*,#1908,.F.);
#2684=ORIENTED_EDGE('',*,*,#1909,.F.);
#2685=ORIENTED_EDGE('',*,*,#1910,.T.);
#2686=ORIENTED_EDGE('',*,*,#1704,.T.);
#2687=ORIENTED_EDGE('',*,*,#1717,.F.);
#2688=ORIENTED_EDGE('',*,*,#1911,.F.);
#2689=ORIENTED_EDGE('',*,*,#1907,.F.);
#2690=ORIENTED_EDGE('',*,*,#1699,.T.);
#2691=ORIENTED_EDGE('',*,*,#1912,.T.);
#2692=ORIENTED_EDGE('',*,*,#1913,.T.);
#2693=ORIENTED_EDGE('',*,*,#1914,.T.);
#2694=ORIENTED_EDGE('',*,*,#1723,.T.);
#2695=ORIENTED_EDGE('',*,*,#1706,.T.);
#2696=ORIENTED_EDGE('',*,*,#1910,.F.);
#2697=ORIENTED_EDGE('',*,*,#1915,.T.);
#2698=ORIENTED_EDGE('',*,*,#1912,.F.);
#2699=ORIENTED_EDGE('',*,*,#1698,.T.);
#2700=ORIENTED_EDGE('',*,*,#1916,.T.);
#2701=ORIENTED_EDGE('',*,*,#1646,.T.);
#2702=ORIENTED_EDGE('',*,*,#1658,.T.);
#2703=ORIENTED_EDGE('',*,*,#1696,.T.);
#2704=ORIENTED_EDGE('',*,*,#1626,.T.);
#2705=ORIENTED_EDGE('',*,*,#1917,.T.);
#2706=ORIENTED_EDGE('',*,*,#1918,.T.);
#2707=ORIENTED_EDGE('',*,*,#1697,.T.);
#2708=ORIENTED_EDGE('',*,*,#1918,.F.);
#2709=ORIENTED_EDGE('',*,*,#1919,.F.);
#2710=ORIENTED_EDGE('',*,*,#1920,.T.);
#2711=ORIENTED_EDGE('',*,*,#1647,.F.);
#2712=ORIENTED_EDGE('',*,*,#1916,.F.);
#2713=ORIENTED_EDGE('',*,*,#1710,.T.);
#2714=ORIENTED_EDGE('',*,*,#1713,.F.);
#2715=ORIENTED_EDGE('',*,*,#1655,.T.);
#2716=ORIENTED_EDGE('',*,*,#1799,.F.);
#2717=ORIENTED_EDGE('',*,*,#1896,.T.);
#2718=ORIENTED_EDGE('',*,*,#1921,.T.);
#2719=ORIENTED_EDGE('',*,*,#1712,.T.);
#2720=ORIENTED_EDGE('',*,*,#1922,.T.);
#2721=ORIENTED_EDGE('',*,*,#1894,.T.);
#2722=ORIENTED_EDGE('',*,*,#1822,.T.);
#2723=ORIENTED_EDGE('',*,*,#1629,.T.);
#2724=ORIENTED_EDGE('',*,*,#1708,.F.);
#2725=ORIENTED_EDGE('',*,*,#1921,.F.);
#2726=ORIENTED_EDGE('',*,*,#1895,.T.);
#2727=ORIENTED_EDGE('',*,*,#1922,.F.);
#2728=ORIENTED_EDGE('',*,*,#1711,.F.);
#2729=ORIENTED_EDGE('',*,*,#1603,.T.);
#2730=ORIENTED_EDGE('',*,*,#1619,.T.);
#2731=ORIENTED_EDGE('',*,*,#1923,.T.);
#2732=ORIENTED_EDGE('',*,*,#1919,.T.);
#2733=ORIENTED_EDGE('',*,*,#1917,.F.);
#2734=ORIENTED_EDGE('',*,*,#1625,.F.);
#2735=ORIENTED_EDGE('',*,*,#1596,.F.);
#2736=ORIENTED_EDGE('',*,*,#1923,.F.);
#2737=ORIENTED_EDGE('',*,*,#1618,.T.);
#2738=ORIENTED_EDGE('',*,*,#1648,.F.);
#2739=ORIENTED_EDGE('',*,*,#1920,.F.);
#2740=ORIENTED_EDGE('',*,*,#1880,.T.);
#2741=ORIENTED_EDGE('',*,*,#1924,.T.);
#2742=ORIENTED_EDGE('',*,*,#1925,.T.);
#2743=ORIENTED_EDGE('',*,*,#1926,.T.);
#2744=ORIENTED_EDGE('',*,*,#1927,.T.);
#2745=ORIENTED_EDGE('',*,*,#1605,.F.);
#2746=ORIENTED_EDGE('',*,*,#1644,.F.);
#2747=ORIENTED_EDGE('',*,*,#1616,.F.);
#2748=ORIENTED_EDGE('',*,*,#1928,.F.);
#2749=ORIENTED_EDGE('',*,*,#1926,.F.);
#2750=ORIENTED_EDGE('',*,*,#1929,.T.);
#2751=ORIENTED_EDGE('',*,*,#1736,.T.);
#2752=ORIENTED_EDGE('',*,*,#1640,.F.);
#2753=ORIENTED_EDGE('',*,*,#1930,.F.);
#2754=ORIENTED_EDGE('',*,*,#1600,.T.);
#2755=ORIENTED_EDGE('',*,*,#1931,.T.);
#2756=ORIENTED_EDGE('',*,*,#1932,.T.);
#2757=ORIENTED_EDGE('',*,*,#1872,.F.);
#2758=ORIENTED_EDGE('',*,*,#1932,.F.);
#2759=ORIENTED_EDGE('',*,*,#1933,.F.);
#2760=ORIENTED_EDGE('',*,*,#1900,.F.);
#2761=ORIENTED_EDGE('',*,*,#1873,.F.);
#2762=ORIENTED_EDGE('',*,*,#1934,.T.);
#2763=ORIENTED_EDGE('',*,*,#1913,.F.);
#2764=ORIENTED_EDGE('',*,*,#1915,.F.);
#2765=ORIENTED_EDGE('',*,*,#1909,.T.);
#2766=ORIENTED_EDGE('',*,*,#1935,.T.);
#2767=ORIENTED_EDGE('',*,*,#1613,.T.);
#2768=ORIENTED_EDGE('',*,*,#1601,.F.);
#2769=ORIENTED_EDGE('',*,*,#1930,.T.);
#2770=ORIENTED_EDGE('',*,*,#1871,.T.);
#2771=ORIENTED_EDGE('',*,*,#1824,.F.);
#2772=ORIENTED_EDGE('',*,*,#1893,.T.);
#2773=ORIENTED_EDGE('',*,*,#1935,.F.);
#2774=ORIENTED_EDGE('',*,*,#1908,.T.);
#2775=ORIENTED_EDGE('',*,*,#1911,.T.);
#2776=ORIENTED_EDGE('',*,*,#1716,.F.);
#2777=ORIENTED_EDGE('',*,*,#1936,.F.);
#2778=ORIENTED_EDGE('',*,*,#1614,.F.);
#2779=ORIENTED_EDGE('',*,*,#1936,.T.);
#2780=ORIENTED_EDGE('',*,*,#1715,.F.);
#2781=ORIENTED_EDGE('',*,*,#1719,.T.);
#2782=ORIENTED_EDGE('',*,*,#1722,.T.);
#2783=ORIENTED_EDGE('',*,*,#1937,.T.);
#2784=ORIENTED_EDGE('',*,*,#1891,.T.);
#2785=ORIENTED_EDGE('',*,*,#1797,.T.);
#2786=ORIENTED_EDGE('',*,*,#1881,.T.);
#2787=ORIENTED_EDGE('',*,*,#1927,.F.);
#2788=ORIENTED_EDGE('',*,*,#1928,.T.);
#2789=ORIENTED_EDGE('',*,*,#1615,.F.);
#2790=ORIENTED_EDGE('',*,*,#1934,.F.);
#2791=ORIENTED_EDGE('',*,*,#1892,.F.);
#2792=ORIENTED_EDGE('',*,*,#1937,.F.);
#2793=ORIENTED_EDGE('',*,*,#1721,.T.);
#2794=ORIENTED_EDGE('',*,*,#1724,.T.);
#2795=ORIENTED_EDGE('',*,*,#1914,.F.);
#2796=ORIENTED_EDGE('',*,*,#1890,.T.);
#2797=ORIENTED_EDGE('',*,*,#1888,.F.);
#2798=ORIENTED_EDGE('',*,*,#1766,.T.);
#2799=ORIENTED_EDGE('',*,*,#1737,.T.);
#2800=ORIENTED_EDGE('',*,*,#1929,.F.);
#2801=ORIENTED_EDGE('',*,*,#1925,.F.);
#2802=ORIENTED_EDGE('',*,*,#1938,.T.);
#2803=ORIENTED_EDGE('',*,*,#1905,.F.);
#2804=ORIENTED_EDGE('',*,*,#1902,.F.);
#2805=ORIENTED_EDGE('',*,*,#1939,.T.);
#2806=ORIENTED_EDGE('',*,*,#1898,.F.);
#2807=ORIENTED_EDGE('',*,*,#1901,.F.);
#2808=ORIENTED_EDGE('',*,*,#1933,.T.);
#2809=ORIENTED_EDGE('',*,*,#1931,.F.);
#2810=ORIENTED_EDGE('',*,*,#1599,.T.);
#2811=ORIENTED_EDGE('',*,*,#1940,.T.);
#2812=ORIENTED_EDGE('',*,*,#1779,.T.);
#2813=ORIENTED_EDGE('',*,*,#1886,.F.);
#2814=ORIENTED_EDGE('',*,*,#1559,.T.);
#2815=ORIENTED_EDGE('',*,*,#1562,.T.);
#2816=ORIENTED_EDGE('',*,*,#1552,.T.);
#2817=ORIENTED_EDGE('',*,*,#1556,.T.);
#2818=ORIENTED_EDGE('',*,*,#1574,.T.);
#2819=ORIENTED_EDGE('',*,*,#1568,.T.);
#2820=ORIENTED_EDGE('',*,*,#1564,.T.);
#2821=ORIENTED_EDGE('',*,*,#1571,.T.);
#2822=ORIENTED_EDGE('',*,*,#1941,.T.);
#2823=ORIENTED_EDGE('',*,*,#1942,.T.);
#2824=ORIENTED_EDGE('',*,*,#1943,.T.);
#2825=ORIENTED_EDGE('',*,*,#1944,.T.);
#2826=ORIENTED_EDGE('',*,*,#1924,.F.);
#2827=ORIENTED_EDGE('',*,*,#1879,.F.);
#2828=ORIENTED_EDGE('',*,*,#1906,.F.);
#2829=ORIENTED_EDGE('',*,*,#1938,.F.);
#2830=ORIENTED_EDGE('',*,*,#1899,.F.);
#2831=ORIENTED_EDGE('',*,*,#1939,.F.);
#2832=ORIENTED_EDGE('',*,*,#1904,.F.);
#2833=ORIENTED_EDGE('',*,*,#1876,.F.);
#2834=ORIENTED_EDGE('',*,*,#1945,.T.);
#2835=ORIENTED_EDGE('',*,*,#1946,.T.);
#2836=ORIENTED_EDGE('',*,*,#1885,.T.);
#2837=ORIENTED_EDGE('',*,*,#1946,.F.);
#2838=ORIENTED_EDGE('',*,*,#1947,.T.);
#2839=ORIENTED_EDGE('',*,*,#1948,.F.);
#2840=ORIENTED_EDGE('',*,*,#1949,.T.);
#2841=ORIENTED_EDGE('',*,*,#1947,.F.);
#2842=ORIENTED_EDGE('',*,*,#1945,.F.);
#2843=ORIENTED_EDGE('',*,*,#1949,.F.);
#2844=ORIENTED_EDGE('',*,*,#1950,.T.);
#2845=ORIENTED_EDGE('',*,*,#1951,.T.);
#2846=ORIENTED_EDGE('',*,*,#1882,.T.);
#2847=ORIENTED_EDGE('',*,*,#1951,.F.);
#2848=ORIENTED_EDGE('',*,*,#1952,.T.);
#2849=ORIENTED_EDGE('',*,*,#1953,.F.);
#2850=ORIENTED_EDGE('',*,*,#1954,.T.);
#2851=ORIENTED_EDGE('',*,*,#1952,.F.);
#2852=ORIENTED_EDGE('',*,*,#1950,.F.);
#2853=ORIENTED_EDGE('',*,*,#1954,.F.);
#2854=ORIENTED_EDGE('',*,*,#1955,.T.);
#2855=ORIENTED_EDGE('',*,*,#1956,.T.);
#2856=ORIENTED_EDGE('',*,*,#1884,.T.);
#2857=ORIENTED_EDGE('',*,*,#1956,.F.);
#2858=ORIENTED_EDGE('',*,*,#1957,.T.);
#2859=ORIENTED_EDGE('',*,*,#1958,.F.);
#2860=ORIENTED_EDGE('',*,*,#1959,.T.);
#2861=ORIENTED_EDGE('',*,*,#1957,.F.);
#2862=ORIENTED_EDGE('',*,*,#1955,.F.);
#2863=ORIENTED_EDGE('',*,*,#1959,.F.);
#2864=ORIENTED_EDGE('',*,*,#1960,.T.);
#2865=ORIENTED_EDGE('',*,*,#1961,.T.);
#2866=ORIENTED_EDGE('',*,*,#1883,.T.);
#2867=ORIENTED_EDGE('',*,*,#1961,.F.);
#2868=ORIENTED_EDGE('',*,*,#1962,.T.);
#2869=ORIENTED_EDGE('',*,*,#1963,.F.);
#2870=ORIENTED_EDGE('',*,*,#1964,.T.);
#2871=ORIENTED_EDGE('',*,*,#1962,.F.);
#2872=ORIENTED_EDGE('',*,*,#1960,.F.);
#2873=ORIENTED_EDGE('',*,*,#1964,.F.);
#2874=ORIENTED_EDGE('',*,*,#1953,.T.);
#2875=ORIENTED_EDGE('',*,*,#1965,.T.);
#2876=ORIENTED_EDGE('',*,*,#1958,.T.);
#2877=ORIENTED_EDGE('',*,*,#1966,.T.);
#2878=ORIENTED_EDGE('',*,*,#1948,.T.);
#2879=ORIENTED_EDGE('',*,*,#1967,.T.);
#2880=ORIENTED_EDGE('',*,*,#1963,.T.);
#2881=ORIENTED_EDGE('',*,*,#1968,.T.);
#2882=ORIENTED_EDGE('',*,*,#1968,.F.);
#2883=ORIENTED_EDGE('',*,*,#1969,.T.);
#2884=ORIENTED_EDGE('',*,*,#1941,.F.);
#2885=ORIENTED_EDGE('',*,*,#1969,.F.);
#2886=ORIENTED_EDGE('',*,*,#1965,.F.);
#2887=ORIENTED_EDGE('',*,*,#1970,.T.);
#2888=ORIENTED_EDGE('',*,*,#1942,.F.);
#2889=ORIENTED_EDGE('',*,*,#1970,.F.);
#2890=ORIENTED_EDGE('',*,*,#1966,.F.);
#2891=ORIENTED_EDGE('',*,*,#1971,.T.);
#2892=ORIENTED_EDGE('',*,*,#1943,.F.);
#2893=ORIENTED_EDGE('',*,*,#1971,.F.);
#2894=ORIENTED_EDGE('',*,*,#1967,.F.);
#2895=ORIENTED_EDGE('',*,*,#1972,.T.);
#2896=ORIENTED_EDGE('',*,*,#1944,.F.);
#2897=ORIENTED_EDGE('',*,*,#1972,.F.);
#2898=ORIENTED_EDGE('',*,*,#1662,.F.);
#2899=ORIENTED_EDGE('',*,*,#1771,.F.);
#2900=ORIENTED_EDGE('',*,*,#1780,.T.);
#2901=ORIENTED_EDGE('',*,*,#1940,.F.);
#2902=ORIENTED_EDGE('',*,*,#1598,.F.);
#2903=CYLINDRICAL_SURFACE('',#3151,1.);
#2904=CYLINDRICAL_SURFACE('',#3155,1.);
#2905=CYLINDRICAL_SURFACE('',#3162,1.);
#2906=CYLINDRICAL_SURFACE('',#3167,1.);
#2907=CYLINDRICAL_SURFACE('',#3187,2.);
#2908=CYLINDRICAL_SURFACE('',#3191,2.);
#2909=CYLINDRICAL_SURFACE('',#3203,2.);
#2910=CYLINDRICAL_SURFACE('',#3208,2.);
#2911=CYLINDRICAL_SURFACE('',#3212,2.);
#2912=CYLINDRICAL_SURFACE('',#3230,21.3);
#2913=CYLINDRICAL_SURFACE('',#3236,2.);
#2914=CYLINDRICAL_SURFACE('',#3242,2.);
#2915=CYLINDRICAL_SURFACE('',#3247,2.);
#2916=CYLINDRICAL_SURFACE('',#3254,2.);
#2917=CYLINDRICAL_SURFACE('',#3257,2.);
#2918=CYLINDRICAL_SURFACE('',#3260,2.);
#2919=CYLINDRICAL_SURFACE('',#3262,2.);
#2920=CYLINDRICAL_SURFACE('',#3267,2.);
#2921=CYLINDRICAL_SURFACE('',#3268,2.);
#2922=CYLINDRICAL_SURFACE('',#3270,2.);
#2923=CYLINDRICAL_SURFACE('',#3284,2.);
#2924=CYLINDRICAL_SURFACE('',#3287,2.);
#2925=CYLINDRICAL_SURFACE('',#3290,2.);
#2926=CYLINDRICAL_SURFACE('',#3296,2.);
#2927=CYLINDRICAL_SURFACE('',#3299,4.05);
#2928=CYLINDRICAL_SURFACE('',#3302,4.05);
#2929=CYLINDRICAL_SURFACE('',#3304,0.499999999999998);
#2930=CYLINDRICAL_SURFACE('',#3306,0.499999999999998);
#2931=CYLINDRICAL_SURFACE('',#3313,15.);
#2932=CYLINDRICAL_SURFACE('',#3321,1.);
#2933=CYLINDRICAL_SURFACE('',#3326,1.);
#2934=CYLINDRICAL_SURFACE('',#3328,1.);
#2935=CYLINDRICAL_SURFACE('',#3333,1.);
#2936=CYLINDRICAL_SURFACE('',#3335,2.);
#2937=CYLINDRICAL_SURFACE('',#3342,2.);
#2938=CYLINDRICAL_SURFACE('',#3345,2.);
#2939=CYLINDRICAL_SURFACE('',#3349,2.);
#2940=CYLINDRICAL_SURFACE('',#3350,2.);
#2941=CYLINDRICAL_SURFACE('',#3352,1.);
#2942=CYLINDRICAL_SURFACE('',#3355,1.);
#2943=CYLINDRICAL_SURFACE('',#3358,7.00000025331974);
#2944=CYLINDRICAL_SURFACE('',#3360,2.95);
#2945=CYLINDRICAL_SURFACE('',#3362,2.);
#2946=CYLINDRICAL_SURFACE('',#3376,2.);
#2947=CYLINDRICAL_SURFACE('',#3377,2.);
#2948=CYLINDRICAL_SURFACE('',#3378,2.);
#2949=CYLINDRICAL_SURFACE('',#3380,2.);
#2950=CYLINDRICAL_SURFACE('',#3391,2.);
#2951=CYLINDRICAL_SURFACE('',#3393,2.);
#2952=CYLINDRICAL_SURFACE('',#3395,2.);
#2953=CYLINDRICAL_SURFACE('',#3397,2.);
#2954=CYLINDRICAL_SURFACE('',#3406,2.);
#2955=CYLINDRICAL_SURFACE('',#3407,2.);
#2956=CYLINDRICAL_SURFACE('',#3408,2.);
#2957=CYLINDRICAL_SURFACE('',#3413,2.);
#2958=CYLINDRICAL_SURFACE('',#3414,2.);
#2959=CYLINDRICAL_SURFACE('',#3415,18.4999999999996);
#2960=CYLINDRICAL_SURFACE('',#3416,2.);
#2961=CYLINDRICAL_SURFACE('',#3417,18.5);
#2962=CYLINDRICAL_SURFACE('',#3418,2.);
#2963=CYLINDRICAL_SURFACE('',#3421,2.);
#2964=CYLINDRICAL_SURFACE('',#3424,2.);
#2965=CYLINDRICAL_SURFACE('',#3425,18.5);
#2966=CYLINDRICAL_SURFACE('',#3426,2.);
#2967=CYLINDRICAL_SURFACE('',#3427,18.5);
#2968=CYLINDRICAL_SURFACE('',#3439,1.75);
#2969=CYLINDRICAL_SURFACE('',#3445,1.75);
#2970=CYLINDRICAL_SURFACE('',#3451,1.75);
#2971=CYLINDRICAL_SURFACE('',#3457,1.75);
#2972=CYLINDRICAL_SURFACE('',#3467,0.649999999999999);
#2973=CYLINDRICAL_SURFACE('',#3468,0.649999999999999);
#2974=CYLINDRICAL_SURFACE('',#3469,0.649999999999999);
#2975=CYLINDRICAL_SURFACE('',#3470,0.649999999999999);
#2976=ADVANCED_FACE('',(#179),#2903,.F.);
#2977=ADVANCED_FACE('',(#180),#105,.F.);
#2978=ADVANCED_FACE('',(#181),#2904,.F.);
#2979=ADVANCED_FACE('',(#182),#106,.F.);
#2980=ADVANCED_FACE('',(#183),#107,.F.);
#2981=ADVANCED_FACE('',(#184),#2905,.F.);
#2982=ADVANCED_FACE('',(#185,#79),#108,.F.);
#2983=ADVANCED_FACE('',(#186),#2906,.F.);
#2984=ADVANCED_FACE('',(#187),#109,.F.);
#2985=ADVANCED_FACE('',(#188),#110,.F.);
#2986=ADVANCED_FACE('',(#189),#111,.F.);
#2987=ADVANCED_FACE('',(#190),#112,.F.);
#2988=ADVANCED_FACE('',(#191),#113,.F.);
#2989=ADVANCED_FACE('',(#192),#114,.F.);
#2990=ADVANCED_FACE('',(#193),#115,.F.);
#2991=ADVANCED_FACE('',(#194),#116,.F.);
#2992=ADVANCED_FACE('',(#195),#117,.F.);
#2993=ADVANCED_FACE('',(#196),#118,.F.);
#2994=ADVANCED_FACE('',(#197),#119,.F.);
#2995=ADVANCED_FACE('',(#198),#120,.F.);
#2996=ADVANCED_FACE('',(#199),#121,.T.);
#2997=ADVANCED_FACE('',(#200),#122,.T.);
#2998=ADVANCED_FACE('',(#201),#123,.T.);
#2999=ADVANCED_FACE('',(#202),#2907,.F.);
#3000=ADVANCED_FACE('',(#203),#124,.T.);
#3001=ADVANCED_FACE('',(#204),#2908,.F.);
#3002=ADVANCED_FACE('',(#205),#125,.F.);
#3003=ADVANCED_FACE('',(#206,#80),#126,.F.);
#3004=ADVANCED_FACE('',(#207),#2909,.T.);
#3005=ADVANCED_FACE('',(#208),#127,.T.);
#3006=ADVANCED_FACE('',(#209),#128,.F.);
#3007=ADVANCED_FACE('',(#210),#2910,.T.);
#3008=ADVANCED_FACE('',(#211),#129,.T.);
#3009=ADVANCED_FACE('',(#212),#2911,.F.);
#3010=ADVANCED_FACE('',(#213),#130,.T.);
#3011=ADVANCED_FACE('',(#214),#131,.T.);
#3012=ADVANCED_FACE('',(#215),#132,.T.);
#3013=ADVANCED_FACE('',(#216),#133,.F.);
#3014=ADVANCED_FACE('',(#217),#134,.F.);
#3015=ADVANCED_FACE('',(#218),#135,.F.);
#3016=ADVANCED_FACE('',(#219),#136,.T.);
#3017=ADVANCED_FACE('',(#220,#81),#137,.F.);
#3018=ADVANCED_FACE('',(#221),#138,.F.);
#3019=ADVANCED_FACE('',(#222),#139,.T.);
#3020=ADVANCED_FACE('',(#223),#140,.T.);
#3021=ADVANCED_FACE('',(#224,#82,#83),#2912,.T.);
#3022=ADVANCED_FACE('',(#225),#2913,.F.);
#3023=ADVANCED_FACE('',(#226),#141,.F.);
#3024=ADVANCED_FACE('',(#227),#2914,.F.);
#3025=ADVANCED_FACE('',(#228),#19,.F.);
#3026=ADVANCED_FACE('',(#229),#2915,.T.);
#3027=ADVANCED_FACE('',(#230),#20,.F.);
#3028=ADVANCED_FACE('',(#231),#142,.F.);
#3029=ADVANCED_FACE('',(#232),#2916,.F.);
#3030=ADVANCED_FACE('',(#233),#2917,.F.);
#3031=ADVANCED_FACE('',(#234),#2918,.F.);
#3032=ADVANCED_FACE('',(#235),#2919,.F.);
#3033=ADVANCED_FACE('',(#236),#143,.T.);
#3034=ADVANCED_FACE('',(#237),#144,.T.);
#3035=ADVANCED_FACE('',(#238),#2920,.F.);
#3036=ADVANCED_FACE('',(#239),#2921,.F.);
#3037=ADVANCED_FACE('',(#240),#2922,.F.);
#3038=ADVANCED_FACE('',(#241),#17,.F.);
#3039=ADVANCED_FACE('',(#242,#84),#145,.F.);
#3040=ADVANCED_FACE('',(#243),#146,.F.);
#3041=ADVANCED_FACE('',(#244),#2923,.F.);
#3042=ADVANCED_FACE('',(#245),#147,.T.);
#3043=ADVANCED_FACE('',(#246),#2924,.F.);
#3044=ADVANCED_FACE('',(#247),#2925,.F.);
#3045=ADVANCED_FACE('',(#248),#18,.F.);
#3046=ADVANCED_FACE('',(#249),#148,.T.);
#3047=ADVANCED_FACE('',(#250),#2926,.F.);
#3048=ADVANCED_FACE('',(#251),#149,.F.);
#3049=ADVANCED_FACE('',(#252),#2927,.F.);
#3050=ADVANCED_FACE('',(#253),#150,.F.);
#3051=ADVANCED_FACE('',(#254),#2928,.F.);
#3052=ADVANCED_FACE('',(#255),#2929,.F.);
#3053=ADVANCED_FACE('',(#256),#2930,.F.);
#3054=ADVANCED_FACE('',(#257),#151,.T.);
#3055=ADVANCED_FACE('',(#258),#21,.F.);
#3056=ADVANCED_FACE('',(#259),#2931,.T.);
#3057=ADVANCED_FACE('',(#260),#22,.F.);
#3058=ADVANCED_FACE('',(#261),#2932,.F.);
#3059=ADVANCED_FACE('',(#262),#15,.T.);
#3060=ADVANCED_FACE('',(#263),#2933,.F.);
#3061=ADVANCED_FACE('',(#264,#85),#152,.T.);
#3062=ADVANCED_FACE('',(#265),#2934,.F.);
#3063=ADVANCED_FACE('',(#266),#16,.T.);
#3064=ADVANCED_FACE('',(#267),#2935,.F.);
#3065=ADVANCED_FACE('',(#268,#86),#153,.T.);
#3066=ADVANCED_FACE('',(#269),#2936,.F.);
#3067=ADVANCED_FACE('',(#270),#154,.F.);
#3068=ADVANCED_FACE('',(#271),#2937,.F.);
#3069=ADVANCED_FACE('',(#272),#155,.T.);
#3070=ADVANCED_FACE('',(#273),#156,.T.);
#3071=ADVANCED_FACE('',(#274),#2938,.F.);
#3072=ADVANCED_FACE('',(#275),#157,.F.);
#3073=ADVANCED_FACE('',(#276),#158,.T.);
#3074=ADVANCED_FACE('',(#277),#159,.F.);
#3075=ADVANCED_FACE('',(#278),#2939,.T.);
#3076=ADVANCED_FACE('',(#279),#2940,.T.);
#3077=ADVANCED_FACE('',(#280),#160,.F.);
#3078=ADVANCED_FACE('',(#281),#2941,.F.);
#3079=ADVANCED_FACE('',(#282),#161,.F.);
#3080=ADVANCED_FACE('',(#283),#2942,.F.);
#3081=ADVANCED_FACE('',(#284),#162,.F.);
#3082=ADVANCED_FACE('',(#285),#2943,.T.);
#3083=ADVANCED_FACE('',(#286),#2944,.F.);
#3084=ADVANCED_FACE('',(#287),#2945,.F.);
#3085=ADVANCED_FACE('',(#288,#87,#88,#89,#90),#163,.T.);
#3086=ADVANCED_FACE('',(#289),#2946,.F.);
#3087=ADVANCED_FACE('',(#290),#2947,.F.);
#3088=ADVANCED_FACE('',(#291),#2948,.F.);
#3089=ADVANCED_FACE('',(#292),#2949,.F.);
#3090=ADVANCED_FACE('',(#293),#164,.F.);
#3091=ADVANCED_FACE('',(#294,#91),#165,.T.);
#3092=ADVANCED_FACE('',(#295,#92,#93,#94),#166,.T.);
#3093=ADVANCED_FACE('',(#296),#2950,.T.);
#3094=ADVANCED_FACE('',(#297),#2951,.F.);
#3095=ADVANCED_FACE('',(#298),#2952,.T.);
#3096=ADVANCED_FACE('',(#299),#2953,.F.);
#3097=ADVANCED_FACE('',(#300),#23,.F.);
#3098=ADVANCED_FACE('',(#301),#167,.F.);
#3099=ADVANCED_FACE('',(#302),#24,.F.);
#3100=ADVANCED_FACE('',(#303),#2954,.T.);
#3101=ADVANCED_FACE('',(#304),#2955,.F.);
#3102=ADVANCED_FACE('',(#305),#2956,.F.);
#3103=ADVANCED_FACE('',(#306),#168,.F.);
#3104=ADVANCED_FACE('',(#307),#2957,.F.);
#3105=ADVANCED_FACE('',(#308),#2958,.F.);
#3106=ADVANCED_FACE('',(#309),#2959,.F.);
#3107=ADVANCED_FACE('',(#310),#2960,.F.);
#3108=ADVANCED_FACE('',(#311),#2961,.F.);
#3109=ADVANCED_FACE('',(#312),#2962,.F.);
#3110=ADVANCED_FACE('',(#313),#169,.T.);
#3111=ADVANCED_FACE('',(#314),#2963,.F.);
#3112=ADVANCED_FACE('',(#315),#170,.T.);
#3113=ADVANCED_FACE('',(#316),#2964,.F.);
#3114=ADVANCED_FACE('',(#317),#2965,.F.);
#3115=ADVANCED_FACE('',(#318),#2966,.F.);
#3116=ADVANCED_FACE('',(#319),#2967,.F.);
#3117=ADVANCED_FACE('',(#320,#95,#96,#97,#98,#99,#100),#171,.T.);
#3118=ADVANCED_FACE('',(#321),#172,.T.);
#3119=ADVANCED_FACE('',(#322),#173,.F.);
#3120=ADVANCED_FACE('',(#323),#25,.F.);
#3121=ADVANCED_FACE('',(#324),#2968,.T.);
#3122=ADVANCED_FACE('',(#325),#26,.F.);
#3123=ADVANCED_FACE('',(#326),#2969,.T.);
#3124=ADVANCED_FACE('',(#327),#27,.F.);
#3125=ADVANCED_FACE('',(#328),#2970,.T.);
#3126=ADVANCED_FACE('',(#329),#28,.F.);
#3127=ADVANCED_FACE('',(#330),#2971,.T.);
#3128=ADVANCED_FACE('',(#331,#101),#174,.T.);
#3129=ADVANCED_FACE('',(#332,#102),#175,.T.);
#3130=ADVANCED_FACE('',(#333,#103),#176,.T.);
#3131=ADVANCED_FACE('',(#334,#104),#177,.T.);
#3132=ADVANCED_FACE('',(#335),#2972,.F.);
#3133=ADVANCED_FACE('',(#336),#2973,.F.);
#3134=ADVANCED_FACE('',(#337),#2974,.F.);
#3135=ADVANCED_FACE('',(#338),#2975,.F.);
#3136=ADVANCED_FACE('',(#339),#178,.T.);
#3137=CLOSED_SHELL('',(#2976,#2977,#2978,#2979,#2980,#2981,#2982,#2983,
#2984,#2985,#2986,#2987,#2988,#2989,#2990,#2991,#2992,#2993,#2994,#2995,
#2996,#2997,#2998,#2999,#3000,#3001,#3002,#3003,#3004,#3005,#3006,#3007,
#3008,#3009,#3010,#3011,#3012,#3013,#3014,#3015,#3016,#3017,#3018,#3019,
#3020,#3021,#3022,#3023,#3024,#3025,#3026,#3027,#3028,#3029,#3030,#3031,
#3032,#3033,#3034,#3035,#3036,#3037,#3038,#3039,#3040,#3041,#3042,#3043,
#3044,#3045,#3046,#3047,#3048,#3049,#3050,#3051,#3052,#3053,#3054,#3055,
#3056,#3057,#3058,#3059,#3060,#3061,#3062,#3063,#3064,#3065,#3066,#3067,
#3068,#3069,#3070,#3071,#3072,#3073,#3074,#3075,#3076,#3077,#3078,#3079,
#3080,#3081,#3082,#3083,#3084,#3085,#3086,#3087,#3088,#3089,#3090,#3091,
#3092,#3093,#3094,#3095,#3096,#3097,#3098,#3099,#3100,#3101,#3102,#3103,
#3104,#3105,#3106,#3107,#3108,#3109,#3110,#3111,#3112,#3113,#3114,#3115,
#3116,#3117,#3118,#3119,#3120,#3121,#3122,#3123,#3124,#3125,#3126,#3127,
#3128,#3129,#3130,#3131,#3132,#3133,#3134,#3135,#3136));
#3138=DERIVED_UNIT_ELEMENT(#3140,1.);
#3139=DERIVED_UNIT_ELEMENT(#5715,-3.);
#3140=(
MASS_UNIT()
NAMED_UNIT(*)
SI_UNIT(.KILO.,.GRAM.)
);
#3141=DERIVED_UNIT((#3138,#3139));
#3142=MEASURE_REPRESENTATION_ITEM('density measure',
POSITIVE_RATIO_MEASURE(7850.),#3141);
#3143=PROPERTY_DEFINITION_REPRESENTATION(#3148,#3145);
#3144=PROPERTY_DEFINITION_REPRESENTATION(#3149,#3146);
#3145=REPRESENTATION('material name',(#3147),#5712);
#3146=REPRESENTATION('density',(#3142),#5712);
#3147=DESCRIPTIVE_REPRESENTATION_ITEM('A\X\E7o','A\X\E7o');
#3148=PROPERTY_DEFINITION('material property','material name',#5722);
#3149=PROPERTY_DEFINITION('material property','density of part',#5722);
#3150=AXIS2_PLACEMENT_3D('',#4378,#3472,#3473);
#3151=AXIS2_PLACEMENT_3D('',#4379,#3474,#3475);
#3152=AXIS2_PLACEMENT_3D('',#4382,#3476,#3477);
#3153=AXIS2_PLACEMENT_3D('',#4386,#3479,#3480);
#3154=AXIS2_PLACEMENT_3D('',#4388,#3482,#3483);
#3155=AXIS2_PLACEMENT_3D('',#4394,#3487,#3488);
#3156=AXIS2_PLACEMENT_3D('',#4396,#3489,#3490);
#3157=AXIS2_PLACEMENT_3D('',#4399,#3492,#3493);
#3158=AXIS2_PLACEMENT_3D('',#4400,#3494,#3495);
#3159=AXIS2_PLACEMENT_3D('',#4410,#3501,#3502);
#3160=AXIS2_PLACEMENT_3D('',#4414,#3504,#3505);
#3161=AXIS2_PLACEMENT_3D('',#4425,#3511,#3512);
#3162=AXIS2_PLACEMENT_3D('',#4426,#3513,#3514);
#3163=AXIS2_PLACEMENT_3D('',#4429,#3515,#3516);
#3164=AXIS2_PLACEMENT_3D('',#4433,#3518,#3519);
#3165=AXIS2_PLACEMENT_3D('',#4435,#3521,#3522);
#3166=AXIS2_PLACEMENT_3D('',#4447,#3529,#3530);
#3167=AXIS2_PLACEMENT_3D('',#4448,#3531,#3532);
#3168=AXIS2_PLACEMENT_3D('',#4451,#3533,#3534);
#3169=AXIS2_PLACEMENT_3D('',#4455,#3536,#3537);
#3170=AXIS2_PLACEMENT_3D('',#4457,#3539,#3540);
#3171=AXIS2_PLACEMENT_3D('',#4463,#3544,#3545);
#3172=AXIS2_PLACEMENT_3D('',#4469,#3549,#3550);
#3173=AXIS2_PLACEMENT_3D('',#4478,#3555,#3556);
#3174=AXIS2_PLACEMENT_3D('',#4484,#3560,#3561);
#3175=AXIS2_PLACEMENT_3D('',#4490,#3565,#3566);
#3176=AXIS2_PLACEMENT_3D('',#4493,#3569,#3570);
#3177=AXIS2_PLACEMENT_3D('',#4494,#3571,#3572);
#3178=AXIS2_PLACEMENT_3D('',#4503,#3577,#3578);
#3179=AXIS2_PLACEMENT_3D('',#4509,#3582,#3583);
#3180=AXIS2_PLACEMENT_3D('',#4515,#3587,#3588);
#3181=AXIS2_PLACEMENT_3D('',#4518,#3591,#3592);
#3182=AXIS2_PLACEMENT_3D('',#4519,#3593,#3594);
#3183=AXIS2_PLACEMENT_3D('',#4523,#3596,#3597);
#3184=AXIS2_PLACEMENT_3D('',#4529,#3601,#3602);
#3185=AXIS2_PLACEMENT_3D('',#4533,#3604,#3605);
#3186=AXIS2_PLACEMENT_3D('',#4541,#3610,#3611);
#3187=AXIS2_PLACEMENT_3D('',#4551,#3617,#3618);
#3188=AXIS2_PLACEMENT_3D('',#4554,#3619,#3620);
#3189=AXIS2_PLACEMENT_3D('',#4558,#3622,#3623);
#3190=AXIS2_PLACEMENT_3D('',#4577,#3625,#3626);
#3191=AXIS2_PLACEMENT_3D('',#4591,#3634,#3635);
#3192=AXIS2_PLACEMENT_3D('',#4613,#3637,#3638);
#3193=AXIS2_PLACEMENT_3D('',#4616,#3640,#3641);
#3194=AXIS2_PLACEMENT_3D('',#4617,#3642,#3643);
#3195=AXIS2_PLACEMENT_3D('',#4623,#3647,#3648);
#3196=AXIS2_PLACEMENT_3D('',#4625,#3649,#3650);
#3197=AXIS2_PLACEMENT_3D('',#4627,#3651,#3652);
#3198=AXIS2_PLACEMENT_3D('',#4629,#3653,#3654);
#3199=AXIS2_PLACEMENT_3D('',#4631,#3655,#3656);
#3200=AXIS2_PLACEMENT_3D('',#4635,#3658,#3659);
#3201=AXIS2_PLACEMENT_3D('',#4637,#3660,#3661);
#3202=AXIS2_PLACEMENT_3D('',#4638,#3662,#3663);
#3203=AXIS2_PLACEMENT_3D('',#4639,#3664,#3665);
#3204=AXIS2_PLACEMENT_3D('',#4642,#3666,#3667);
#3205=AXIS2_PLACEMENT_3D('',#4646,#3669,#3670);
#3206=AXIS2_PLACEMENT_3D('',#4648,#3672,#3673);
#3207=AXIS2_PLACEMENT_3D('',#4678,#3685,#3686);
#3208=AXIS2_PLACEMENT_3D('',#4680,#3688,#3689);
#3209=AXIS2_PLACEMENT_3D('',#4682,#3690,#3691);
#3210=AXIS2_PLACEMENT_3D('',#4685,#3693,#3694);
#3211=AXIS2_PLACEMENT_3D('',#4686,#3695,#3696);
#3212=AXIS2_PLACEMENT_3D('',#4694,#3701,#3702);
#3213=AXIS2_PLACEMENT_3D('',#4699,#3705,#3706);
#3214=AXIS2_PLACEMENT_3D('',#4701,#3707,#3708);
#3215=AXIS2_PLACEMENT_3D('',#4703,#3710,#3711);
#3216=AXIS2_PLACEMENT_3D('',#4730,#3721,#3722);
#3217=AXIS2_PLACEMENT_3D('',#4734,#3724,#3725);
#3218=AXIS2_PLACEMENT_3D('',#4738,#3728,#3729);
#3219=AXIS2_PLACEMENT_3D('',#4740,#3731,#3732);
#3220=AXIS2_PLACEMENT_3D('',#4746,#3736,#3737);
#3221=AXIS2_PLACEMENT_3D('',#4755,#3742,#3743);
#3222=AXIS2_PLACEMENT_3D('',#4759,#3746,#3747);
#3223=AXIS2_PLACEMENT_3D('',#4763,#3749,#3750);
#3224=AXIS2_PLACEMENT_3D('',#4769,#3754,#3755);
#3225=AXIS2_PLACEMENT_3D('',#4776,#3760,#3761);
#3226=AXIS2_PLACEMENT_3D('',#4777,#3762,#3763);
#3227=AXIS2_PLACEMENT_3D('',#4781,#3766,#3767);
#3228=AXIS2_PLACEMENT_3D('',#4785,#3769,#3770);
#3229=AXIS2_PLACEMENT_3D('',#4787,#3772,#3773);
#3230=AXIS2_PLACEMENT_3D('',#4793,#3777,#3778);
#3231=AXIS2_PLACEMENT_3D('',#4796,#3780,#3781);
#3232=AXIS2_PLACEMENT_3D('',#4809,#3782,#3783);
#3233=AXIS2_PLACEMENT_3D('',#4832,#3784,#3785);
#3234=AXIS2_PLACEMENT_3D('',#4858,#3786,#3787);
#3235=AXIS2_PLACEMENT_3D('',#4890,#3789,#3790);
#3236=AXIS2_PLACEMENT_3D('',#4907,#3792,#3793);
#3237=AXIS2_PLACEMENT_3D('',#4910,#3795,#3796);
#3238=AXIS2_PLACEMENT_3D('',#4911,#3797,#3798);
#3239=AXIS2_PLACEMENT_3D('',#4915,#3800,#3801);
#3240=AXIS2_PLACEMENT_3D('',#4917,#3802,#3803);
#3241=AXIS2_PLACEMENT_3D('',#4918,#3804,#3805);
#3242=AXIS2_PLACEMENT_3D('',#4919,#3806,#3807);
#3243=AXIS2_PLACEMENT_3D('',#4920,#3808,#3809);
#3244=AXIS2_PLACEMENT_3D('',#4921,#3810,#3811);
#3245=AXIS2_PLACEMENT_3D('',#4923,#3812,#3813);
#3246=AXIS2_PLACEMENT_3D('',#4944,#3814,#3815);
#3247=AXIS2_PLACEMENT_3D('',#4945,#3816,#3817);
#3248=AXIS2_PLACEMENT_3D('',#4947,#3818,#3819);
#3249=AXIS2_PLACEMENT_3D('',#4949,#3821,#3822);
#3250=AXIS2_PLACEMENT_3D('',#4951,#3823,#3824);
#3251=AXIS2_PLACEMENT_3D('',#4969,#3825,#3826);
#3252=AXIS2_PLACEMENT_3D('',#4971,#3827,#3828);
#3253=AXIS2_PLACEMENT_3D('',#4972,#3829,#3830);
#3254=AXIS2_PLACEMENT_3D('',#4973,#3831,#3832);
#3255=AXIS2_PLACEMENT_3D('',#4985,#3833,#3834);
#3256=AXIS2_PLACEMENT_3D('',#4986,#3835,#3836);
#3257=AXIS2_PLACEMENT_3D('',#4987,#3837,#3838);
#3258=AXIS2_PLACEMENT_3D('',#5000,#3839,#3840);
#3259=AXIS2_PLACEMENT_3D('',#5003,#3842,#3843);
#3260=AXIS2_PLACEMENT_3D('',#5004,#3844,#3845);
#3261=AXIS2_PLACEMENT_3D('',#5006,#3847,#3848);
#3262=AXIS2_PLACEMENT_3D('',#5007,#3849,#3850);
#3263=AXIS2_PLACEMENT_3D('',#5008,#3851,#3852);
#3264=AXIS2_PLACEMENT_3D('',#5027,#3853,#3854);
#3265=AXIS2_PLACEMENT_3D('',#5034,#3858,#3859);
#3266=AXIS2_PLACEMENT_3D('',#5035,#3860,#3861);
#3267=AXIS2_PLACEMENT_3D('',#5037,#3863,#3864);
#3268=AXIS2_PLACEMENT_3D('',#5038,#3865,#3866);
#3269=AXIS2_PLACEMENT_3D('',#5040,#3867,#3868);
#3270=AXIS2_PLACEMENT_3D('',#5049,#3870,#3871);
#3271=AXIS2_PLACEMENT_3D('',#5052,#3873,#3874);
#3272=AXIS2_PLACEMENT_3D('',#5053,#3875,#3876);
#3273=AXIS2_PLACEMENT_3D('',#5054,#3877,#3878);
#3274=AXIS2_PLACEMENT_3D('',#5055,#3879,#3880);
#3275=AXIS2_PLACEMENT_3D('',#5061,#3883,#3884);
#3276=AXIS2_PLACEMENT_3D('',#5063,#3885,#3886);
#3277=AXIS2_PLACEMENT_3D('',#5065,#3887,#3888);
#3278=AXIS2_PLACEMENT_3D('',#5073,#3892,#3893);
#3279=AXIS2_PLACEMENT_3D('',#5076,#3895,#3896);
#3280=AXIS2_PLACEMENT_3D('',#5078,#3897,#3898);
#3281=AXIS2_PLACEMENT_3D('',#5079,#3899,#3900);
#3282=AXIS2_PLACEMENT_3D('',#5081,#3901,#3902);
#3283=AXIS2_PLACEMENT_3D('',#5085,#3904,#3905);
#3284=AXIS2_PLACEMENT_3D('',#5089,#3908,#3909);
#3285=AXIS2_PLACEMENT_3D('',#5092,#3911,#3912);
#3286=AXIS2_PLACEMENT_3D('',#5093,#3913,#3914);
#3287=AXIS2_PLACEMENT_3D('',#5099,#3918,#3919);
#3288=AXIS2_PLACEMENT_3D('',#5101,#3920,#3921);
#3289=AXIS2_PLACEMENT_3D('',#5104,#3923,#3924);
#3290=AXIS2_PLACEMENT_3D('',#5105,#3925,#3926);
#3291=AXIS2_PLACEMENT_3D('',#5113,#3927,#3928);
#3292=AXIS2_PLACEMENT_3D('',#5114,#3929,#3930);
#3293=AXIS2_PLACEMENT_3D('',#5115,#3931,#3932);
#3294=AXIS2_PLACEMENT_3D('',#5116,#3933,#3934);
#3295=AXIS2_PLACEMENT_3D('',#5117,#3935,#3936);
#3296=AXIS2_PLACEMENT_3D('',#5127,#3942,#3943);
#3297=AXIS2_PLACEMENT_3D('',#5128,#3944,#3945);
#3298=AXIS2_PLACEMENT_3D('',#5129,#3946,#3947);
#3299=AXIS2_PLACEMENT_3D('',#5135,#3951,#3952);
#3300=AXIS2_PLACEMENT_3D('',#5137,#3953,#3954);
#3301=AXIS2_PLACEMENT_3D('',#5139,#3956,#3957);
#3302=AXIS2_PLACEMENT_3D('',#5143,#3960,#3961);
#3303=AXIS2_PLACEMENT_3D('',#5144,#3962,#3963);
#3304=AXIS2_PLACEMENT_3D('',#5146,#3965,#3966);
#3305=AXIS2_PLACEMENT_3D('',#5148,#3967,#3968);
#3306=AXIS2_PLACEMENT_3D('',#5150,#3970,#3971);
#3307=AXIS2_PLACEMENT_3D('',#5153,#3973,#3974);
#3308=AXIS2_PLACEMENT_3D('',#5154,#3975,#3976);
#3309=AXIS2_PLACEMENT_3D('',#5157,#3978,#3979);
#3310=AXIS2_PLACEMENT_3D('',#5158,#3980,#3981);
#3311=AXIS2_PLACEMENT_3D('',#5170,#3982,#3983);
#3312=AXIS2_PLACEMENT_3D('',#5180,#3984,#3985);
#3313=AXIS2_PLACEMENT_3D('',#5189,#3986,#3987);
#3314=AXIS2_PLACEMENT_3D('',#5202,#3988,#3989);
#3315=AXIS2_PLACEMENT_3D('',#5233,#3992,#3993);
#3316=AXIS2_PLACEMENT_3D('',#5262,#3995,#3996);
#3317=AXIS2_PLACEMENT_3D('',#5274,#3997,#3998);
#3318=AXIS2_PLACEMENT_3D('',#5290,#4001,#4002);
#3319=AXIS2_PLACEMENT_3D('',#5304,#4005,#4006);
#3320=AXIS2_PLACEMENT_3D('',#5315,#4007,#4008);
#3321=AXIS2_PLACEMENT_3D('',#5333,#4009,#4010);
#3322=AXIS2_PLACEMENT_3D('',#5335,#4011,#4012);
#3323=AXIS2_PLACEMENT_3D('',#5348,#4014,#4015);
#3324=AXIS2_PLACEMENT_3D('',#5349,#4016,#4017);
#3325=AXIS2_PLACEMENT_3D('',#5350,#4018,#4019);
#3326=AXIS2_PLACEMENT_3D('',#5351,#4020,#4021);
#3327=AXIS2_PLACEMENT_3D('',#5354,#4024,#4025);
#3328=AXIS2_PLACEMENT_3D('',#5355,#4026,#4027);
#3329=AXIS2_PLACEMENT_3D('',#5358,#4028,#4029);
#3330=AXIS2_PLACEMENT_3D('',#5371,#4032,#4033);
#3331=AXIS2_PLACEMENT_3D('',#5372,#4034,#4035);
#3332=AXIS2_PLACEMENT_3D('',#5373,#4036,#4037);
#3333=AXIS2_PLACEMENT_3D('',#5374,#4038,#4039);
#3334=AXIS2_PLACEMENT_3D('',#5376,#4041,#4042);
#3335=AXIS2_PLACEMENT_3D('',#5377,#4043,#4044);
#3336=AXIS2_PLACEMENT_3D('',#5380,#4045,#4046);
#3337=AXIS2_PLACEMENT_3D('',#5383,#4049,#4050);
#3338=AXIS2_PLACEMENT_3D('',#5385,#4052,#4053);
#3339=AXIS2_PLACEMENT_3D('',#5387,#4054,#4055);
#3340=AXIS2_PLACEMENT_3D('',#5391,#4057,#4058);
#3341=AXIS2_PLACEMENT_3D('',#5394,#4060,#4061);
#3342=AXIS2_PLACEMENT_3D('',#5396,#4063,#4064);
#3343=AXIS2_PLACEMENT_3D('',#5397,#4065,#4066);
#3344=AXIS2_PLACEMENT_3D('',#5399,#4068,#4069);
#3345=AXIS2_PLACEMENT_3D('',#5400,#4070,#4071);
#3346=AXIS2_PLACEMENT_3D('',#5402,#4073,#4074);
#3347=AXIS2_PLACEMENT_3D('',#5403,#4075,#4076);
#3348=AXIS2_PLACEMENT_3D('',#5405,#4078,#4079);
#3349=AXIS2_PLACEMENT_3D('',#5407,#4081,#4082);
#3350=AXIS2_PLACEMENT_3D('',#5408,#4083,#4084);
#3351=AXIS2_PLACEMENT_3D('',#5410,#4086,#4087);
#3352=AXIS2_PLACEMENT_3D('',#5411,#4088,#4089);
#3353=AXIS2_PLACEMENT_3D('',#5414,#4090,#4091);
#3354=AXIS2_PLACEMENT_3D('',#5417,#4094,#4095);
#3355=AXIS2_PLACEMENT_3D('',#5419,#4097,#4098);
#3356=AXIS2_PLACEMENT_3D('',#5421,#4099,#4100);
#3357=AXIS2_PLACEMENT_3D('',#5423,#4102,#4103);
#3358=AXIS2_PLACEMENT_3D('',#5425,#4105,#4106);
#3359=AXIS2_PLACEMENT_3D('',#5426,#4107,#4108);
#3360=AXIS2_PLACEMENT_3D('',#5427,#4109,#4110);
#3361=AXIS2_PLACEMENT_3D('',#5429,#4111,#4112);
#3362=AXIS2_PLACEMENT_3D('',#5431,#4114,#4115);
#3363=AXIS2_PLACEMENT_3D('',#5433,#4117,#4118);
#3364=AXIS2_PLACEMENT_3D('',#5435,#4119,#4120);
#3365=AXIS2_PLACEMENT_3D('',#5438,#4122,#4123);
#3366=AXIS2_PLACEMENT_3D('',#5443,#4126,#4127);
#3367=AXIS2_PLACEMENT_3D('',#5447,#4129,#4130);
#3368=AXIS2_PLACEMENT_3D('',#5449,#4131,#4132);
#3369=AXIS2_PLACEMENT_3D('',#5453,#4134,#4135);
#3370=AXIS2_PLACEMENT_3D('',#5455,#4136,#4137);
#3371=AXIS2_PLACEMENT_3D('',#5459,#4139,#4140);
#3372=AXIS2_PLACEMENT_3D('',#5462,#4142,#4143);
#3373=AXIS2_PLACEMENT_3D('',#5464,#4144,#4145);
#3374=AXIS2_PLACEMENT_3D('',#5466,#4146,#4147);
#3375=AXIS2_PLACEMENT_3D('',#5468,#4148,#4149);
#3376=AXIS2_PLACEMENT_3D('',#5469,#4150,#4151);
#3377=AXIS2_PLACEMENT_3D('',#5470,#4152,#4153);
#3378=AXIS2_PLACEMENT_3D('',#5471,#4154,#4155);
#3379=AXIS2_PLACEMENT_3D('',#5473,#4156,#4157);
#3380=AXIS2_PLACEMENT_3D('',#5475,#4159,#4160);
#3381=AXIS2_PLACEMENT_3D('',#5477,#4161,#4162);
#3382=AXIS2_PLACEMENT_3D('',#5479,#4164,#4165);
#3383=AXIS2_PLACEMENT_3D('',#5481,#4167,#4168);
#3384=AXIS2_PLACEMENT_3D('',#5483,#4169,#4170);
#3385=AXIS2_PLACEMENT_3D('',#5485,#4171,#4172);
#3386=AXIS2_PLACEMENT_3D('',#5486,#4173,#4174);
#3387=AXIS2_PLACEMENT_3D('',#5488,#4175,#4176);
#3388=AXIS2_PLACEMENT_3D('',#5490,#4177,#4178);
#3389=AXIS2_PLACEMENT_3D('',#5491,#4179,#4180);
#3390=AXIS2_PLACEMENT_3D('',#5492,#4181,#4182);
#3391=AXIS2_PLACEMENT_3D('',#5493,#4183,#4184);
#3392=AXIS2_PLACEMENT_3D('',#5497,#4186,#4187);
#3393=AXIS2_PLACEMENT_3D('',#5499,#4189,#4190);
#3394=AXIS2_PLACEMENT_3D('',#5502,#4192,#4193);
#3395=AXIS2_PLACEMENT_3D('',#5503,#4194,#4195);
#3396=AXIS2_PLACEMENT_3D('',#5506,#4196,#4197);
#3397=AXIS2_PLACEMENT_3D('',#5509,#4200,#4201);
#3398=AXIS2_PLACEMENT_3D('',#5511,#4202,#4203);
#3399=AXIS2_PLACEMENT_3D('',#5513,#4205,#4206);
#3400=AXIS2_PLACEMENT_3D('',#5515,#4207,#4208);
#3401=AXIS2_PLACEMENT_3D('',#5534,#4209,#4210);
#3402=AXIS2_PLACEMENT_3D('',#5535,#4211,#4212);
#3403=AXIS2_PLACEMENT_3D('',#5536,#4213,#4214);
#3404=AXIS2_PLACEMENT_3D('',#5537,#4215,#4216);
#3405=AXIS2_PLACEMENT_3D('',#5539,#4217,#4218);
#3406=AXIS2_PLACEMENT_3D('',#5559,#4219,#4220);
#3407=AXIS2_PLACEMENT_3D('',#5561,#4222,#4223);
#3408=AXIS2_PLACEMENT_3D('',#5563,#4225,#4226);
#3409=AXIS2_PLACEMENT_3D('',#5565,#4227,#4228);
#3410=AXIS2_PLACEMENT_3D('',#5567,#4230,#4231);
#3411=AXIS2_PLACEMENT_3D('',#5569,#4232,#4233);
#3412=AXIS2_PLACEMENT_3D('',#5570,#4234,#4235);
#3413=AXIS2_PLACEMENT_3D('',#5571,#4236,#4237);
#3414=AXIS2_PLACEMENT_3D('',#5573,#4239,#4240);
#3415=AXIS2_PLACEMENT_3D('',#5575,#4242,#4243);
#3416=AXIS2_PLACEMENT_3D('',#5576,#4244,#4245);
#3417=AXIS2_PLACEMENT_3D('',#5578,#4247,#4248);
#3418=AXIS2_PLACEMENT_3D('',#5579,#4249,#4250);
#3419=AXIS2_PLACEMENT_3D('',#5583,#4252,#4253);
#3420=AXIS2_PLACEMENT_3D('',#5602,#4255,#4256);
#3421=AXIS2_PLACEMENT_3D('',#5605,#4259,#4260);
#3422=AXIS2_PLACEMENT_3D('',#5623,#4261,#4262);
#3423=AXIS2_PLACEMENT_3D('',#5625,#4264,#4265);
#3424=AXIS2_PLACEMENT_3D('',#5627,#4267,#4268);
#3425=AXIS2_PLACEMENT_3D('',#5630,#4271,#4272);
#3426=AXIS2_PLACEMENT_3D('',#5632,#4274,#4275);
#3427=AXIS2_PLACEMENT_3D('',#5634,#4277,#4278);
#3428=AXIS2_PLACEMENT_3D('',#5635,#4279,#4280);
#3429=AXIS2_PLACEMENT_3D('',#5640,#4284,#4285);
#3430=AXIS2_PLACEMENT_3D('',#5642,#4286,#4287);
#3431=AXIS2_PLACEMENT_3D('',#5644,#4288,#4289);
#3432=AXIS2_PLACEMENT_3D('',#5646,#4290,#4291);
#3433=AXIS2_PLACEMENT_3D('',#5647,#4292,#4293);
#3434=AXIS2_PLACEMENT_3D('',#5648,#4294,#4295);
#3435=AXIS2_PLACEMENT_3D('',#5649,#4296,#4297);
#3436=AXIS2_PLACEMENT_3D('',#5652,#4298,#4299);
#3437=AXIS2_PLACEMENT_3D('',#5653,#4300,#4301);
#3438=AXIS2_PLACEMENT_3D('',#5654,#4302,#4303);
#3439=AXIS2_PLACEMENT_3D('',#5655,#4304,#4305);
#3440=AXIS2_PLACEMENT_3D('',#5657,#4306,#4307);
#3441=AXIS2_PLACEMENT_3D('',#5659,#4309,#4310);
#3442=AXIS2_PLACEMENT_3D('',#5662,#4311,#4312);
#3443=AXIS2_PLACEMENT_3D('',#5663,#4313,#4314);
#3444=AXIS2_PLACEMENT_3D('',#5664,#4315,#4316);
#3445=AXIS2_PLACEMENT_3D('',#5665,#4317,#4318);
#3446=AXIS2_PLACEMENT_3D('',#5667,#4319,#4320);
#3447=AXIS2_PLACEMENT_3D('',#5669,#4322,#4323);
#3448=AXIS2_PLACEMENT_3D('',#5672,#4324,#4325);
#3449=AXIS2_PLACEMENT_3D('',#5673,#4326,#4327);
#3450=AXIS2_PLACEMENT_3D('',#5674,#4328,#4329);
#3451=AXIS2_PLACEMENT_3D('',#5675,#4330,#4331);
#3452=AXIS2_PLACEMENT_3D('',#5677,#4332,#4333);
#3453=AXIS2_PLACEMENT_3D('',#5679,#4335,#4336);
#3454=AXIS2_PLACEMENT_3D('',#5682,#4337,#4338);
#3455=AXIS2_PLACEMENT_3D('',#5683,#4339,#4340);
#3456=AXIS2_PLACEMENT_3D('',#5684,#4341,#4342);
#3457=AXIS2_PLACEMENT_3D('',#5685,#4343,#4344);
#3458=AXIS2_PLACEMENT_3D('',#5687,#4345,#4346);
#3459=AXIS2_PLACEMENT_3D('',#5689,#4348,#4349);
#3460=AXIS2_PLACEMENT_3D('',#5691,#4350,#4351);
#3461=AXIS2_PLACEMENT_3D('',#5692,#4352,#4353);
#3462=AXIS2_PLACEMENT_3D('',#5694,#4354,#4355);
#3463=AXIS2_PLACEMENT_3D('',#5695,#4356,#4357);
#3464=AXIS2_PLACEMENT_3D('',#5697,#4358,#4359);
#3465=AXIS2_PLACEMENT_3D('',#5698,#4360,#4361);
#3466=AXIS2_PLACEMENT_3D('',#5700,#4362,#4363);
#3467=AXIS2_PLACEMENT_3D('',#5701,#4364,#4365);
#3468=AXIS2_PLACEMENT_3D('',#5703,#4367,#4368);
#3469=AXIS2_PLACEMENT_3D('',#5705,#4370,#4371);
#3470=AXIS2_PLACEMENT_3D('',#5707,#4373,#4374);
#3471=AXIS2_PLACEMENT_3D('',#5709,#4376,#4377);
#3472=DIRECTION('axis',(0.,0.,1.));
#3473=DIRECTION('refdir',(1.,0.,0.));
#3474=DIRECTION('center_axis',(0.,-1.,0.));
#3475=DIRECTION('ref_axis',(0.707106781186548,0.,-0.707106781186548));
#3476=DIRECTION('center_axis',(0.,1.,0.));
#3477=DIRECTION('ref_axis',(0.707106781186548,0.,-0.707106781186548));
#3478=DIRECTION('',(0.,-1.,0.));
#3479=DIRECTION('center_axis',(0.,-1.,0.));
#3480=DIRECTION('ref_axis',(0.707106781186548,0.,-0.707106781186548));
#3481=DIRECTION('',(0.,1.,0.));
#3482=DIRECTION('center_axis',(0.,0.,-1.));
#3483=DIRECTION('ref_axis',(1.,0.,0.));
#3484=DIRECTION('',(1.,0.,0.));
#3485=DIRECTION('',(0.,1.,0.));
#3486=DIRECTION('',(-1.,0.,0.));
#3487=DIRECTION('center_axis',(0.,-1.,0.));
#3488=DIRECTION('ref_axis',(-0.707106781186548,0.,-0.707106781186548));
#3489=DIRECTION('center_axis',(0.,1.,0.));
#3490=DIRECTION('ref_axis',(-0.707106781186548,0.,-0.707106781186548));
#3491=DIRECTION('',(0.,-1.,0.));
#3492=DIRECTION('center_axis',(0.,-1.,0.));
#3493=DIRECTION('ref_axis',(-0.707106781186548,0.,-0.707106781186548));
#3494=DIRECTION('center_axis',(-1.,0.,0.));
#3495=DIRECTION('ref_axis',(0.,0.,-1.));
#3496=DIRECTION('',(0.,0.,-1.));
#3497=DIRECTION('',(0.,1.,0.));
#3498=DIRECTION('',(0.,0.,1.));
#3499=DIRECTION('',(0.,-1.,0.));
#3500=DIRECTION('',(0.,0.,1.));
#3501=DIRECTION('center_axis',(0.,1.,0.));
#3502=DIRECTION('ref_axis',(0.,0.,1.));
#3503=DIRECTION('',(0.,0.,-1.));
#3504=DIRECTION('center_axis',(0.,1.,0.));
#3505=DIRECTION('ref_axis',(0.707106781186547,0.,-0.707106781186548));
#3506=DIRECTION('',(1.,0.,0.));
#3507=DIRECTION('',(0.,0.,1.));
#3508=DIRECTION('',(-1.,0.,0.));
#3509=DIRECTION('',(0.,0.,-1.));
#3510=DIRECTION('',(1.,0.,0.));
#3511=DIRECTION('center_axis',(0.,1.,0.));
#3512=DIRECTION('ref_axis',(-0.707106781186548,0.,-0.707106781186548));
#3513=DIRECTION('center_axis',(0.,0.,-1.));
#3514=DIRECTION('ref_axis',(-0.707106781186548,0.707106781186547,0.));
#3515=DIRECTION('center_axis',(0.,0.,1.));
#3516=DIRECTION('ref_axis',(-0.707106781186548,0.707106781186547,0.));
#3517=DIRECTION('',(0.,0.,-1.));
#3518=DIRECTION('center_axis',(0.,0.,-1.));
#3519=DIRECTION('ref_axis',(-0.707106781186548,0.707106781186547,0.));
#3520=DIRECTION('',(0.,0.,1.));
#3521=DIRECTION('center_axis',(-1.,0.,0.));
#3522=DIRECTION('ref_axis',(0.,0.,1.));
#3523=DIRECTION('',(0.,1.,0.));
#3524=DIRECTION('',(0.,1.,0.));
#3525=DIRECTION('',(0.,0.,1.));
#3526=DIRECTION('',(0.,1.,0.));
#3527=DIRECTION('',(0.,0.,1.));
#3528=DIRECTION('',(0.,-1.,0.));
#3529=DIRECTION('center_axis',(-1.,0.,0.));
#3530=DIRECTION('ref_axis',(0.,0.,1.));
#3531=DIRECTION('center_axis',(0.,0.,-1.));
#3532=DIRECTION('ref_axis',(0.707106781186548,0.707106781186547,0.));
#3533=DIRECTION('center_axis',(0.,0.,1.));
#3534=DIRECTION('ref_axis',(0.707106781186548,0.707106781186547,0.));
#3535=DIRECTION('',(0.,0.,-1.));
#3536=DIRECTION('center_axis',(0.,0.,-1.));
#3537=DIRECTION('ref_axis',(0.707106781186548,0.707106781186547,0.));
#3538=DIRECTION('',(0.,0.,1.));
#3539=DIRECTION('center_axis',(0.,1.,0.));
#3540=DIRECTION('ref_axis',(1.,0.,0.));
#3541=DIRECTION('',(1.,0.,0.));
#3542=DIRECTION('',(0.,0.,1.));
#3543=DIRECTION('',(-1.,0.,0.));
#3544=DIRECTION('center_axis',(0.,1.,0.));
#3545=DIRECTION('ref_axis',(1.,0.,0.));
#3546=DIRECTION('',(-1.,0.,0.));
#3547=DIRECTION('',(0.,0.,-1.));
#3548=DIRECTION('',(1.,0.,0.));
#3549=DIRECTION('center_axis',(0.,-1.,0.));
#3550=DIRECTION('ref_axis',(-1.,0.,0.));
#3551=DIRECTION('',(-1.,0.,0.));
#3552=DIRECTION('',(0.,0.,-1.));
#3553=DIRECTION('',(-1.,0.,0.));
#3554=DIRECTION('',(0.,0.,-1.));
#3555=DIRECTION('center_axis',(-1.,0.,0.));
#3556=DIRECTION('ref_axis',(0.,1.,0.));
#3557=DIRECTION('',(0.,1.,0.));
#3558=DIRECTION('',(0.,1.,0.));
#3559=DIRECTION('',(0.,0.,-1.));
#3560=DIRECTION('center_axis',(0.,1.,0.));
#3561=DIRECTION('ref_axis',(1.,0.,0.));
#3562=DIRECTION('',(1.,0.,0.));
#3563=DIRECTION('',(1.,0.,0.));
#3564=DIRECTION('',(0.,0.,-1.));
#3565=DIRECTION('center_axis',(1.,0.,0.));
#3566=DIRECTION('ref_axis',(0.,-1.,0.));
#3567=DIRECTION('',(0.,-1.,0.));
#3568=DIRECTION('',(0.,-1.,0.));
#3569=DIRECTION('center_axis',(0.,0.,-1.));
#3570=DIRECTION('ref_axis',(-1.,0.,0.));
#3571=DIRECTION('center_axis',(1.,0.,0.));
#3572=DIRECTION('ref_axis',(0.,-1.,0.));
#3573=DIRECTION('',(0.,-1.,0.));
#3574=DIRECTION('',(0.,0.,-1.));
#3575=DIRECTION('',(0.,-1.,0.));
#3576=DIRECTION('',(0.,0.,-1.));
#3577=DIRECTION('center_axis',(0.,1.,0.));
#3578=DIRECTION('ref_axis',(1.,0.,0.));
#3579=DIRECTION('',(1.,0.,0.));
#3580=DIRECTION('',(0.,0.,-1.));
#3581=DIRECTION('',(1.,0.,0.));
#3582=DIRECTION('center_axis',(0.,-1.,0.));
#3583=DIRECTION('ref_axis',(-1.,0.,0.));
#3584=DIRECTION('',(-1.,0.,0.));
#3585=DIRECTION('',(-1.,0.,0.));
#3586=DIRECTION('',(0.,0.,-1.));
#3587=DIRECTION('center_axis',(-1.,-3.58136459556502E-17,0.));
#3588=DIRECTION('ref_axis',(-3.58136459556502E-17,1.,0.));
#3589=DIRECTION('',(-3.58136459556502E-17,1.,0.));
#3590=DIRECTION('',(-3.58136459556502E-17,1.,0.));
#3591=DIRECTION('center_axis',(0.,0.,-1.));
#3592=DIRECTION('ref_axis',(-1.,0.,0.));
#3593=DIRECTION('center_axis',(1.,0.,0.));
#3594=DIRECTION('ref_axis',(0.,0.,1.));
#3595=DIRECTION('',(0.,-1.,0.));
#3596=DIRECTION('center_axis',(1.,0.,0.));
#3597=DIRECTION('ref_axis',(0.,0.707106781186546,0.707106781186549));
#3598=DIRECTION('',(0.,1.,0.));
#3599=DIRECTION('',(0.,0.,-1.));
#3600=DIRECTION('',(0.,-1.,0.));
#3601=DIRECTION('center_axis',(0.,0.,-1.));
#3602=DIRECTION('ref_axis',(1.,0.,0.));
#3603=DIRECTION('',(1.,0.,0.));
#3604=DIRECTION('center_axis',(0.,0.,-1.));
#3605=DIRECTION('ref_axis',(-0.707106781186547,0.707106781186548,0.));
#3606=DIRECTION('',(0.,-1.,0.));
#3607=DIRECTION('',(1.,0.,0.));
#3608=DIRECTION('',(0.,-1.,0.));
#3609=DIRECTION('',(-1.,0.,0.));
#3610=DIRECTION('center_axis',(0.,0.,-1.));
#3611=DIRECTION('ref_axis',(1.,0.,0.));
#3612=DIRECTION('',(0.,1.,0.));
#3613=DIRECTION('',(0.,-1.,0.));
#3614=DIRECTION('',(-1.,0.,0.));
#3615=DIRECTION('',(0.,1.,0.));
#3616=DIRECTION('',(1.,0.,0.));
#3617=DIRECTION('center_axis',(0.,0.,1.));
#3618=DIRECTION('ref_axis',(0.707106781186547,0.707106781186548,0.));
#3619=DIRECTION('center_axis',(0.,0.,1.));
#3620=DIRECTION('ref_axis',(0.707106781186547,0.707106781186548,0.));
#3621=DIRECTION('',(0.,0.,-1.));
#3622=DIRECTION('center_axis',(0.,0.,-1.));
#3623=DIRECTION('ref_axis',(0.707106781186547,0.707106781186548,0.));
#3624=DIRECTION('',(0.,0.,1.));
#3625=DIRECTION('center_axis',(-1.,0.,0.));
#3626=DIRECTION('ref_axis',(0.,0.,1.));
#3627=DIRECTION('',(0.,1.,0.));
#3628=DIRECTION('',(0.,0.,-1.));
#3629=DIRECTION('',(0.,1.,0.));
#3630=DIRECTION('',(0.,0.,1.));
#3631=DIRECTION('',(0.,1.,0.));
#3632=DIRECTION('',(-2.99412897687475E-16,0.,-1.));
#3633=DIRECTION('',(0.,-1.,0.));
#3634=DIRECTION('center_axis',(0.,0.,1.));
#3635=DIRECTION('ref_axis',(-0.707106781186547,0.707106781186548,0.));
#3636=DIRECTION('',(0.,0.,-1.));
#3637=DIRECTION('center_axis',(0.,0.,-1.));
#3638=DIRECTION('ref_axis',(-0.707106781186547,0.707106781186548,0.));
#3639=DIRECTION('',(0.,0.,1.));
#3640=DIRECTION('center_axis',(0.,0.,1.));
#3641=DIRECTION('ref_axis',(-0.707106781186547,0.707106781186548,0.));
#3642=DIRECTION('center_axis',(0.,1.,0.));
#3643=DIRECTION('ref_axis',(-1.,0.,0.));
#3644=DIRECTION('',(-1.,0.,0.));
#3645=DIRECTION('',(0.,0.,-1.));
#3646=DIRECTION('',(1.,0.,0.));
#3647=DIRECTION('center_axis',(0.,1.,0.));
#3648=DIRECTION('ref_axis',(1.,0.,0.));
#3649=DIRECTION('center_axis',(0.,-1.,0.));
#3650=DIRECTION('ref_axis',(1.,0.,0.));
#3651=DIRECTION('center_axis',(0.,-1.,0.));
#3652=DIRECTION('ref_axis',(0.843872746402686,0.,0.53654336998866));
#3653=DIRECTION('center_axis',(0.,1.,0.));
#3654=DIRECTION('ref_axis',(1.,0.,0.));
#3655=DIRECTION('center_axis',(0.,-1.,0.));
#3656=DIRECTION('ref_axis',(-0.843872746402687,0.,0.536543369988658));
#3657=DIRECTION('',(0.,0.,1.));
#3658=DIRECTION('center_axis',(0.,-1.,0.));
#3659=DIRECTION('ref_axis',(-0.843872747740418,0.,-0.536543367884682));
#3660=DIRECTION('center_axis',(0.,-1.,0.));
#3661=DIRECTION('ref_axis',(1.,0.,0.));
#3662=DIRECTION('center_axis',(0.,-1.,0.));
#3663=DIRECTION('ref_axis',(0.843872746402686,0.,-0.53654336998866));
#3664=DIRECTION('center_axis',(0.,0.,1.));
#3665=DIRECTION('ref_axis',(-0.707106781186547,-0.707106781186548,0.));
#3666=DIRECTION('center_axis',(0.,0.,-1.));
#3667=DIRECTION('ref_axis',(-0.707106781186547,-0.707106781186548,0.));
#3668=DIRECTION('',(0.,0.,-1.));
#3669=DIRECTION('center_axis',(0.,0.,1.));
#3670=DIRECTION('ref_axis',(-0.707106781186547,-0.707106781186548,0.));
#3671=DIRECTION('',(0.,0.,1.));
#3672=DIRECTION('center_axis',(0.,0.,1.));
#3673=DIRECTION('ref_axis',(1.,0.,0.));
#3674=DIRECTION('',(1.,0.,0.));
#3675=DIRECTION('',(0.,-1.,0.));
#3676=DIRECTION('',(-1.,0.,0.));
#3677=DIRECTION('',(0.,1.,0.));
#3678=DIRECTION('',(1.,0.,0.));
#3679=DIRECTION('',(0.,-1.,0.));
#3680=DIRECTION('',(0.,1.,0.));
#3681=DIRECTION('',(1.,0.,0.));
#3682=DIRECTION('',(0.,1.,0.));
#3683=DIRECTION('',(1.,0.,0.));
#3684=DIRECTION('',(0.,1.,0.));
#3685=DIRECTION('center_axis',(0.,1.,0.));
#3686=DIRECTION('ref_axis',(-1.,0.,0.));
#3687=DIRECTION('',(-1.,0.,0.));
#3688=DIRECTION('center_axis',(0.,0.,-1.));
#3689=DIRECTION('ref_axis',(0.707106781186548,-0.707106781186547,0.));
#3690=DIRECTION('center_axis',(0.,0.,1.));
#3691=DIRECTION('ref_axis',(0.707106781186548,-0.707106781186547,0.));
#3692=DIRECTION('',(0.,0.,1.));
#3693=DIRECTION('center_axis',(0.,0.,-1.));
#3694=DIRECTION('ref_axis',(0.707106781186548,-0.707106781186547,0.));
#3695=DIRECTION('center_axis',(0.,0.,-1.));
#3696=DIRECTION('ref_axis',(-1.,0.,0.));
#3697=DIRECTION('',(0.,1.,0.));
#3698=DIRECTION('',(1.,0.,0.));
#3699=DIRECTION('',(0.,1.,0.));
#3700=DIRECTION('',(0.,1.,0.));
#3701=DIRECTION('center_axis',(0.,-1.,0.));
#3702=DIRECTION('ref_axis',(-0.843872747740418,0.,-0.536543367884682));
#3703=DIRECTION('',(0.,1.,0.));
#3704=DIRECTION('',(0.,1.,0.));
#3705=DIRECTION('center_axis',(0.707106781186548,-0.707106781186548,0.));
#3706=DIRECTION('ref_axis',(-0.707106781186547,-0.707106781186547,-4.9065389333868E-17));
#3707=DIRECTION('center_axis',(0.,1.,0.));
#3708=DIRECTION('ref_axis',(-0.843872747740418,0.,-0.536543367884682));
#3709=DIRECTION('',(0.,-1.,0.));
#3710=DIRECTION('center_axis',(0.,0.,1.));
#3711=DIRECTION('ref_axis',(1.,0.,0.));
#3712=DIRECTION('',(0.,1.,0.));
#3713=DIRECTION('',(1.,0.,0.));
#3714=DIRECTION('',(0.,1.,0.));
#3715=DIRECTION('',(1.,0.,0.));
#3716=DIRECTION('',(0.,1.,0.));
#3717=DIRECTION('',(0.,1.,0.));
#3718=DIRECTION('',(1.,0.,0.));
#3719=DIRECTION('',(0.,-1.,0.));
#3720=DIRECTION('',(-1.,0.,0.));
#3721=DIRECTION('center_axis',(0.,0.,-1.));
#3722=DIRECTION('ref_axis',(-1.,0.,0.));
#3723=DIRECTION('',(0.,1.,0.));
#3724=DIRECTION('center_axis',(0.,0.,-1.));
#3725=DIRECTION('ref_axis',(0.707106781186547,0.707106781186548,0.));
#3726=DIRECTION('',(0.,1.,0.));
#3727=DIRECTION('',(1.,0.,0.));
#3728=DIRECTION('center_axis',(-1.,0.,0.));
#3729=DIRECTION('ref_axis',(0.,0.,1.));
#3730=DIRECTION('',(0.,0.,1.));
#3731=DIRECTION('center_axis',(0.,1.,0.));
#3732=DIRECTION('ref_axis',(-1.,0.,0.));
#3733=DIRECTION('',(-1.,0.,0.));
#3734=DIRECTION('',(6.53072334511073E-16,0.,-1.));
#3735=DIRECTION('',(1.,0.,0.));
#3736=DIRECTION('center_axis',(0.,1.,0.));
#3737=DIRECTION('ref_axis',(-1.,0.,0.));
#3738=DIRECTION('',(-1.,0.,0.));
#3739=DIRECTION('',(0.,0.,1.));
#3740=DIRECTION('',(1.,0.,2.23161108720184E-15));
#3741=DIRECTION('',(-1.20889102948989E-15,0.,1.));
#3742=DIRECTION('center_axis',(0.,0.,1.));
#3743=DIRECTION('ref_axis',(1.,0.,0.));
#3744=DIRECTION('',(0.,1.,0.));
#3745=DIRECTION('',(0.,-1.,0.));
#3746=DIRECTION('center_axis',(0.,-1.,0.));
#3747=DIRECTION('ref_axis',(1.,0.,0.));
#3748=DIRECTION('',(-1.,0.,0.));
#3749=DIRECTION('center_axis',(0.,-1.,0.));
#3750=DIRECTION('ref_axis',(1.,0.,0.));
#3751=DIRECTION('',(0.,0.,-1.));
#3752=DIRECTION('',(-1.,0.,0.));
#3753=DIRECTION('',(0.,0.,1.));
#3754=DIRECTION('center_axis',(1.,0.,0.));
#3755=DIRECTION('ref_axis',(0.,0.,-1.));
#3756=DIRECTION('',(0.,0.,-1.));
#3757=DIRECTION('',(0.,-1.,0.));
#3758=DIRECTION('',(0.,1.,0.));
#3759=DIRECTION('',(0.,-1.,0.));
#3760=DIRECTION('center_axis',(1.,0.,0.));
#3761=DIRECTION('ref_axis',(0.,0.,1.));
#3762=DIRECTION('center_axis',(0.,0.,1.));
#3763=DIRECTION('ref_axis',(1.,0.,0.));
#3764=DIRECTION('',(0.,-1.,0.));
#3765=DIRECTION('',(0.,-1.,0.));
#3766=DIRECTION('center_axis',(-1.,0.,-1.20889102948989E-15));
#3767=DIRECTION('ref_axis',(1.20889102948989E-15,0.,-1.));
#3768=DIRECTION('',(0.,-1.,0.));
#3769=DIRECTION('center_axis',(-1.,0.,-1.20889102948989E-15));
#3770=DIRECTION('ref_axis',(1.57009245868378E-15,0.707106781186546,-0.707106781186549));
#3771=DIRECTION('',(-1.20889102948989E-15,0.,1.));
#3772=DIRECTION('center_axis',(-2.23161108720184E-15,0.,1.));
#3773=DIRECTION('ref_axis',(-1.,0.,-2.23161108720184E-15));
#3774=DIRECTION('',(-1.,0.,-2.23161108720184E-15));
#3775=DIRECTION('',(0.,-1.,0.));
#3776=DIRECTION('',(1.,0.,2.23161108720184E-15));
#3777=DIRECTION('center_axis',(0.,1.,0.));
#3778=DIRECTION('ref_axis',(1.,0.,0.));
#3779=DIRECTION('',(0.,1.,0.));
#3780=DIRECTION('center_axis',(0.,1.,0.));
#3781=DIRECTION('ref_axis',(1.,0.,0.));
#3782=DIRECTION('center_axis',(0.,-1.,0.));
#3783=DIRECTION('ref_axis',(1.,0.,0.));
#3784=DIRECTION('center_axis',(0.,1.,0.));
#3785=DIRECTION('ref_axis',(1.,0.,0.));
#3786=DIRECTION('center_axis',(0.,-1.,0.));
#3787=DIRECTION('ref_axis',(1.,0.,0.));
#3788=DIRECTION('',(0.,1.,0.));
#3789=DIRECTION('center_axis',(0.,1.,0.));
#3790=DIRECTION('ref_axis',(1.,0.,0.));
#3791=DIRECTION('',(0.,-1.,0.));
#3792=DIRECTION('center_axis',(-1.,0.,0.));
#3793=DIRECTION('ref_axis',(0.,0.707106781186546,-0.707106781186549));
#3794=DIRECTION('',(-1.,0.,0.));
#3795=DIRECTION('center_axis',(-0.707106781186548,0.707106781186547,0.));
#3796=DIRECTION('ref_axis',(0.707106781186547,0.707106781186548,-1.96261557335472E-16));
#3797=DIRECTION('center_axis',(0.,1.,0.));
#3798=DIRECTION('ref_axis',(-1.,0.,0.));
#3799=DIRECTION('',(-1.,0.,0.));
#3800=DIRECTION('center_axis',(0.,-1.,0.));
#3801=DIRECTION('ref_axis',(-0.843872747740423,0.,-0.536543367884673));
#3802=DIRECTION('center_axis',(0.,1.,0.));
#3803=DIRECTION('ref_axis',(-1.,0.,0.));
#3804=DIRECTION('center_axis',(0.,-1.,0.));
#3805=DIRECTION('ref_axis',(0.843872746402691,0.,-0.536543369988652));
#3806=DIRECTION('center_axis',(-1.,0.,0.));
#3807=DIRECTION('ref_axis',(0.,0.707106781186546,-0.707106781186549));
#3808=DIRECTION('center_axis',(0.707106781186548,0.707106781186547,0.));
#3809=DIRECTION('ref_axis',(-0.707106781186547,0.707106781186548,-1.96261557335472E-16));
#3810=DIRECTION('center_axis',(0.,-1.,0.));
#3811=DIRECTION('ref_axis',(0.,0.,-1.));
#3812=DIRECTION('center_axis',(0.,-1.,0.));
#3813=DIRECTION('ref_axis',(-0.163373952384431,0.,-0.986564215691148));
#3814=DIRECTION('center_axis',(0.,1.,0.));
#3815=DIRECTION('ref_axis',(-0.163373952384431,0.,-0.986564215691148));
#3816=DIRECTION('center_axis',(0.,-1.,0.));
#3817=DIRECTION('ref_axis',(-0.948228841396443,0.,-0.317587884441392));
#3818=DIRECTION('center_axis',(0.,1.,0.));
#3819=DIRECTION('ref_axis',(-0.163373952384431,0.,-0.986564215691148));
#3820=DIRECTION('',(0.,1.,0.));
#3821=DIRECTION('center_axis',(0.,-1.,0.));
#3822=DIRECTION('ref_axis',(0.,0.,-1.));
#3823=DIRECTION('center_axis',(0.,-1.,0.));
#3824=DIRECTION('ref_axis',(-0.163373952384431,0.,-0.986564215691148));
#3825=DIRECTION('center_axis',(0.,1.,0.));
#3826=DIRECTION('ref_axis',(-1.,0.,0.));
#3827=DIRECTION('center_axis',(0.,-1.,0.));
#3828=DIRECTION('ref_axis',(0.163373952384431,0.,-0.986564215691148));
#3829=DIRECTION('center_axis',(0.,-1.,0.));
#3830=DIRECTION('ref_axis',(1.,0.,0.));
#3831=DIRECTION('center_axis',(-1.,0.,0.));
#3832=DIRECTION('ref_axis',(0.,0.707106781186548,-0.707106781186547));
#3833=DIRECTION('center_axis',(0.707106781186547,0.,-0.707106781186548));
#3834=DIRECTION('ref_axis',(-0.707106781186548,4.90653893338679E-17,-0.707106781186547));
#3835=DIRECTION('center_axis',(-1.,0.,0.));
#3836=DIRECTION('ref_axis',(0.,0.707106781186548,-0.707106781186547));
#3837=DIRECTION('center_axis',(-1.,0.,0.));
#3838=DIRECTION('ref_axis',(0.,0.707106781186548,-0.707106781186547));
#3839=DIRECTION('center_axis',(1.,0.,0.));
#3840=DIRECTION('ref_axis',(0.,0.707106781186548,-0.707106781186547));
#3841=DIRECTION('',(-1.,0.,0.));
#3842=DIRECTION('center_axis',(-0.707106781186548,0.,-0.707106781186548));
#3843=DIRECTION('ref_axis',(0.707106781186548,0.,-0.707106781186548));
#3844=DIRECTION('center_axis',(0.,0.,-1.));
#3845=DIRECTION('ref_axis',(0.707106781186547,0.707106781186548,0.));
#3846=DIRECTION('',(0.,0.,-1.));
#3847=DIRECTION('center_axis',(0.,0.707106781186547,-0.707106781186548));
#3848=DIRECTION('ref_axis',(9.81307786677359E-17,0.707106781186548,0.707106781186547));
#3849=DIRECTION('center_axis',(0.,1.,0.));
#3850=DIRECTION('ref_axis',(-0.988685996664259,0.,0.15));
#3851=DIRECTION('center_axis',(0.,-1.,0.));
#3852=DIRECTION('ref_axis',(-0.988685996664259,0.,0.15));
#3853=DIRECTION('center_axis',(0.,-1.,0.));
#3854=DIRECTION('ref_axis',(0.,0.,-1.));
#3855=DIRECTION('',(0.,0.,1.));
#3856=DIRECTION('',(-1.,0.,0.));
#3857=DIRECTION('',(0.,0.,1.));
#3858=DIRECTION('center_axis',(0.,-1.,0.));
#3859=DIRECTION('ref_axis',(-0.707106781186547,0.,0.707106781186548));
#3860=DIRECTION('center_axis',(1.,0.,0.));
#3861=DIRECTION('ref_axis',(0.,0.,-1.));
#3862=DIRECTION('',(0.,0.,-1.));
#3863=DIRECTION('center_axis',(0.,0.,1.));
#3864=DIRECTION('ref_axis',(-0.707106781186547,0.707106781186548,0.));
#3865=DIRECTION('center_axis',(-1.,0.,0.));
#3866=DIRECTION('ref_axis',(0.,0.707106781186546,0.707106781186549));
#3867=DIRECTION('center_axis',(-1.,0.,0.));
#3868=DIRECTION('ref_axis',(0.,0.,1.));
#3869=DIRECTION('',(1.,0.,0.));
#3870=DIRECTION('center_axis',(0.,-1.,0.));
#3871=DIRECTION('ref_axis',(-0.707106781186547,0.,0.707106781186548));
#3872=DIRECTION('',(0.,1.,0.));
#3873=DIRECTION('center_axis',(0.,1.,0.));
#3874=DIRECTION('ref_axis',(-1.,0.,0.));
#3875=DIRECTION('center_axis',(-0.816496580927727,-0.40824829046386,-0.408248290463863));
#3876=DIRECTION('ref_axis',(-0.577350269189627,0.577350269189624,0.577350269189627));
#3877=DIRECTION('center_axis',(0.,0.,-1.));
#3878=DIRECTION('ref_axis',(-0.707106781186549,0.707106781186546,0.));
#3879=DIRECTION('center_axis',(0.,1.,0.));
#3880=DIRECTION('ref_axis',(-1.,0.,0.));
#3881=DIRECTION('',(0.,0.,1.));
#3882=DIRECTION('',(1.,0.,0.));
#3883=DIRECTION('center_axis',(0.,-1.,0.));
#3884=DIRECTION('ref_axis',(-1.,0.,0.));
#3885=DIRECTION('center_axis',(0.,-1.,0.));
#3886=DIRECTION('ref_axis',(-1.,0.,0.));
#3887=DIRECTION('center_axis',(0.,-1.,0.));
#3888=DIRECTION('ref_axis',(-1.,0.,0.));
#3889=DIRECTION('',(1.,0.,0.));
#3890=DIRECTION('',(0.,0.,-1.));
#3891=DIRECTION('',(1.,0.,0.));
#3892=DIRECTION('center_axis',(0.,1.,0.));
#3893=DIRECTION('ref_axis',(-1.,0.,0.));
#3894=DIRECTION('',(-0.999999999999752,0.,7.04197892730085E-7));
#3895=DIRECTION('center_axis',(0.,1.,0.));
#3896=DIRECTION('ref_axis',(-1.,0.,0.));
#3897=DIRECTION('center_axis',(0.,1.,0.));
#3898=DIRECTION('ref_axis',(-1.,0.,0.));
#3899=DIRECTION('center_axis',(0.,1.,0.));
#3900=DIRECTION('ref_axis',(-1.,0.,0.));
#3901=DIRECTION('center_axis',(0.,1.,0.));
#3902=DIRECTION('ref_axis',(-1.,0.,0.));
#3903=DIRECTION('',(0.999999999999752,0.,-7.04198140743656E-7));
#3904=DIRECTION('center_axis',(0.,1.,0.));
#3905=DIRECTION('ref_axis',(-1.,0.,0.));
#3906=DIRECTION('',(0.,0.,1.));
#3907=DIRECTION('',(-1.,0.,0.));
#3908=DIRECTION('center_axis',(0.,0.,1.));
#3909=DIRECTION('ref_axis',(-0.707106781186549,0.707106781186546,0.));
#3910=DIRECTION('',(0.,0.,-1.));
#3911=DIRECTION('center_axis',(0.707106781186548,0.,0.707106781186548));
#3912=DIRECTION('ref_axis',(-0.707106781186548,0.,0.707106781186548));
#3913=DIRECTION('center_axis',(1.,0.,0.));
#3914=DIRECTION('ref_axis',(0.,0.,-1.));
#3915=DIRECTION('',(0.,-1.,0.));
#3916=DIRECTION('',(0.,0.,1.));
#3917=DIRECTION('',(0.,-1.,0.));
#3918=DIRECTION('center_axis',(0.,1.,0.));
#3919=DIRECTION('ref_axis',(0.707106781186547,0.,0.707106781186548));
#3920=DIRECTION('center_axis',(0.,1.,0.));
#3921=DIRECTION('ref_axis',(0.,0.,1.));
#3922=DIRECTION('',(0.,-1.,0.));
#3923=DIRECTION('center_axis',(0.,-1.,0.));
#3924=DIRECTION('ref_axis',(0.707106781186547,0.,0.707106781186548));
#3925=DIRECTION('center_axis',(-1.,0.,0.));
#3926=DIRECTION('ref_axis',(0.,0.707106781186546,0.707106781186549));
#3927=DIRECTION('center_axis',(1.,0.,0.));
#3928=DIRECTION('ref_axis',(0.,1.,0.));
#3929=DIRECTION('center_axis',(-1.,0.,0.));
#3930=DIRECTION('ref_axis',(0.,0.707106781186546,0.707106781186549));
#3931=DIRECTION('center_axis',(-0.816496580927727,0.40824829046386,0.408248290463863));
#3932=DIRECTION('ref_axis',(0.577350269189627,0.577350269189624,0.577350269189627));
#3933=DIRECTION('center_axis',(0.,0.,-1.));
#3934=DIRECTION('ref_axis',(0.707106781186549,0.707106781186546,0.));
#3935=DIRECTION('center_axis',(-1.,0.,0.));
#3936=DIRECTION('ref_axis',(0.,0.,1.));
#3937=DIRECTION('',(0.,0.,1.));
#3938=DIRECTION('',(0.,1.,0.));
#3939=DIRECTION('',(0.,0.,-1.));
#3940=DIRECTION('',(0.,1.,0.));
#3941=DIRECTION('',(0.,0.,-1.));
#3942=DIRECTION('center_axis',(0.,0.,-1.));
#3943=DIRECTION('ref_axis',(0.707106781186549,0.707106781186546,0.));
#3944=DIRECTION('center_axis',(-0.707106781186548,0.,0.707106781186548));
#3945=DIRECTION('ref_axis',(-0.707106781186548,0.,-0.707106781186548));
#3946=DIRECTION('center_axis',(-7.04197892730085E-7,0.,-0.999999999999752));
#3947=DIRECTION('ref_axis',(0.999999999999752,0.,-7.04197892730085E-7));
#3948=DIRECTION('',(0.999999999999752,0.,-7.04197892730085E-7));
#3949=DIRECTION('',(0.,-1.,0.));
#3950=DIRECTION('',(0.,-1.,0.));
#3951=DIRECTION('center_axis',(0.,-1.,0.));
#3952=DIRECTION('ref_axis',(-1.,0.,0.));
#3953=DIRECTION('center_axis',(0.,-1.,0.));
#3954=DIRECTION('ref_axis',(-1.,0.,0.));
#3955=DIRECTION('',(0.,-1.,0.));
#3956=DIRECTION('center_axis',(7.04198140743656E-7,0.,0.999999999999752));
#3957=DIRECTION('ref_axis',(-0.999999999999752,0.,7.04198140743656E-7));
#3958=DIRECTION('',(-0.999999999999752,0.,7.04198140743656E-7));
#3959=DIRECTION('',(0.,-1.,0.));
#3960=DIRECTION('center_axis',(0.,-1.,0.));
#3961=DIRECTION('ref_axis',(1.,0.,-1.22464679914735E-16));
#3962=DIRECTION('center_axis',(0.,-1.,0.));
#3963=DIRECTION('ref_axis',(-1.,0.,0.));
#3964=DIRECTION('',(0.,-1.,0.));
#3965=DIRECTION('center_axis',(1.,0.,0.));
#3966=DIRECTION('ref_axis',(0.,0.,1.));
#3967=DIRECTION('center_axis',(1.,0.,0.));
#3968=DIRECTION('ref_axis',(0.,0.,1.));
#3969=DIRECTION('',(1.,0.,0.));
#3970=DIRECTION('center_axis',(1.,0.,0.));
#3971=DIRECTION('ref_axis',(0.,0.,1.));
#3972=DIRECTION('',(1.,0.,0.));
#3973=DIRECTION('center_axis',(-1.,0.,0.));
#3974=DIRECTION('ref_axis',(0.,0.,1.));
#3975=DIRECTION('center_axis',(0.,-1.,0.));
#3976=DIRECTION('ref_axis',(1.,0.,0.));
#3977=DIRECTION('',(0.,0.,1.));
#3978=DIRECTION('center_axis',(0.,-1.,0.));
#3979=DIRECTION('ref_axis',(1.,0.,0.));
#3980=DIRECTION('center_axis',(0.,-1.,0.));
#3981=DIRECTION('ref_axis',(0.,0.,-1.));
#3982=DIRECTION('center_axis',(0.,1.,0.));
#3983=DIRECTION('ref_axis',(-1.,0.,2.63417801460442E-9));
#3984=DIRECTION('center_axis',(0.,-1.,0.));
#3985=DIRECTION('ref_axis',(-1.,0.,2.63417801460442E-9));
#3986=DIRECTION('center_axis',(0.,1.,0.));
#3987=DIRECTION('ref_axis',(-6.12323399573677E-17,0.,1.));
#3988=DIRECTION('center_axis',(0.,-1.,0.));
#3989=DIRECTION('ref_axis',(-1.,0.,0.));
#3990=DIRECTION('',(0.,-1.,0.));
#3991=DIRECTION('',(0.,-1.,0.));
#3992=DIRECTION('center_axis',(0.,-1.,0.));
#3993=DIRECTION('ref_axis',(-1.,0.,0.));
#3994=DIRECTION('',(0.,-1.,0.));
#3995=DIRECTION('center_axis',(0.,-1.,0.));
#3996=DIRECTION('ref_axis',(-1.,0.,0.));
#3997=DIRECTION('center_axis',(0.,-1.,0.));
#3998=DIRECTION('ref_axis',(1.,0.,-1.22464679914735E-16));
#3999=DIRECTION('',(0.,1.,0.));
#4000=DIRECTION('',(0.,1.,0.));
#4001=DIRECTION('center_axis',(0.,1.,0.));
#4002=DIRECTION('ref_axis',(-1.,0.,0.));
#4003=DIRECTION('',(0.,-1.,0.));
#4004=DIRECTION('',(0.,1.,0.));
#4005=DIRECTION('center_axis',(0.,-1.,0.));
#4006=DIRECTION('ref_axis',(0.,0.,-1.));
#4007=DIRECTION('center_axis',(0.,1.,0.));
#4008=DIRECTION('ref_axis',(1.,0.,-1.22464679914735E-16));
#4009=DIRECTION('center_axis',(0.,1.,0.));
#4010=DIRECTION('ref_axis',(0.707106781186548,0.,-0.707106781186547));
#4011=DIRECTION('center_axis',(0.,1.,0.));
#4012=DIRECTION('ref_axis',(1.,0.,0.));
#4013=DIRECTION('',(0.,1.,0.));
#4014=DIRECTION('center_axis',(0.,0.,1.));
#4015=DIRECTION('ref_axis',(1.,0.,0.));
#4016=DIRECTION('center_axis',(-1.,0.,0.));
#4017=DIRECTION('ref_axis',(0.,0.707106781186547,-0.707106781186548));
#4018=DIRECTION('center_axis',(1.,0.,0.));
#4019=DIRECTION('ref_axis',(0.,0.707106781186547,-0.707106781186548));
#4020=DIRECTION('center_axis',(0.,0.,1.));
#4021=DIRECTION('ref_axis',(0.707106781186549,0.707106781186546,0.));
#4022=DIRECTION('',(0.,0.,-1.));
#4023=DIRECTION('',(0.,0.,1.));
#4024=DIRECTION('center_axis',(-1.,0.,0.));
#4025=DIRECTION('ref_axis',(0.,0.,-1.));
#4026=DIRECTION('center_axis',(0.,0.,-1.));
#4027=DIRECTION('ref_axis',(-0.707106781186549,0.707106781186546,0.));
#4028=DIRECTION('center_axis',(0.,0.,-1.));
#4029=DIRECTION('ref_axis',(-1.,0.,0.));
#4030=DIRECTION('',(0.,0.,1.));
#4031=DIRECTION('',(0.,0.,-1.));
#4032=DIRECTION('center_axis',(0.,-1.,0.));
#4033=DIRECTION('ref_axis',(-1.,0.,0.));
#4034=DIRECTION('center_axis',(1.,0.,0.));
#4035=DIRECTION('ref_axis',(0.,0.707106781186547,-0.707106781186548));
#4036=DIRECTION('center_axis',(-1.,0.,0.));
#4037=DIRECTION('ref_axis',(0.,0.707106781186547,-0.707106781186548));
#4038=DIRECTION('center_axis',(0.,-1.,0.));
#4039=DIRECTION('ref_axis',(-0.707106781186548,0.,-0.707106781186547));
#4040=DIRECTION('',(0.,-1.,0.));
#4041=DIRECTION('center_axis',(1.,0.,0.));
#4042=DIRECTION('ref_axis',(0.,0.,1.));
#4043=DIRECTION('center_axis',(1.,0.,0.));
#4044=DIRECTION('ref_axis',(0.,0.707106781186546,-0.707106781186549));
#4045=DIRECTION('center_axis',(1.,0.,6.53072334511073E-16));
#4046=DIRECTION('ref_axis',(0.,0.707106781186546,-0.707106781186549));
#4047=DIRECTION('',(-1.,0.,0.));
#4048=DIRECTION('',(1.,0.,0.));
#4049=DIRECTION('center_axis',(0.,1.,0.));
#4050=DIRECTION('ref_axis',(-1.,0.,0.));
#4051=DIRECTION('',(6.53072334511073E-16,0.,-1.));
#4052=DIRECTION('center_axis',(0.,1.,0.));
#4053=DIRECTION('ref_axis',(0.707106781186547,0.,-0.707106781186548));
#4054=DIRECTION('center_axis',(0.,-1.,0.));
#4055=DIRECTION('ref_axis',(-0.707106781186548,0.,0.707106781186548));
#4056=DIRECTION('',(1.,0.,0.));
#4057=DIRECTION('center_axis',(0.,-1.,0.));
#4058=DIRECTION('ref_axis',(0.707106781186548,0.,0.707106781186548));
#4059=DIRECTION('',(5.55111545399805E-16,0.,-1.));
#4060=DIRECTION('center_axis',(0.,1.,0.));
#4061=DIRECTION('ref_axis',(-0.707106781186548,0.,-0.707106781186548));
#4062=DIRECTION('',(-1.,0.,-2.23161108720184E-15));
#4063=DIRECTION('center_axis',(1.,0.,2.23161108720184E-15));
#4064=DIRECTION('ref_axis',(1.57009245868378E-15,0.707106781186546,-0.707106781186549));
#4065=DIRECTION('center_axis',(0.,0.,1.));
#4066=DIRECTION('ref_axis',(-1.,0.,0.));
#4067=DIRECTION('',(0.,-1.,0.));
#4068=DIRECTION('center_axis',(1.,0.,6.53072334511073E-16));
#4069=DIRECTION('ref_axis',(-6.53072334511073E-16,0.,1.));
#4070=DIRECTION('center_axis',(-1.,0.,0.));
#4071=DIRECTION('ref_axis',(0.,0.707106781186546,-0.707106781186549));
#4072=DIRECTION('',(-1.,0.,0.));
#4073=DIRECTION('center_axis',(0.,1.,0.));
#4074=DIRECTION('ref_axis',(-1.,0.,0.));
#4075=DIRECTION('center_axis',(-1.,0.,0.));
#4076=DIRECTION('ref_axis',(0.,0.,-1.));
#4077=DIRECTION('',(0.,-1.,0.));
#4078=DIRECTION('center_axis',(0.,1.,0.));
#4079=DIRECTION('ref_axis',(-1.,0.,0.));
#4080=DIRECTION('',(-1.,0.,0.));
#4081=DIRECTION('center_axis',(0.,-1.,0.));
#4082=DIRECTION('ref_axis',(0.707106781186547,0.,-0.707106781186548));
#4083=DIRECTION('center_axis',(0.,1.,0.));
#4084=DIRECTION('ref_axis',(-0.707106781186548,0.,-0.707106781186548));
#4085=DIRECTION('',(0.,1.,0.));
#4086=DIRECTION('center_axis',(0.,0.,-1.));
#4087=DIRECTION('ref_axis',(-1.,0.,0.));
#4088=DIRECTION('center_axis',(0.,-1.,0.));
#4089=DIRECTION('ref_axis',(0.707106781186548,0.,0.707106781186548));
#4090=DIRECTION('center_axis',(0.,1.,0.));
#4091=DIRECTION('ref_axis',(0.707106781186548,0.,0.707106781186548));
#4092=DIRECTION('',(0.,-1.,0.));
#4093=DIRECTION('',(0.,1.,0.));
#4094=DIRECTION('center_axis',(1.,0.,0.));
#4095=DIRECTION('ref_axis',(0.,0.,1.));
#4096=DIRECTION('',(0.,0.,1.));
#4097=DIRECTION('center_axis',(0.,-1.,0.));
#4098=DIRECTION('ref_axis',(-0.707106781186548,0.,0.707106781186548));
#4099=DIRECTION('center_axis',(0.,1.,0.));
#4100=DIRECTION('ref_axis',(-0.707106781186548,0.,0.707106781186548));
#4101=DIRECTION('',(0.,-1.,0.));
#4102=DIRECTION('center_axis',(0.,0.,1.));
#4103=DIRECTION('ref_axis',(-1.,0.,0.));
#4104=DIRECTION('',(-1.,0.,0.));
#4105=DIRECTION('center_axis',(0.,-1.,0.));
#4106=DIRECTION('ref_axis',(-1.,0.,0.));
#4107=DIRECTION('center_axis',(0.,1.,0.));
#4108=DIRECTION('ref_axis',(-1.,0.,0.));
#4109=DIRECTION('center_axis',(0.,-1.,0.));
#4110=DIRECTION('ref_axis',(-1.,0.,0.));
#4111=DIRECTION('center_axis',(0.,-1.,0.));
#4112=DIRECTION('ref_axis',(-1.,0.,0.));
#4113=DIRECTION('',(0.,-1.,0.));
#4114=DIRECTION('center_axis',(1.,0.,0.));
#4115=DIRECTION('ref_axis',(0.,0.707106781186546,0.707106781186549));
#4116=DIRECTION('',(-1.,0.,0.));
#4117=DIRECTION('center_axis',(0.,0.,-1.));
#4118=DIRECTION('ref_axis',(-1.,0.,0.));
#4119=DIRECTION('center_axis',(0.,0.,-1.));
#4120=DIRECTION('ref_axis',(-0.707106781186546,-0.707106781186549,0.));
#4121=DIRECTION('',(1.,0.,0.));
#4122=DIRECTION('center_axis',(0.,0.,-1.));
#4123=DIRECTION('ref_axis',(0.707106781186546,-0.707106781186549,0.));
#4124=DIRECTION('',(-1.,0.,0.));
#4125=DIRECTION('',(0.,-1.,0.));
#4126=DIRECTION('center_axis',(0.,0.,-1.));
#4127=DIRECTION('ref_axis',(0.707106781186547,0.707106781186548,0.));
#4128=DIRECTION('',(-1.,0.,0.));
#4129=DIRECTION('center_axis',(0.,0.,-1.));
#4130=DIRECTION('ref_axis',(-0.707106781186547,0.707106781186548,0.));
#4131=DIRECTION('center_axis',(0.,0.,1.));
#4132=DIRECTION('ref_axis',(0.,1.,0.));
#4133=DIRECTION('',(-1.,0.,0.));
#4134=DIRECTION('center_axis',(0.,0.,1.));
#4135=DIRECTION('ref_axis',(0.,1.,0.));
#4136=DIRECTION('center_axis',(0.,0.,-1.));
#4137=DIRECTION('ref_axis',(0.707106781186547,0.707106781186548,0.));
#4138=DIRECTION('',(-1.,0.,0.));
#4139=DIRECTION('center_axis',(0.,0.,-1.));
#4140=DIRECTION('ref_axis',(-0.707106781186547,0.707106781186548,0.));
#4141=DIRECTION('',(0.,-1.,0.));
#4142=DIRECTION('center_axis',(0.,0.,-1.));
#4143=DIRECTION('ref_axis',(-1.,0.,0.));
#4144=DIRECTION('center_axis',(0.,0.,-1.));
#4145=DIRECTION('ref_axis',(-1.,0.,0.));
#4146=DIRECTION('center_axis',(0.,0.,-1.));
#4147=DIRECTION('ref_axis',(-1.,0.,0.));
#4148=DIRECTION('center_axis',(0.,0.,-1.));
#4149=DIRECTION('ref_axis',(-1.,0.,0.));
#4150=DIRECTION('center_axis',(1.,0.,0.));
#4151=DIRECTION('ref_axis',(0.,0.707106781186546,0.707106781186549));
#4152=DIRECTION('center_axis',(-1.,0.,0.));
#4153=DIRECTION('ref_axis',(0.,0.707106781186546,-0.707106781186549));
#4154=DIRECTION('center_axis',(0.,0.,-1.));
#4155=DIRECTION('ref_axis',(0.707106781186546,-0.707106781186549,0.));
#4156=DIRECTION('center_axis',(0.,0.,1.));
#4157=DIRECTION('ref_axis',(0.707106781186546,-0.707106781186549,0.));
#4158=DIRECTION('',(0.,0.,1.));
#4159=DIRECTION('center_axis',(0.,0.,-1.));
#4160=DIRECTION('ref_axis',(-0.707106781186546,-0.707106781186549,0.));
#4161=DIRECTION('center_axis',(0.,0.,1.));
#4162=DIRECTION('ref_axis',(-0.707106781186546,-0.707106781186549,0.));
#4163=DIRECTION('',(0.,0.,-1.));
#4164=DIRECTION('center_axis',(0.,-1.,0.));
#4165=DIRECTION('ref_axis',(-1.,0.,0.));
#4166=DIRECTION('',(-1.,0.,0.));
#4167=DIRECTION('center_axis',(0.,1.,0.));
#4168=DIRECTION('ref_axis',(1.,0.,0.));
#4169=DIRECTION('center_axis',(0.,1.,0.));
#4170=DIRECTION('ref_axis',(-0.843872746402687,0.,0.536543369988658));
#4171=DIRECTION('center_axis',(0.,-1.,0.));
#4172=DIRECTION('ref_axis',(1.,0.,0.));
#4173=DIRECTION('center_axis',(0.,1.,0.));
#4174=DIRECTION('ref_axis',(0.843872746402686,0.,0.53654336998866));
#4175=DIRECTION('center_axis',(0.,1.,0.));
#4176=DIRECTION('ref_axis',(0.843872746402691,0.,-0.536543369988652));
#4177=DIRECTION('center_axis',(0.,1.,0.));
#4178=DIRECTION('ref_axis',(-1.,0.,0.));
#4179=DIRECTION('center_axis',(0.,1.,0.));
#4180=DIRECTION('ref_axis',(-0.843872747740423,0.,-0.536543367884673));
#4181=DIRECTION('center_axis',(0.,1.,0.));
#4182=DIRECTION('ref_axis',(-1.,0.,0.));
#4183=DIRECTION('center_axis',(0.,0.,1.));
#4184=DIRECTION('ref_axis',(0.,1.,0.));
#4185=DIRECTION('',(0.,0.,1.));
#4186=DIRECTION('center_axis',(0.,0.,-1.));
#4187=DIRECTION('ref_axis',(0.,1.,0.));
#4188=DIRECTION('',(0.,0.,-1.));
#4189=DIRECTION('center_axis',(0.,0.,-1.));
#4190=DIRECTION('ref_axis',(-0.707106781186547,0.707106781186548,0.));
#4191=DIRECTION('',(0.,0.,1.));
#4192=DIRECTION('center_axis',(0.,0.,1.));
#4193=DIRECTION('ref_axis',(-0.707106781186547,0.707106781186548,0.));
#4194=DIRECTION('center_axis',(0.,0.,-1.));
#4195=DIRECTION('ref_axis',(0.,1.,0.));
#4196=DIRECTION('center_axis',(0.,0.,-1.));
#4197=DIRECTION('ref_axis',(0.,1.,0.));
#4198=DIRECTION('',(0.,0.,-1.));
#4199=DIRECTION('',(0.,0.,1.));
#4200=DIRECTION('center_axis',(0.,0.,1.));
#4201=DIRECTION('ref_axis',(0.707106781186547,0.707106781186548,0.));
#4202=DIRECTION('center_axis',(0.,0.,1.));
#4203=DIRECTION('ref_axis',(0.707106781186547,0.707106781186548,0.));
#4204=DIRECTION('',(0.,0.,-1.));
#4205=DIRECTION('center_axis',(0.,1.,0.));
#4206=DIRECTION('ref_axis',(-0.0722715920306047,0.,-0.997384989352337));
#4207=DIRECTION('center_axis',(0.,1.,0.));
#4208=DIRECTION('ref_axis',(0.163373952384431,0.,-0.986564215691148));
#4209=DIRECTION('center_axis',(0.,-1.,0.));
#4210=DIRECTION('ref_axis',(0.163373952384431,0.,-0.986564215691148));
#4211=DIRECTION('center_axis',(0.,-1.,0.));
#4212=DIRECTION('ref_axis',(1.,0.,0.));
#4213=DIRECTION('center_axis',(0.,1.,0.));
#4214=DIRECTION('ref_axis',(1.,0.,0.));
#4215=DIRECTION('center_axis',(0.,1.,0.));
#4216=DIRECTION('ref_axis',(-0.0722715920306047,0.,-0.997384989352337));
#4217=DIRECTION('center_axis',(0.,1.,0.));
#4218=DIRECTION('ref_axis',(0.163373952384431,0.,-0.986564215691148));
#4219=DIRECTION('center_axis',(0.,1.,0.));
#4220=DIRECTION('ref_axis',(0.948228841396443,0.,-0.317587884441392));
#4221=DIRECTION('',(0.,-1.,0.));
#4222=DIRECTION('center_axis',(1.,0.,0.));
#4223=DIRECTION('ref_axis',(0.,-0.707106781186548,-0.707106781186548));
#4224=DIRECTION('',(1.,0.,0.));
#4225=DIRECTION('center_axis',(1.,0.,0.));
#4226=DIRECTION('ref_axis',(0.,-0.707106781186548,-0.707106781186548));
#4227=DIRECTION('center_axis',(-0.707106781186548,-0.707106781186547,0.));
#4228=DIRECTION('ref_axis',(0.707106781186547,-0.707106781186548,-4.9065389333868E-17));
#4229=DIRECTION('',(1.,0.,0.));
#4230=DIRECTION('center_axis',(0.,-1.,0.));
#4231=DIRECTION('ref_axis',(1.,0.,0.));
#4232=DIRECTION('center_axis',(0.,1.,0.));
#4233=DIRECTION('ref_axis',(0.843872746402686,0.,-0.53654336998866));
#4234=DIRECTION('center_axis',(0.,-1.,0.));
#4235=DIRECTION('ref_axis',(1.,0.,0.));
#4236=DIRECTION('center_axis',(0.,-1.,0.));
#4237=DIRECTION('ref_axis',(-0.843872747740423,0.,-0.536543367884673));
#4238=DIRECTION('',(0.,-1.,0.));
#4239=DIRECTION('center_axis',(0.,1.,0.));
#4240=DIRECTION('ref_axis',(0.843872746402691,0.,-0.536543369988652));
#4241=DIRECTION('',(0.,1.,0.));
#4242=DIRECTION('center_axis',(0.,-1.,0.));
#4243=DIRECTION('ref_axis',(-1.,0.,0.));
#4244=DIRECTION('center_axis',(0.,1.,0.));
#4245=DIRECTION('ref_axis',(0.843872746402686,0.,-0.53654336998866));
#4246=DIRECTION('',(0.,1.,0.));
#4247=DIRECTION('center_axis',(0.,1.,0.));
#4248=DIRECTION('ref_axis',(1.,0.,0.));
#4249=DIRECTION('center_axis',(0.,0.,-1.));
#4250=DIRECTION('ref_axis',(-0.707106781186547,0.707106781186548,0.));
#4251=DIRECTION('',(0.,0.,1.));
#4252=DIRECTION('center_axis',(0.,0.,1.));
#4253=DIRECTION('ref_axis',(-0.707106781186547,0.707106781186548,0.));
#4254=DIRECTION('',(0.,0.,-1.));
#4255=DIRECTION('center_axis',(1.,0.,0.));
#4256=DIRECTION('ref_axis',(0.,0.,-1.));
#4257=DIRECTION('',(0.,-1.,0.));
#4258=DIRECTION('',(0.,1.,0.));
#4259=DIRECTION('center_axis',(0.,0.,1.));
#4260=DIRECTION('ref_axis',(0.707106781186547,0.707106781186548,0.));
#4261=DIRECTION('center_axis',(0.,0.,1.));
#4262=DIRECTION('ref_axis',(0.707106781186547,0.707106781186548,0.));
#4263=DIRECTION('',(0.,0.,-1.));
#4264=DIRECTION('center_axis',(0.,-1.,0.));
#4265=DIRECTION('ref_axis',(1.,0.,0.));
#4266=DIRECTION('',(1.,0.,0.));
#4267=DIRECTION('center_axis',(0.,1.,0.));
#4268=DIRECTION('ref_axis',(0.843872746402686,0.,0.53654336998866));
#4269=DIRECTION('',(0.,-1.,0.));
#4270=DIRECTION('',(0.,1.,0.));
#4271=DIRECTION('center_axis',(0.,1.,0.));
#4272=DIRECTION('ref_axis',(1.,0.,0.));
#4273=DIRECTION('',(0.,1.,0.));
#4274=DIRECTION('center_axis',(0.,1.,0.));
#4275=DIRECTION('ref_axis',(-0.843872746402687,0.,0.536543369988658));
#4276=DIRECTION('',(0.,1.,0.));
#4277=DIRECTION('center_axis',(0.,1.,0.));
#4278=DIRECTION('ref_axis',(1.,0.,0.));
#4279=DIRECTION('center_axis',(0.,0.,1.));
#4280=DIRECTION('ref_axis',(1.,0.,0.));
#4281=DIRECTION('',(1.,0.,0.));
#4282=DIRECTION('',(1.,0.,0.));
#4283=DIRECTION('',(-1.,0.,0.));
#4284=DIRECTION('center_axis',(0.,0.,-1.));
#4285=DIRECTION('ref_axis',(-1.,0.,0.));
#4286=DIRECTION('center_axis',(0.,0.,-1.));
#4287=DIRECTION('ref_axis',(-1.,0.,0.));
#4288=DIRECTION('center_axis',(0.,0.,-1.));
#4289=DIRECTION('ref_axis',(-1.,0.,0.));
#4290=DIRECTION('center_axis',(0.,0.,-1.));
#4291=DIRECTION('ref_axis',(-1.,0.,0.));
#4292=DIRECTION('center_axis',(0.,-1.,0.));
#4293=DIRECTION('ref_axis',(1.,0.,0.));
#4294=DIRECTION('center_axis',(0.,1.,0.));
#4295=DIRECTION('ref_axis',(1.,0.,0.));
#4296=DIRECTION('center_axis',(0.,0.,1.));
#4297=DIRECTION('ref_axis',(1.,0.,0.));
#4298=DIRECTION('center_axis',(0.,0.,1.));
#4299=DIRECTION('ref_axis',(-1.,0.,0.));
#4300=DIRECTION('center_axis',(2.00328947063363E-16,-1.,0.));
#4301=DIRECTION('ref_axis',(-1.,-2.00328947063363E-16,0.));
#4302=DIRECTION('center_axis',(0.,0.,1.));
#4303=DIRECTION('ref_axis',(-1.,0.,0.));
#4304=DIRECTION('center_axis',(0.,0.,-1.));
#4305=DIRECTION('ref_axis',(-1.,0.,0.));
#4306=DIRECTION('center_axis',(0.,0.,-1.));
#4307=DIRECTION('ref_axis',(-1.,0.,0.));
#4308=DIRECTION('',(0.,0.,1.));
#4309=DIRECTION('center_axis',(0.,0.,1.));
#4310=DIRECTION('ref_axis',(1.,0.,0.));
#4311=DIRECTION('center_axis',(0.,0.,1.));
#4312=DIRECTION('ref_axis',(-1.,0.,0.));
#4313=DIRECTION('center_axis',(2.00328947063363E-16,-1.,0.));
#4314=DIRECTION('ref_axis',(-1.,-2.00328947063363E-16,0.));
#4315=DIRECTION('center_axis',(0.,0.,1.));
#4316=DIRECTION('ref_axis',(-1.,0.,0.));
#4317=DIRECTION('center_axis',(0.,0.,-1.));
#4318=DIRECTION('ref_axis',(-1.,0.,0.));
#4319=DIRECTION('center_axis',(0.,0.,-1.));
#4320=DIRECTION('ref_axis',(-1.,0.,0.));
#4321=DIRECTION('',(0.,0.,1.));
#4322=DIRECTION('center_axis',(0.,0.,1.));
#4323=DIRECTION('ref_axis',(1.,0.,0.));
#4324=DIRECTION('center_axis',(0.,0.,1.));
#4325=DIRECTION('ref_axis',(-1.,0.,0.));
#4326=DIRECTION('center_axis',(0.,-1.,0.));
#4327=DIRECTION('ref_axis',(-1.,0.,0.));
#4328=DIRECTION('center_axis',(0.,0.,1.));
#4329=DIRECTION('ref_axis',(-1.,0.,0.));
#4330=DIRECTION('center_axis',(0.,0.,-1.));
#4331=DIRECTION('ref_axis',(-1.,0.,0.));
#4332=DIRECTION('center_axis',(0.,0.,-1.));
#4333=DIRECTION('ref_axis',(-1.,0.,0.));
#4334=DIRECTION('',(0.,0.,1.));
#4335=DIRECTION('center_axis',(0.,0.,1.));
#4336=DIRECTION('ref_axis',(1.,0.,0.));
#4337=DIRECTION('center_axis',(0.,0.,1.));
#4338=DIRECTION('ref_axis',(-1.,0.,0.));
#4339=DIRECTION('center_axis',(0.,-1.,0.));
#4340=DIRECTION('ref_axis',(-1.,0.,0.));
#4341=DIRECTION('center_axis',(0.,0.,1.));
#4342=DIRECTION('ref_axis',(-1.,0.,0.));
#4343=DIRECTION('center_axis',(0.,0.,-1.));
#4344=DIRECTION('ref_axis',(-1.,0.,0.));
#4345=DIRECTION('center_axis',(0.,0.,-1.));
#4346=DIRECTION('ref_axis',(-1.,0.,0.));
#4347=DIRECTION('',(0.,0.,1.));
#4348=DIRECTION('center_axis',(0.,0.,-1.));
#4349=DIRECTION('ref_axis',(-1.,0.,0.));
#4350=DIRECTION('center_axis',(0.,0.,1.));
#4351=DIRECTION('ref_axis',(-1.,0.,0.));
#4352=DIRECTION('center_axis',(0.,0.,-1.));
#4353=DIRECTION('ref_axis',(-1.,0.,0.));
#4354=DIRECTION('center_axis',(0.,0.,1.));
#4355=DIRECTION('ref_axis',(-1.,0.,0.));
#4356=DIRECTION('center_axis',(0.,0.,-1.));
#4357=DIRECTION('ref_axis',(-1.,0.,0.));
#4358=DIRECTION('center_axis',(0.,0.,1.));
#4359=DIRECTION('ref_axis',(-1.,0.,0.));
#4360=DIRECTION('center_axis',(0.,0.,-1.));
#4361=DIRECTION('ref_axis',(-1.,0.,0.));
#4362=DIRECTION('center_axis',(0.,0.,1.));
#4363=DIRECTION('ref_axis',(-1.,0.,0.));
#4364=DIRECTION('center_axis',(0.,0.,1.));
#4365=DIRECTION('ref_axis',(-1.,0.,0.));
#4366=DIRECTION('',(0.,0.,1.));
#4367=DIRECTION('center_axis',(0.,0.,1.));
#4368=DIRECTION('ref_axis',(-1.,0.,0.));
#4369=DIRECTION('',(0.,0.,1.));
#4370=DIRECTION('center_axis',(0.,0.,1.));
#4371=DIRECTION('ref_axis',(-1.,0.,0.));
#4372=DIRECTION('',(0.,0.,1.));
#4373=DIRECTION('center_axis',(0.,0.,1.));
#4374=DIRECTION('ref_axis',(-1.,0.,0.));
#4375=DIRECTION('',(0.,0.,1.));
#4376=DIRECTION('center_axis',(0.,-1.,0.));
#4377=DIRECTION('ref_axis',(0.,0.,-1.));
#4378=CARTESIAN_POINT('',(0.,0.,0.));
#4379=CARTESIAN_POINT('Origin',(3.75,74.,8.1));
#4380=CARTESIAN_POINT('',(4.75,74.,8.1));
#4381=CARTESIAN_POINT('',(3.75,74.,7.1));
#4382=CARTESIAN_POINT('Origin',(3.75,74.,8.1));
#4383=CARTESIAN_POINT('',(3.75,72.6,7.1));
#4384=CARTESIAN_POINT('',(3.75,74.,7.1));
#4385=CARTESIAN_POINT('',(4.75,72.6,8.1));
#4386=CARTESIAN_POINT('Origin',(3.75,72.6,8.1));
#4387=CARTESIAN_POINT('',(4.75,74.,8.1));
#4388=CARTESIAN_POINT('Origin',(-4.75,74.,7.1));
#4389=CARTESIAN_POINT('',(-3.75,74.,7.1));
#4390=CARTESIAN_POINT('',(-2.375,74.,7.1));
#4391=CARTESIAN_POINT('',(-3.75,72.6,7.1));
#4392=CARTESIAN_POINT('',(-3.75,74.,7.1));
#4393=CARTESIAN_POINT('',(-2.375,72.6,7.1));
#4394=CARTESIAN_POINT('Origin',(-3.75,74.,8.1));
#4395=CARTESIAN_POINT('',(-4.75,74.,8.1));
#4396=CARTESIAN_POINT('Origin',(-3.75,74.,8.1));
#4397=CARTESIAN_POINT('',(-4.75,72.6,8.1));
#4398=CARTESIAN_POINT('',(-4.75,74.,8.1));
#4399=CARTESIAN_POINT('Origin',(-3.75,72.6,8.1));
#4400=CARTESIAN_POINT('Origin',(-4.75,74.,11.9));
#4401=CARTESIAN_POINT('',(-4.75,74.,10.9));
#4402=CARTESIAN_POINT('',(-4.75,74.,4.55000001862645));
#4403=CARTESIAN_POINT('',(-4.75,71.,10.9));
#4404=CARTESIAN_POINT('',(-4.75,74.,10.9));
#4405=CARTESIAN_POINT('',(-4.75,71.,10.1));
#4406=CARTESIAN_POINT('',(-4.75,71.,5.95));
#4407=CARTESIAN_POINT('',(-4.75,72.6,10.1));
#4408=CARTESIAN_POINT('',(-4.75,72.5,10.1));
#4409=CARTESIAN_POINT('',(-4.75,72.6,8.25));
#4410=CARTESIAN_POINT('Origin',(0.,72.6,7.4));
#4411=CARTESIAN_POINT('',(4.75,72.6,10.1));
#4412=CARTESIAN_POINT('',(4.75,72.6,7.75));
#4413=CARTESIAN_POINT('',(-6.75,72.6,8.1));
#4414=CARTESIAN_POINT('Origin',(-6.75,72.6,10.1));
#4415=CARTESIAN_POINT('',(-8.75,72.6,8.1));
#4416=CARTESIAN_POINT('',(-8.75,72.6,8.1));
#4417=CARTESIAN_POINT('',(-8.75,72.6,6.7));
#4418=CARTESIAN_POINT('',(-8.75,72.6,6.7));
#4419=CARTESIAN_POINT('',(8.75,72.6,6.7));
#4420=CARTESIAN_POINT('',(0.,72.6,6.7));
#4421=CARTESIAN_POINT('',(8.75,72.6,8.1));
#4422=CARTESIAN_POINT('',(8.75,72.6,6.7));
#4423=CARTESIAN_POINT('',(6.75,72.6,8.1));
#4424=CARTESIAN_POINT('',(-8.75,72.6,8.1));
#4425=CARTESIAN_POINT('Origin',(6.75,72.6,10.1));
#4426=CARTESIAN_POINT('Origin',(-7.75,45.0000006854534,6.7));
#4427=CARTESIAN_POINT('',(-7.75,46.0000006854534,6.7));
#4428=CARTESIAN_POINT('',(-8.75,45.0000006854534,6.7));
#4429=CARTESIAN_POINT('Origin',(-7.75,45.0000006854534,6.7));
#4430=CARTESIAN_POINT('',(-8.75,45.0000006854534,3.7));
#4431=CARTESIAN_POINT('',(-8.75,45.0000006854534,6.7));
#4432=CARTESIAN_POINT('',(-7.75,46.0000006854534,3.7));
#4433=CARTESIAN_POINT('Origin',(-7.75,45.0000006854534,3.7));
#4434=CARTESIAN_POINT('',(-7.75,46.0000006854534,6.7));
#4435=CARTESIAN_POINT('Origin',(-8.75,71.,6.7));
#4436=CARTESIAN_POINT('',(-8.75,71.,6.7));
#4437=CARTESIAN_POINT('',(-8.75,67.1,8.1));
#4438=CARTESIAN_POINT('',(-8.75,71.,8.1));
#4439=CARTESIAN_POINT('',(-8.75,67.1,11.1));
#4440=CARTESIAN_POINT('',(-8.75,67.1,6.7));
#4441=CARTESIAN_POINT('',(-8.75,40.,11.1));
#4442=CARTESIAN_POINT('',(-8.75,69.05,11.1));
#4443=CARTESIAN_POINT('',(-8.75,40.,3.7));
#4444=CARTESIAN_POINT('',(-8.75,40.,7.05));
#4445=CARTESIAN_POINT('',(-8.75,55.5,3.7));
#4446=CARTESIAN_POINT('',(-8.75,41.5,6.9));
#4447=CARTESIAN_POINT('Origin',(-8.75,41.5,7.4));
#4448=CARTESIAN_POINT('Origin',(7.75,45.0000006854534,7.4));
#4449=CARTESIAN_POINT('',(8.75,45.0000006854534,6.7));
#4450=CARTESIAN_POINT('',(7.75,46.0000006854534,6.7));
#4451=CARTESIAN_POINT('Origin',(7.75,45.0000006854534,6.7));
#4452=CARTESIAN_POINT('',(7.75,46.0000006854534,3.7));
#4453=CARTESIAN_POINT('',(7.75,46.0000006854534,7.4));
#4454=CARTESIAN_POINT('',(8.75,45.0000006854534,3.7));
#4455=CARTESIAN_POINT('Origin',(7.75,45.0000006854534,3.7));
#4456=CARTESIAN_POINT('',(8.75,45.0000006854534,7.4));
#4457=CARTESIAN_POINT('Origin',(6.75,46.0000006854534,6.7));
#4458=CARTESIAN_POINT('',(6.75,46.0000006854534,6.7));
#4459=CARTESIAN_POINT('',(7.75,46.0000006854534,6.7));
#4460=CARTESIAN_POINT('',(6.75,46.0000006854534,3.7));
#4461=CARTESIAN_POINT('',(6.75,46.0000006854534,6.7));
#4462=CARTESIAN_POINT('',(6.75,46.0000006854534,3.7));
#4463=CARTESIAN_POINT('Origin',(-8.75,46.0000006854534,6.7));
#4464=CARTESIAN_POINT('',(-6.75,46.0000006854534,3.7));
#4465=CARTESIAN_POINT('',(-10.25,46.0000006854534,3.7));
#4466=CARTESIAN_POINT('',(-6.75,46.0000006854534,6.7));
#4467=CARTESIAN_POINT('',(-6.75,46.0000006854534,5.2));
#4468=CARTESIAN_POINT('',(0.,46.0000006854534,6.7));
#4469=CARTESIAN_POINT('Origin',(-6.75,40.,6.7));
#4470=CARTESIAN_POINT('',(-6.75,40.,-2.));
#4471=CARTESIAN_POINT('',(-8.75,40.,-2.));
#4472=CARTESIAN_POINT('',(-11.825,40.,-2.));
#4473=CARTESIAN_POINT('',(-6.75,40.,-2.377));
#4474=CARTESIAN_POINT('',(-6.75,40.,6.7));
#4475=CARTESIAN_POINT('',(-8.75,40.,-2.377));
#4476=CARTESIAN_POINT('',(-8.75,40.,-2.377));
#4477=CARTESIAN_POINT('',(-8.75,40.,6.7));
#4478=CARTESIAN_POINT('Origin',(-8.75,40.,6.7));
#4479=CARTESIAN_POINT('',(-8.75,46.0000006854534,-2.));
#4480=CARTESIAN_POINT('',(-8.75,20.,-2.));
#4481=CARTESIAN_POINT('',(-8.75,46.0000006854534,-2.377));
#4482=CARTESIAN_POINT('',(-8.75,72.6,-2.377));
#4483=CARTESIAN_POINT('',(-8.75,46.0000006854534,6.7));
#4484=CARTESIAN_POINT('Origin',(-8.75,46.0000006854534,6.7));
#4485=CARTESIAN_POINT('',(-6.75,46.0000006854534,-2.));
#4486=CARTESIAN_POINT('',(-12.825,46.0000006854534,-2.));
#4487=CARTESIAN_POINT('',(-6.75,46.0000006854534,-2.377));
#4488=CARTESIAN_POINT('',(8.75,46.0000006854534,-2.377));
#4489=CARTESIAN_POINT('',(-6.75,46.0000006854534,6.7));
#4490=CARTESIAN_POINT('Origin',(-6.75,46.0000006854534,6.7));
#4491=CARTESIAN_POINT('',(-6.75,23.0000003427267,-2.));
#4492=CARTESIAN_POINT('',(-6.75,40.,-2.377));
#4493=CARTESIAN_POINT('Origin',(-7.75,43.0000003427267,-2.377));
#4494=CARTESIAN_POINT('Origin',(8.75,46.0000006854534,6.7));
#4495=CARTESIAN_POINT('',(8.75,46.0000006854534,-2.));
#4496=CARTESIAN_POINT('',(8.75,40.,-2.));
#4497=CARTESIAN_POINT('',(8.75,23.0000003427267,-2.));
#4498=CARTESIAN_POINT('',(8.75,46.0000006854534,-2.377));
#4499=CARTESIAN_POINT('',(8.75,46.0000006854534,6.7));
#4500=CARTESIAN_POINT('',(8.75,40.,-2.377));
#4501=CARTESIAN_POINT('',(8.75,40.,-2.377));
#4502=CARTESIAN_POINT('',(8.75,40.,6.7));
#4503=CARTESIAN_POINT('Origin',(6.75,46.0000006854534,6.7));
#4504=CARTESIAN_POINT('',(6.75,46.0000006854534,-2.));
#4505=CARTESIAN_POINT('',(-5.075,46.0000006854534,-2.));
#4506=CARTESIAN_POINT('',(6.75,46.0000006854534,-2.377));
#4507=CARTESIAN_POINT('',(6.75,46.0000006854534,6.7));
#4508=CARTESIAN_POINT('',(8.75,46.0000006854534,-2.377));
#4509=CARTESIAN_POINT('Origin',(8.75,40.,6.7));
#4510=CARTESIAN_POINT('',(6.75,40.,-2.));
#4511=CARTESIAN_POINT('',(-4.075,40.,-2.));
#4512=CARTESIAN_POINT('',(6.75,40.,-2.377));
#4513=CARTESIAN_POINT('',(6.75,40.,-2.377));
#4514=CARTESIAN_POINT('',(6.75,40.,6.7));
#4515=CARTESIAN_POINT('Origin',(6.75,40.,6.7));
#4516=CARTESIAN_POINT('',(6.75,20.,-2.));
#4517=CARTESIAN_POINT('',(6.75,71.,-2.377));
#4518=CARTESIAN_POINT('Origin',(7.75,43.0000003427267,-2.377));
#4519=CARTESIAN_POINT('Origin',(-6.75,71.,3.7));
#4520=CARTESIAN_POINT('',(-6.75,69.,3.7));
#4521=CARTESIAN_POINT('',(-6.75,71.,3.7));
#4522=CARTESIAN_POINT('',(-6.75,70.5036794926859,3.01869176962471));
#4523=CARTESIAN_POINT('Origin',(-6.75,69.,1.7));
#4524=CARTESIAN_POINT('',(-6.75,71.,3.01869176962472));
#4525=CARTESIAN_POINT('',(-6.75,74.,3.01869176962472));
#4526=CARTESIAN_POINT('',(-6.75,71.,6.7));
#4527=CARTESIAN_POINT('',(-6.75,71.,1.85));
#4528=CARTESIAN_POINT('',(-6.75,71.,6.7));
#4529=CARTESIAN_POINT('Origin',(-11.75,71.,3.7));
#4530=CARTESIAN_POINT('',(-8.9,40.,3.7));
#4531=CARTESIAN_POINT('',(11.75,40.,3.7));
#4532=CARTESIAN_POINT('',(-8.92262800667148,39.9998719892318,3.7));
#4533=CARTESIAN_POINT('Origin',(-8.9,38.,3.7));
#4534=CARTESIAN_POINT('',(-8.92262800667148,52.,3.7));
#4535=CARTESIAN_POINT('',(-8.92262800667148,0.,3.7));
#4536=CARTESIAN_POINT('',(-8.9,52.,3.7));
#4537=CARTESIAN_POINT('',(-12.825,52.,3.7));
#4538=CARTESIAN_POINT('',(-8.9,69.,3.7));
#4539=CARTESIAN_POINT('',(-8.9,35.5,3.7));
#4540=CARTESIAN_POINT('',(-5.875,69.,3.7));
#4541=CARTESIAN_POINT('Origin',(6.75,71.,3.7));
#4542=CARTESIAN_POINT('',(8.75,40.,3.7));
#4543=CARTESIAN_POINT('',(8.75,58.5000003427267,3.7));
#4544=CARTESIAN_POINT('',(6.75,69.,3.7));
#4545=CARTESIAN_POINT('',(6.75,71.,3.7));
#4546=CARTESIAN_POINT('',(8.9,69.,3.7));
#4547=CARTESIAN_POINT('',(3.375,69.,3.7));
#4548=CARTESIAN_POINT('',(8.9,40.,3.7));
#4549=CARTESIAN_POINT('',(8.9,35.5,3.7));
#4550=CARTESIAN_POINT('',(11.75,40.,3.7));
#4551=CARTESIAN_POINT('Origin',(14.9,1.00000004470348,0.));
#4552=CARTESIAN_POINT('',(14.9415527974839,2.99956833936642,5.));
#4553=CARTESIAN_POINT('',(14.9,3.00000004470348,5.));
#4554=CARTESIAN_POINT('Origin',(14.9,1.00000004470348,5.));
#4555=CARTESIAN_POINT('',(14.9,3.00000004470348,2.));
#4556=CARTESIAN_POINT('',(14.9,3.00000004470348,0.));
#4557=CARTESIAN_POINT('',(16.9,1.00000004470348,2.));
#4558=CARTESIAN_POINT('Origin',(14.9,1.00000004470348,2.));
#4559=CARTESIAN_POINT('',(16.9,1.00000004470348,6.59443304503815));
#4560=CARTESIAN_POINT('',(16.9,1.00000004470348,0.));
#4561=CARTESIAN_POINT('Ctrl Pts',(16.9,1.00000004470348,6.59443304503815));
#4562=CARTESIAN_POINT('Ctrl Pts',(16.9,1.07564860630824,6.59443304503815));
#4563=CARTESIAN_POINT('Ctrl Pts',(16.8960329577601,1.13977925727469,6.57487345319795));
#4564=CARTESIAN_POINT('Ctrl Pts',(16.8838791904166,1.26059477335424,6.52240915639816));
#4565=CARTESIAN_POINT('Ctrl Pts',(16.8755359632117,1.31700554157542,6.48891166141352));
#4566=CARTESIAN_POINT('Ctrl Pts',(16.8437004686777,1.48476446448249,6.37724980257948));
#4567=CARTESIAN_POINT('Ctrl Pts',(16.8136158200267,1.59304400628247,6.28882385751705));
#4568=CARTESIAN_POINT('Ctrl Pts',(16.6905193922137,1.92125012225415,6.00865526763637));
#4569=CARTESIAN_POINT('Ctrl Pts',(16.56360321306,2.13736280436307,5.80580274817233));
#4570=CARTESIAN_POINT('Ctrl Pts',(16.257507743887,2.4844504678545,5.47959348723456));
#4571=CARTESIAN_POINT('Ctrl Pts',(16.0690267227804,2.64237973127162,5.3292847326005));
#4572=CARTESIAN_POINT('Ctrl Pts',(15.6231302443165,2.88178579293939,5.10317646130378));
#4573=CARTESIAN_POINT('Ctrl Pts',(15.3652171997848,2.96280555985427,5.0278750796638));
#4574=CARTESIAN_POINT('Ctrl Pts',(15.0504076539203,2.99505970961988,5.002244984667));
#4575=CARTESIAN_POINT('Ctrl Pts',(14.9961723229385,2.99843329732462,5.00000000000001));
#4576=CARTESIAN_POINT('Ctrl Pts',(14.9415527974844,2.99956833936641,5.));
#4577=CARTESIAN_POINT('Origin',(16.9,0.,-2.));
#4578=CARTESIAN_POINT('',(16.9,52.,2.));
#4579=CARTESIAN_POINT('',(16.9,0.,2.));
#4580=CARTESIAN_POINT('',(16.9,52.,-2.));
#4581=CARTESIAN_POINT('',(16.9,52.,-1.00000000745058));
#4582=CARTESIAN_POINT('',(16.9,1.,-2.));
#4583=CARTESIAN_POINT('',(16.9,0.,-2.));
#4584=CARTESIAN_POINT('',(16.9,1.,-6.59443304503818));
#4585=CARTESIAN_POINT('',(16.9,1.,-2.75));
#4586=CARTESIAN_POINT('',(16.9,0.,-6.59443304503818));
#4587=CARTESIAN_POINT('',(16.9,0.,-6.59443304503818));
#4588=CARTESIAN_POINT('',(16.9,0.,6.59443304503815));
#4589=CARTESIAN_POINT('',(16.9,0.,-2.));
#4590=CARTESIAN_POINT('',(16.9,0.,6.59443304503815));
#4591=CARTESIAN_POINT('Origin',(-14.9,1.00000004470348,2.));
#4592=CARTESIAN_POINT('',(-16.9,1.00000004470348,6.59443328809892));
#4593=CARTESIAN_POINT('',(-14.9415527625786,2.99956834009179,5.00000007450581));
#4594=CARTESIAN_POINT('Ctrl Pts',(-14.941552762579,2.99956834009178,5.00000007450581));
#4595=CARTESIAN_POINT('Ctrl Pts',(-14.9961722706669,2.99843329936474,5.00000007450582));
#4596=CARTESIAN_POINT('Ctrl Pts',(-15.0504075846012,2.99505971439834,5.00224505773948));
#4597=CARTESIAN_POINT('Ctrl Pts',(-15.3652171228986,2.96280557909738,5.02787514405839));
#4598=CARTESIAN_POINT('Ctrl Pts',(-15.6231301778145,2.8817858193562,5.10317652325685));
#4599=CARTESIAN_POINT('Ctrl Pts',(-16.0690266753097,2.64237976604782,5.32928479726509));
#4600=CARTESIAN_POINT('Ctrl Pts',(-16.2575077050721,2.48445050386782,5.47959355703617));
#4601=CARTESIAN_POINT('Ctrl Pts',(-16.563603200551,2.13736282773025,5.80580284716353));
#4602=CARTESIAN_POINT('Ctrl Pts',(-16.6905193892547,1.92125012984384,6.00865539295168));
#4603=CARTESIAN_POINT('Ctrl Pts',(-16.8136158210657,1.59304400366199,6.28882402477197));
#4604=CARTESIAN_POINT('Ctrl Pts',(-16.8437004693651,1.48476446116771,6.37724998388344));
#4605=CARTESIAN_POINT('Ctrl Pts',(-16.875535963132,1.31700554184175,6.48891186710917));
#4606=CARTESIAN_POINT('Ctrl Pts',(-16.8838791899944,1.26059477617121,6.52240937065333));
#4607=CARTESIAN_POINT('Ctrl Pts',(-16.8960329572701,1.13977926352592,6.57487368537205));
#4608=CARTESIAN_POINT('Ctrl Pts',(-16.9,1.07564861422835,6.59443328809893));
#4609=CARTESIAN_POINT('Ctrl Pts',(-16.9,1.00000004470348,6.59443328809893));
#4610=CARTESIAN_POINT('',(-16.9,1.00000004470348,2.));
#4611=CARTESIAN_POINT('',(-16.9,1.00000004470348,2.));
#4612=CARTESIAN_POINT('',(-14.9,3.00000004470348,2.));
#4613=CARTESIAN_POINT('Origin',(-14.9,1.00000004470348,2.));
#4614=CARTESIAN_POINT('',(-14.9,3.00000004470348,5.00000007450581));
#4615=CARTESIAN_POINT('',(-14.9,3.00000004470348,2.));
#4616=CARTESIAN_POINT('Origin',(-14.9,1.00000004470348,5.00000007450581));
#4617=CARTESIAN_POINT('Origin',(-10.9,3.00000004470348,2.));
#4618=CARTESIAN_POINT('',(-12.9,3.00000004470348,2.));
#4619=CARTESIAN_POINT('',(-10.9,3.00000004470348,2.));
#4620=CARTESIAN_POINT('',(-12.9,3.00000004470348,5.00000007450581));
#4621=CARTESIAN_POINT('',(-12.9,3.00000004470348,3.5000000372529));
#4622=CARTESIAN_POINT('',(-14.3557565548209,3.00000004470348,5.00000007450581));
#4623=CARTESIAN_POINT('Origin',(0.,0.,0.));
#4624=CARTESIAN_POINT('',(-21.3,0.,-2.60849768218386E-15));
#4625=CARTESIAN_POINT('Origin',(0.,0.,0.));
#4626=CARTESIAN_POINT('',(16.7526501062699,0.,-7.84848484848485));
#4627=CARTESIAN_POINT('Origin',(14.9415527974839,0.,-7.));
#4628=CARTESIAN_POINT('',(-16.7526501062699,0.,-7.84848484848484));
#4629=CARTESIAN_POINT('Origin',(0.,0.,0.));
#4630=CARTESIAN_POINT('',(-16.9,0.,-6.59443304503818));
#4631=CARTESIAN_POINT('Origin',(-14.9415527974839,0.,-7.));
#4632=CARTESIAN_POINT('',(-16.9,0.,6.59443328809892));
#4633=CARTESIAN_POINT('',(-16.9,0.,1.));
#4634=CARTESIAN_POINT('',(-16.7526500671336,0.,7.84848493202166));
#4635=CARTESIAN_POINT('Origin',(-14.9415527625786,0.,7.00000007450581));
#4636=CARTESIAN_POINT('',(16.7526501062699,0.,7.84848484848485));
#4637=CARTESIAN_POINT('Origin',(-1.33226762955019E-14,0.,2.53269627492614E-15));
#4638=CARTESIAN_POINT('Origin',(14.9415527974839,0.,7.));
#4639=CARTESIAN_POINT('Origin',(12.9,5.00000004470348,2.));
#4640=CARTESIAN_POINT('',(12.9,3.00000004470348,5.));
#4641=CARTESIAN_POINT('',(10.9,5.00000004470348,5.));
#4642=CARTESIAN_POINT('Origin',(12.9,5.00000004470348,5.));
#4643=CARTESIAN_POINT('',(10.9,5.00000004470348,2.));
#4644=CARTESIAN_POINT('',(10.9,5.00000004470348,2.));
#4645=CARTESIAN_POINT('',(12.9,3.00000004470348,2.));
#4646=CARTESIAN_POINT('Origin',(12.9,5.00000004470348,2.));
#4647=CARTESIAN_POINT('',(12.9,3.00000004470348,2.));
#4648=CARTESIAN_POINT('Origin',(10.9,0.,5.));
#4649=CARTESIAN_POINT('',(13.9,3.00000004470348,5.));
#4650=CARTESIAN_POINT('',(14.9415527974839,10.,5.));
#4651=CARTESIAN_POINT('',(14.9415527974839,0.,5.));
#4652=CARTESIAN_POINT('',(20.7048303542917,10.,5.));
#4653=CARTESIAN_POINT('',(5.45000000445384,10.,5.));
#4654=CARTESIAN_POINT('',(20.7048303542917,44.,5.));
#4655=CARTESIAN_POINT('',(20.7048303542917,0.,5.));
#4656=CARTESIAN_POINT('',(14.9415527974838,44.,5.));
#4657=CARTESIAN_POINT('',(5.45000000445385,44.,5.));
#4658=CARTESIAN_POINT('',(14.9415527974839,54.4340042388255,5.));
#4659=CARTESIAN_POINT('',(14.9415527974838,54.,5.));
#4660=CARTESIAN_POINT('',(14.1421356237309,56.,5.));
#4661=CARTESIAN_POINT('Ctrl Pts',(14.1421356237309,56.,5.));
#4662=CARTESIAN_POINT('Ctrl Pts',(14.1421356237309,55.7574576522374,5.));
#4663=CARTESIAN_POINT('Ctrl Pts',(14.2014310503933,55.4725109368031,5.));
#4664=CARTESIAN_POINT('Ctrl Pts',(14.3955303641016,55.0198656360204,5.));
#4665=CARTESIAN_POINT('Ctrl Pts',(14.5672083969789,54.7738969479066,5.));
#4666=CARTESIAN_POINT('Ctrl Pts',(14.8056700299536,54.5434394019381,5.));
#4667=CARTESIAN_POINT('Ctrl Pts',(14.8712315745663,54.4869808696231,5.));
#4668=CARTESIAN_POINT('Ctrl Pts',(14.9415527974839,54.4340042388255,5.));
#4669=CARTESIAN_POINT('',(14.1421356237309,69.,5.));
#4670=CARTESIAN_POINT('',(14.1421356237309,54.,5.));
#4671=CARTESIAN_POINT('',(12.75,69.,5.));
#4672=CARTESIAN_POINT('',(5.45,69.,5.));
#4673=CARTESIAN_POINT('',(12.75,38.,5.));
#4674=CARTESIAN_POINT('',(12.75,43.,5.));
#4675=CARTESIAN_POINT('',(10.9,38.,5.));
#4676=CARTESIAN_POINT('',(10.075,38.,5.));
#4677=CARTESIAN_POINT('',(10.9,0.,5.));
#4678=CARTESIAN_POINT('Origin',(16.9,3.00000004470348,2.));
#4679=CARTESIAN_POINT('',(16.9,3.00000004470348,2.));
#4680=CARTESIAN_POINT('Origin',(-12.9,5.00000004470348,3.5000000372529));
#4681=CARTESIAN_POINT('',(-10.9,5.00000004470348,2.));
#4682=CARTESIAN_POINT('Origin',(-12.9,5.00000004470348,2.));
#4683=CARTESIAN_POINT('',(-10.9,5.00000004470348,5.00000007450581));
#4684=CARTESIAN_POINT('',(-10.9,5.00000004470348,3.5000000372529));
#4685=CARTESIAN_POINT('Origin',(-12.9,5.00000004470348,5.00000007450581));
#4686=CARTESIAN_POINT('Origin',(-10.9,0.,2.));
#4687=CARTESIAN_POINT('',(-16.9,52.,2.));
#4688=CARTESIAN_POINT('',(-16.9,0.,2.));
#4689=CARTESIAN_POINT('',(-10.9,52.,2.));
#4690=CARTESIAN_POINT('',(-12.4,52.,2.));
#4691=CARTESIAN_POINT('',(-10.9,38.,2.));
#4692=CARTESIAN_POINT('',(-10.9,0.,2.));
#4693=CARTESIAN_POINT('',(-10.9,0.,2.));
#4694=CARTESIAN_POINT('Origin',(-14.9415527625786,0.,7.00000007450581));
#4695=CARTESIAN_POINT('',(-16.9,0.,6.59443328809892));
#4696=CARTESIAN_POINT('',(-14.9415527625786,10.,5.00000007450581));
#4697=CARTESIAN_POINT('',(-14.9415527625786,0.,5.00000007450581));
#4698=CARTESIAN_POINT('',(-16.9415527625786,8.,7.00000007450581));
#4699=CARTESIAN_POINT('Origin',(-14.9415527625786,10.,7.00000007450581));
#4700=CARTESIAN_POINT('',(-16.7526500671336,8.,7.84848493202166));
#4701=CARTESIAN_POINT('Origin',(-14.9415527625786,8.,7.00000007450581));
#4702=CARTESIAN_POINT('',(-16.7526500671336,0.,7.84848493202166));
#4703=CARTESIAN_POINT('Origin',(-17.8115131096418,0.,5.00000007450581));
#4704=CARTESIAN_POINT('',(-10.9,38.,5.00000007450581));
#4705=CARTESIAN_POINT('',(-10.9,0.,5.00000007450581));
#4706=CARTESIAN_POINT('',(-12.75,38.,5.00000007450581));
#4707=CARTESIAN_POINT('',(-13.5307565548209,38.,5.00000007450581));
#4708=CARTESIAN_POINT('',(-12.75,69.,5.00000007450581));
#4709=CARTESIAN_POINT('',(-12.75,43.,5.00000007450581));
#4710=CARTESIAN_POINT('',(-14.1421355973892,69.,5.00000007450581));
#4711=CARTESIAN_POINT('',(-8.9057565548209,69.,5.00000007450581));
#4712=CARTESIAN_POINT('',(-14.1421355973892,56.,5.00000007450581));
#4713=CARTESIAN_POINT('',(-14.1421355973892,54.,5.00000007450581));
#4714=CARTESIAN_POINT('',(-14.9415527657454,54.4340042439528,5.00000007450581));
#4715=CARTESIAN_POINT('Ctrl Pts',(-14.9415527657486,54.4340042439504,5.00000007450581));
#4716=CARTESIAN_POINT('Ctrl Pts',(-14.871231545109,54.4869808733892,5.00000007450581));
#4717=CARTESIAN_POINT('Ctrl Pts',(-14.805670002564,54.5434394040561,5.00000007450581));
#4718=CARTESIAN_POINT('Ctrl Pts',(-14.5672083710805,54.7738969483346,5.00000007450581));
#4719=CARTESIAN_POINT('Ctrl Pts',(-14.3955303379742,55.0198656364372,5.00000007450581));
#4720=CARTESIAN_POINT('Ctrl Pts',(-14.2014310240996,55.4725109371127,5.00000007450581));
#4721=CARTESIAN_POINT('Ctrl Pts',(-14.1421355973892,55.7574576523719,5.00000007450581));
#4722=CARTESIAN_POINT('Ctrl Pts',(-14.1421355973892,56.,5.00000007450581));
#4723=CARTESIAN_POINT('',(-14.9415527625777,44.,5.00000007450581));
#4724=CARTESIAN_POINT('',(-14.9415527625777,54.,5.00000007450581));
#4725=CARTESIAN_POINT('',(-20.7048303362994,44.,5.00000007450581));
#4726=CARTESIAN_POINT('',(-8.90575655036706,44.,5.00000007450581));
#4727=CARTESIAN_POINT('',(-20.7048303362994,10.,5.00000007450581));
#4728=CARTESIAN_POINT('',(-20.7048303362994,0.,5.00000007450581));
#4729=CARTESIAN_POINT('',(-8.90575655036706,10.,5.00000007450581));
#4730=CARTESIAN_POINT('Origin',(16.9,0.,2.));
#4731=CARTESIAN_POINT('',(10.9,38.,2.));
#4732=CARTESIAN_POINT('',(10.9,0.,2.));
#4733=CARTESIAN_POINT('',(10.8773719933285,38.3,2.));
#4734=CARTESIAN_POINT('Origin',(8.9,38.,2.));
#4735=CARTESIAN_POINT('',(10.8773719933285,52.,2.));
#4736=CARTESIAN_POINT('',(10.8773719933285,35.5,2.));
#4737=CARTESIAN_POINT('',(15.4,52.,2.));
#4738=CARTESIAN_POINT('Origin',(10.9,0.,2.));
#4739=CARTESIAN_POINT('',(10.9,38.,4.7));
#4740=CARTESIAN_POINT('Origin',(-6.75,67.1,6.7));
#4741=CARTESIAN_POINT('',(-6.75,67.1,8.1));
#4742=CARTESIAN_POINT('',(-7.75,67.1,8.1));
#4743=CARTESIAN_POINT('',(-6.75,67.1,11.1));
#4744=CARTESIAN_POINT('',(-6.75,67.1,7.4));
#4745=CARTESIAN_POINT('',(-6.75,67.1,11.1));
#4746=CARTESIAN_POINT('Origin',(8.75,67.1,6.7));
#4747=CARTESIAN_POINT('',(8.75,67.1,8.1));
#4748=CARTESIAN_POINT('',(6.75,67.1,8.1));
#4749=CARTESIAN_POINT('',(0.,67.1,8.1));
#4750=CARTESIAN_POINT('',(8.75,67.1,11.1));
#4751=CARTESIAN_POINT('',(8.75,67.1,6.7));
#4752=CARTESIAN_POINT('',(6.75,67.1,11.1));
#4753=CARTESIAN_POINT('',(9.41955151624007,67.1,11.1));
#4754=CARTESIAN_POINT('',(6.75,67.1,8.9));
#4755=CARTESIAN_POINT('Origin',(-8.75,71.,8.1));
#4756=CARTESIAN_POINT('',(-6.75,71.,8.1));
#4757=CARTESIAN_POINT('',(-6.75,72.5,8.1));
#4758=CARTESIAN_POINT('',(-6.75,71.,8.1));
#4759=CARTESIAN_POINT('Origin',(-9.25,40.,7.4));
#4760=CARTESIAN_POINT('',(-10.0891033647952,40.,11.1));
#4761=CARTESIAN_POINT('',(-7.74499687108764,40.,11.1));
#4762=CARTESIAN_POINT('',(-11.75,40.,9.32402845906868));
#4763=CARTESIAN_POINT('Origin',(0.,40.,0.));
#4764=CARTESIAN_POINT('',(-11.75,40.,7.00000007450581));
#4765=CARTESIAN_POINT('',(-11.75,40.,3.7));
#4766=CARTESIAN_POINT('',(-8.9,40.,7.00000007450581));
#4767=CARTESIAN_POINT('',(-13.5307565548209,40.,7.00000007450581));
#4768=CARTESIAN_POINT('',(-8.9,40.,6.2000000372529));
#4769=CARTESIAN_POINT('Origin',(8.75,71.,8.1));
#4770=CARTESIAN_POINT('',(8.75,40.,11.1));
#4771=CARTESIAN_POINT('',(8.75,40.,7.05));
#4772=CARTESIAN_POINT('',(8.75,55.5,11.1));
#4773=CARTESIAN_POINT('',(8.75,71.,8.1));
#4774=CARTESIAN_POINT('',(8.75,71.,6.7));
#4775=CARTESIAN_POINT('',(8.75,41.5,6.9));
#4776=CARTESIAN_POINT('Origin',(8.75,41.5,7.4));
#4777=CARTESIAN_POINT('Origin',(-8.75,71.,8.1));
#4778=CARTESIAN_POINT('',(6.75,71.,8.1));
#4779=CARTESIAN_POINT('',(6.75,71.,8.1));
#4780=CARTESIAN_POINT('',(6.75,72.5,8.1));
#4781=CARTESIAN_POINT('Origin',(6.75,71.,11.1));
#4782=CARTESIAN_POINT('',(6.75,69.,11.1));
#4783=CARTESIAN_POINT('',(6.75,71.,11.1));
#4784=CARTESIAN_POINT('',(6.74999999999999,71.,13.1));
#4785=CARTESIAN_POINT('Origin',(6.74999999999999,69.,13.1));
#4786=CARTESIAN_POINT('',(6.75,71.,5.55));
#4787=CARTESIAN_POINT('Origin',(10.0891030324801,71.,11.1));
#4788=CARTESIAN_POINT('',(10.0891033647952,40.,11.1));
#4789=CARTESIAN_POINT('',(7.74499687108764,40.,11.1));
#4790=CARTESIAN_POINT('',(10.0891033647952,69.,11.1));
#4791=CARTESIAN_POINT('',(10.0891033647952,71.,11.1));
#4792=CARTESIAN_POINT('',(5.04455151624006,69.,11.1));
#4793=CARTESIAN_POINT('Origin',(0.,0.,0.));
#4794=CARTESIAN_POINT('',(-21.3,54.,2.60849768218386E-15));
#4795=CARTESIAN_POINT('',(-21.3,0.,2.60849768218386E-15));
#4796=CARTESIAN_POINT('Origin',(0.,54.,0.));
#4797=CARTESIAN_POINT('',(-20.116908285244,46.,7.00000007450581));
#4798=CARTESIAN_POINT('Ctrl Pts',(-20.116908285244,46.,7.00000007450581));
#4799=CARTESIAN_POINT('Ctrl Pts',(-20.2025861125773,46.,6.75377536362038));
#4800=CARTESIAN_POINT('Ctrl Pts',(-20.2893979203624,45.9517184470388,6.48821608028268));
#4801=CARTESIAN_POINT('Ctrl Pts',(-20.4406580077619,45.7494134012739,5.99467397338129));
#4802=CARTESIAN_POINT('Ctrl Pts',(-20.5053400248509,45.5952480360972,5.76682098585679));
#4803=CARTESIAN_POINT('Ctrl Pts',(-20.6022629735891,45.2385916679436,5.41016461770321));
#4804=CARTESIAN_POINT('Ctrl Pts',(-20.6415826076551,45.0148585484509,5.25606680968456));
#4805=CARTESIAN_POINT('Ctrl Pts',(-20.6927267476108,44.5220124437685,5.0509633214045));
#4806=CARTESIAN_POINT('Ctrl Pts',(-20.7048303362993,44.2529108012131,5.00000007450581));
#4807=CARTESIAN_POINT('Ctrl Pts',(-20.7048303362993,44.,5.00000007450581));
#4808=CARTESIAN_POINT('',(20.1169083111695,46.,7.));
#4809=CARTESIAN_POINT('Origin',(0.,46.,0.));
#4810=CARTESIAN_POINT('Ctrl Pts',(20.7048303542917,44.,5.));
#4811=CARTESIAN_POINT('Ctrl Pts',(20.7048303542917,44.2529108011607,5.));
#4812=CARTESIAN_POINT('Ctrl Pts',(20.6927267658021,44.5220124436817,5.05096324687619));
#4813=CARTESIAN_POINT('Ctrl Pts',(20.641582626639,45.0148585483637,5.25606673512887));
#4814=CARTESIAN_POINT('Ctrl Pts',(20.6022629931672,45.2385916678904,5.41016454314417));
#4815=CARTESIAN_POINT('Ctrl Pts',(20.5053400458231,45.5952480360225,5.76682091127633));
#4816=CARTESIAN_POINT('Ctrl Pts',(20.4406580296472,45.749413401199,5.99467389874427));
#4817=CARTESIAN_POINT('Ctrl Pts',(20.2893979442291,45.9517184470026,6.48821600563697));
#4818=CARTESIAN_POINT('Ctrl Pts',(20.2025861375118,46.,6.75377528902438));
#4819=CARTESIAN_POINT('Ctrl Pts',(20.1169083111695,46.,7.));
#4820=CARTESIAN_POINT('',(20.1169083111695,8.,7.));
#4821=CARTESIAN_POINT('Ctrl Pts',(20.1169083111695,8.,7.));
#4822=CARTESIAN_POINT('Ctrl Pts',(20.2034705323939,8.,6.75123367605952));
#4823=CARTESIAN_POINT('Ctrl Pts',(20.2910709502156,8.04927955208748,6.48306553361659));
#4824=CARTESIAN_POINT('Ctrl Pts',(20.4433804844593,8.25550362174785,5.9854735274008));
#4825=CARTESIAN_POINT('Ctrl Pts',(20.5083332401353,8.41258910195157,5.75618270977985));
#4826=CARTESIAN_POINT('Ctrl Pts',(20.60431616417,8.77217689529848,5.40222880390461));
#4827=CARTESIAN_POINT('Ctrl Pts',(20.6428546034768,8.9945427502682,5.25102807795046));
#4828=CARTESIAN_POINT('Ctrl Pts',(20.6929778087511,9.48335039168436,5.04989221046112));
#4829=CARTESIAN_POINT('Ctrl Pts',(20.7048303542917,9.74978234726346,5.));
#4830=CARTESIAN_POINT('Ctrl Pts',(20.7048303542917,10.,5.));
#4831=CARTESIAN_POINT('',(-20.116908285244,8.,7.00000007450581));
#4832=CARTESIAN_POINT('Origin',(0.,8.,0.));
#4833=CARTESIAN_POINT('Ctrl Pts',(-20.7048303362994,10.,5.00000007450581));
#4834=CARTESIAN_POINT('Ctrl Pts',(-20.7048303362994,9.74978234728417,5.00000007450581));
#4835=CARTESIAN_POINT('Ctrl Pts',(-20.6929777905707,9.48335039174242,5.04989228496029));
#4836=CARTESIAN_POINT('Ctrl Pts',(-20.6428545845463,8.99454275043346,5.25102815237101));
#4837=CARTESIAN_POINT('Ctrl Pts',(-20.6043161446773,8.77217689553338,5.40222887825162));
#4838=CARTESIAN_POINT('Ctrl Pts',(-20.5083332192838,8.41258910208402,5.75618278407904));
#4839=CARTESIAN_POINT('Ctrl Pts',(-20.4433804626822,8.25550362180208,5.98547360179576));
#4840=CARTESIAN_POINT('Ctrl Pts',(-20.2910709264134,8.04927955207681,6.48306560812813));
#4841=CARTESIAN_POINT('Ctrl Pts',(-20.2034705074928,8.,6.75123375058993));
#4842=CARTESIAN_POINT('Ctrl Pts',(-20.116908285244,8.,7.00000007450581));
#4843=CARTESIAN_POINT('',(18.7059308390803,48.,-10.187156200017));
#4844=CARTESIAN_POINT('',(19.8894990609643,46.,-7.62219306393509));
#4845=CARTESIAN_POINT('Ctrl Pts',(18.7059308390803,48.,-10.187156200017));
#4846=CARTESIAN_POINT('Ctrl Pts',(18.8159506582579,48.,-9.98513484213686));
#4847=CARTESIAN_POINT('Ctrl Pts',(18.9226837320076,47.9712429781301,-9.78124796620516));
#4848=CARTESIAN_POINT('Ctrl Pts',(19.2236907935709,47.8092389675301,-9.18350613346943));
#4849=CARTESIAN_POINT('Ctrl Pts',(19.3914103800555,47.607949049629,-8.81908077287426));
#4850=CARTESIAN_POINT('Ctrl Pts',(19.6338560260059,47.1702368522482,-8.26286501582605));
#4851=CARTESIAN_POINT('Ctrl Pts',(19.7202369372414,46.9484228086525,-8.05163375251837));
#4852=CARTESIAN_POINT('Ctrl Pts',(19.8142249020479,46.6167845444508,-7.81630819595478));
#4853=CARTESIAN_POINT('Ctrl Pts',(19.8446160603385,46.4837746034926,-7.73849117126259));
#4854=CARTESIAN_POINT('Ctrl Pts',(19.8821009766923,46.2211653645263,-7.64162562646125));
#4855=CARTESIAN_POINT('Ctrl Pts',(19.8894990609643,46.1077062321582,-7.62219306393509));
#4856=CARTESIAN_POINT('Ctrl Pts',(19.8894990609643,46.,-7.62219306393509));
#4857=CARTESIAN_POINT('',(-18.7059308390803,48.,-10.187156200017));
#4858=CARTESIAN_POINT('Origin',(0.,48.,0.));
#4859=CARTESIAN_POINT('',(-19.8894990609643,46.,-7.62219306393509));
#4860=CARTESIAN_POINT('Ctrl Pts',(-19.8894990609643,46.,-7.62219306393509));
#4861=CARTESIAN_POINT('Ctrl Pts',(-19.8894990609643,46.0541840388828,-7.62219306393509));
#4862=CARTESIAN_POINT('Ctrl Pts',(-19.8876103458853,46.1077090224516,-7.62712646030172));
#4863=CARTESIAN_POINT('Ctrl Pts',(-19.8795019328808,46.2261221881453,-7.6482388787244));
#4864=CARTESIAN_POINT('Ctrl Pts',(-19.8724892867233,46.2895307224093,-7.66647129753994));
#4865=CARTESIAN_POINT('Ctrl Pts',(-19.825717481467,46.6115179034211,-7.78729161994159));
#4866=CARTESIAN_POINT('Ctrl Pts',(-19.7531190297466,46.8361891204255,-7.96985663690964));
#4867=CARTESIAN_POINT('Ctrl Pts',(-19.6129074617566,47.221969056062,-8.31181746928076));
#4868=CARTESIAN_POINT('Ctrl Pts',(-19.475121660464,47.4969292409775,-8.6367814156032));
#4869=CARTESIAN_POINT('Ctrl Pts',(-19.1528398144773,47.8542597185118,-9.3256858530799));
#4870=CARTESIAN_POINT('Ctrl Pts',(-18.9953689283439,47.9559261196738,-9.64356498178033));
#4871=CARTESIAN_POINT('Ctrl Pts',(-18.7858703512223,47.9961684941341,-10.0393287478225));
#4872=CARTESIAN_POINT('Ctrl Pts',(-18.7460873268466,48.,-10.1134197746448));
#4873=CARTESIAN_POINT('Ctrl Pts',(-18.7059308390803,48.,-10.187156200017));
#4874=CARTESIAN_POINT('',(-19.8894990609643,8.,-7.62219306393509));
#4875=CARTESIAN_POINT('',(-19.8894990609643,0.,-7.62219306393505));
#4876=CARTESIAN_POINT('',(-18.7059308390803,6.,-10.187156200017));
#4877=CARTESIAN_POINT('Ctrl Pts',(-18.7059308390803,6.,-10.187156200017));
#4878=CARTESIAN_POINT('Ctrl Pts',(-18.8159506549995,6.,-9.98513484812));
#4879=CARTESIAN_POINT('Ctrl Pts',(-18.9226837257182,6.0287570201689,-9.78124797822704));
#4880=CARTESIAN_POINT('Ctrl Pts',(-19.2236907839695,6.1907610239847,-9.18350615345711));
#4881=CARTESIAN_POINT('Ctrl Pts',(-19.3914103709033,6.39205093786311,-8.81908079308307));
#4882=CARTESIAN_POINT('Ctrl Pts',(-19.6338560205026,6.82976313458312,-8.26286502908616));
#4883=CARTESIAN_POINT('Ctrl Pts',(-19.7202369334632,7.05157718039418,-8.05163376183355));
#4884=CARTESIAN_POINT('Ctrl Pts',(-19.8142249000445,7.38321544716002,-7.81630820105107));
#4885=CARTESIAN_POINT('Ctrl Pts',(-19.8446160589583,7.51622538918877,-7.73849117481172));
#4886=CARTESIAN_POINT('Ctrl Pts',(-19.8821009764826,7.77883463192092,-7.64162562701882));
#4887=CARTESIAN_POINT('Ctrl Pts',(-19.8894990609643,7.89229376626684,-7.62219306393509));
#4888=CARTESIAN_POINT('Ctrl Pts',(-19.8894990609643,8.,-7.62219306393509));
#4889=CARTESIAN_POINT('',(18.7059308390803,6.,-10.187156200017));
#4890=CARTESIAN_POINT('Origin',(0.,6.,0.));
#4891=CARTESIAN_POINT('',(19.8894990609643,8.,-7.62219306393509));
#4892=CARTESIAN_POINT('Ctrl Pts',(19.8894990609643,8.,-7.62219306393509));
#4893=CARTESIAN_POINT('Ctrl Pts',(19.8894990609643,7.94581596167999,-7.62219306393509));
#4894=CARTESIAN_POINT('Ctrl Pts',(19.8876103459246,7.89229097864034,-7.62712646019905));
#4895=CARTESIAN_POINT('Ctrl Pts',(19.8795019329529,7.77387781227233,-7.64823887853721));
#4896=CARTESIAN_POINT('Ctrl Pts',(19.8724892866636,7.71046927689357,-7.66647129769647));
#4897=CARTESIAN_POINT('Ctrl Pts',(19.8257174811749,7.38848209577873,-7.78729162068666));
#4898=CARTESIAN_POINT('Ctrl Pts',(19.7531190297191,7.16381087949996,-7.96985663697668));
#4899=CARTESIAN_POINT('Ctrl Pts',(19.6129074617623,6.77803094395121,-8.311817469267));
#4900=CARTESIAN_POINT('Ctrl Pts',(19.4751216604732,6.50307075903889,-8.63678141558207));
#4901=CARTESIAN_POINT('Ctrl Pts',(19.1528398144898,6.14574028149716,-9.32568585305446));
#4902=CARTESIAN_POINT('Ctrl Pts',(18.9953689283541,6.04407388033014,-9.64356498176064));
#4903=CARTESIAN_POINT('Ctrl Pts',(18.7858703512271,6.00383150586632,-10.0393287478135));
#4904=CARTESIAN_POINT('Ctrl Pts',(18.7460873268491,6.,-10.1134197746403));
#4905=CARTESIAN_POINT('Ctrl Pts',(18.7059308390803,6.,-10.187156200017));
#4906=CARTESIAN_POINT('',(19.8894990609643,0.,-7.62219306393505));
#4907=CARTESIAN_POINT('Origin',(5.45000000445385,44.,7.));
#4908=CARTESIAN_POINT('',(16.9415527974838,46.,7.));
#4909=CARTESIAN_POINT('',(5.45000000445385,46.,7.));
#4910=CARTESIAN_POINT('Origin',(14.9415527974838,44.,7.));
#4911=CARTESIAN_POINT('Origin',(8.9076923615039E-9,46.,13.2499999999998));
#4912=CARTESIAN_POINT('',(-16.9415527625777,46.,7.00000007450581));
#4913=CARTESIAN_POINT('',(-8.90575655036706,46.,7.00000007450581));
#4914=CARTESIAN_POINT('',(-16.7526500671326,46.,7.8484849320217));
#4915=CARTESIAN_POINT('Origin',(-14.9415527625777,46.,7.00000007450581));
#4916=CARTESIAN_POINT('',(16.7526501062697,46.,7.84848484848489));
#4917=CARTESIAN_POINT('Origin',(3.73034936274053E-13,46.,-1.28785870856518E-13));
#4918=CARTESIAN_POINT('Origin',(14.9415527974838,46.,7.));
#4919=CARTESIAN_POINT('Origin',(-8.90575655036706,44.,7.00000007450581));
#4920=CARTESIAN_POINT('Origin',(-14.9415527625777,44.,7.00000007450581));
#4921=CARTESIAN_POINT('Origin',(-18.4904624072306,8.,-6.19296374660713));
#4922=CARTESIAN_POINT('',(-16.9,8.,-7.40556695496181));
#4923=CARTESIAN_POINT('Origin',(-18.4904624072306,8.,-6.19296374660713));
#4924=CARTESIAN_POINT('',(-16.7526501035659,6.79979399519737,-7.84848485425644));
#4925=CARTESIAN_POINT('Ctrl Pts',(-16.8999984696256,8.00000000028598,-7.40557434493529));
#4926=CARTESIAN_POINT('Ctrl Pts',(-16.8999984696301,7.88290107022814,-7.40557434491357));
#4927=CARTESIAN_POINT('Ctrl Pts',(-16.8973639553115,7.76643644742086,-7.4189479456411));
#4928=CARTESIAN_POINT('Ctrl Pts',(-16.8805326148508,7.43630942619295,-7.49269624391829));
#4929=CARTESIAN_POINT('Ctrl Pts',(-16.8587161630379,7.23150018770537,-7.5809299230087));
#4930=CARTESIAN_POINT('Ctrl Pts',(-16.8014242485021,6.96064644528161,-7.73731986006976));
#4931=CARTESIAN_POINT('Ctrl Pts',(-16.7794435421931,6.87823597596166,-7.79129405789161));
#4932=CARTESIAN_POINT('Ctrl Pts',(-16.7526501035659,6.79979399519737,-7.84848485425643));
#4933=CARTESIAN_POINT('',(-15.9857146015045,6.,-9.31165552838198));
#4934=CARTESIAN_POINT('Ctrl Pts',(-16.7526501035657,6.79979399519678,-7.84848485425686));
#4935=CARTESIAN_POINT('Ctrl Pts',(-16.7458287450968,6.77982340165322,-7.86304509534579));
#4936=CARTESIAN_POINT('Ctrl Pts',(-16.7388341076027,6.76014154264212,-7.87792578777536));
#4937=CARTESIAN_POINT('Ctrl Pts',(-16.6539310780281,6.53046986114975,-8.05790158851255));
#4938=CARTESIAN_POINT('Ctrl Pts',(-16.5564650024838,6.35635451335043,-8.25803530166827));
#4939=CARTESIAN_POINT('Ctrl Pts',(-16.3290145909171,6.10372037659144,-8.69912342551509));
#4940=CARTESIAN_POINT('Ctrl Pts',(-16.2006118356458,6.02681410956504,-8.93683980672443));
#4941=CARTESIAN_POINT('Ctrl Pts',(-16.0374335381133,6.00194711006942,-9.22243919284041));
#4942=CARTESIAN_POINT('Ctrl Pts',(-16.0116487680927,6.,-9.26713324292542));
#4943=CARTESIAN_POINT('Ctrl Pts',(-15.9857146015045,6.,-9.31165552838198));
#4944=CARTESIAN_POINT('Origin',(-18.4904624072306,6.,-6.19296374660713));
#4945=CARTESIAN_POINT('Origin',(-18.4904624072306,0.,-6.19296374660713));
#4946=CARTESIAN_POINT('',(-16.9,46.,-7.40556695496181));
#4947=CARTESIAN_POINT('Origin',(-18.4904624072306,46.,-6.19296374660713));
#4948=CARTESIAN_POINT('',(-16.9,0.,-7.40556695496181));
#4949=CARTESIAN_POINT('Origin',(-18.4904624072306,46.,-6.19296374660713));
#4950=CARTESIAN_POINT('',(-15.9857146015045,48.,-9.31165552838198));
#4951=CARTESIAN_POINT('Origin',(-18.4904624072306,48.,-6.19296374660713));
#4952=CARTESIAN_POINT('',(-16.7526501048973,47.2002060009049,-7.84848485141463));
#4953=CARTESIAN_POINT('Ctrl Pts',(-15.9857146015047,48.,-9.31165552838167));
#4954=CARTESIAN_POINT('Ctrl Pts',(-16.1132487334718,48.,-9.09271226642746));
#4955=CARTESIAN_POINT('Ctrl Pts',(-16.234974536703,47.9529444759094,-8.87309440095725));
#4956=CARTESIAN_POINT('Ctrl Pts',(-16.466359547796,47.7646827478986,-8.43653145010073));
#4957=CARTESIAN_POINT('Ctrl Pts',(-16.5722710319397,47.6173659308131,-8.22499670240199));
#4958=CARTESIAN_POINT('Ctrl Pts',(-16.6936869760196,47.3593955359082,-7.97350677953185));
#4959=CARTESIAN_POINT('Ctrl Pts',(-16.7246324103367,47.2822321831599,-7.90828883175027));
#4960=CARTESIAN_POINT('Ctrl Pts',(-16.7526501048973,47.2002060009049,-7.84848485141463));
#4961=CARTESIAN_POINT('Ctrl Pts',(-16.7526501048973,47.2002060009049,-7.84848485141463));
#4962=CARTESIAN_POINT('Ctrl Pts',(-16.778682845376,47.1239910823248,-7.79291777074485));
#4963=CARTESIAN_POINT('Ctrl Pts',(-16.8001476523409,47.0441016292687,-7.740442163461));
#4964=CARTESIAN_POINT('Ctrl Pts',(-16.861836057454,46.7567417962235,-7.57325598391331));
#4965=CARTESIAN_POINT('Ctrl Pts',(-16.8857620925913,46.5191235554756,-7.47118097304534));
#4966=CARTESIAN_POINT('Ctrl Pts',(-16.8985065945341,46.1748582921916,-7.41299547869276));
#4967=CARTESIAN_POINT('Ctrl Pts',(-16.8999984696222,46.0872530522405,-7.40557434495147));
#4968=CARTESIAN_POINT('Ctrl Pts',(-16.8999984696256,46.000000000286,-7.40557434493528));
#4969=CARTESIAN_POINT('Origin',(2.88657986402541E-14,48.,-14.5129775444453));
#4970=CARTESIAN_POINT('',(15.9857146015045,48.,-9.31165552838198));
#4971=CARTESIAN_POINT('Origin',(18.4904624072306,48.,-6.19296374660713));
#4972=CARTESIAN_POINT('Origin',(0.,48.,0.));
#4973=CARTESIAN_POINT('Origin',(-13.5307565548209,38.,7.00000007450581));
#4974=CARTESIAN_POINT('',(-11.75,39.7320508075689,6.0000000745058));
#4975=CARTESIAN_POINT('Ctrl Pts',(-11.75,39.7320508075689,6.0000000745058));
#4976=CARTESIAN_POINT('Ctrl Pts',(-11.75,39.656483019005,5.86911282529756));
#4977=CARTESIAN_POINT('Ctrl Pts',(-11.776838194156,39.5605868461299,5.73951003237196));
#4978=CARTESIAN_POINT('Ctrl Pts',(-11.8680687889628,39.3465953263567,5.51307463732519));
#4979=CARTESIAN_POINT('Ctrl Pts',(-11.9320141975123,39.2285643162278,5.41600143050383));
#4980=CARTESIAN_POINT('Ctrl Pts',(-12.096048171939,38.9506574491495,5.22914917467632));
#4981=CARTESIAN_POINT('Ctrl Pts',(-12.2193304006996,38.7629226080827,5.14036727654889));
#4982=CARTESIAN_POINT('Ctrl Pts',(-12.4823930745418,38.3781818611383,5.0258513723867));
#4983=CARTESIAN_POINT('Ctrl Pts',(-12.6219652362012,38.1810684994195,5.00000007450581));
#4984=CARTESIAN_POINT('Ctrl Pts',(-12.75,38.,5.00000007450581));
#4985=CARTESIAN_POINT('Origin',(-8.9,38.,7.00000007450581));
#4986=CARTESIAN_POINT('Origin',(-11.75,38.,7.00000007450581));
#4987=CARTESIAN_POINT('Origin',(10.075,38.,7.));
#4988=CARTESIAN_POINT('',(11.75,39.7320508075689,6.));
#4989=CARTESIAN_POINT('Ctrl Pts',(12.75,38.,5.));
#4990=CARTESIAN_POINT('Ctrl Pts',(12.6219652362012,38.1810684994195,5.));
#4991=CARTESIAN_POINT('Ctrl Pts',(12.4823930745418,38.3781818611383,5.02585129788089));
#4992=CARTESIAN_POINT('Ctrl Pts',(12.2193304006996,38.7629226080827,5.14036720204309));
#4993=CARTESIAN_POINT('Ctrl Pts',(12.096048171939,38.9506574491495,5.22914910017052));
#4994=CARTESIAN_POINT('Ctrl Pts',(11.9320141975123,39.2285643162278,5.41600135599803));
#4995=CARTESIAN_POINT('Ctrl Pts',(11.8680687889628,39.3465953263567,5.51307456281939));
#4996=CARTESIAN_POINT('Ctrl Pts',(11.776838194156,39.5605868461299,5.73950995786615));
#4997=CARTESIAN_POINT('Ctrl Pts',(11.75,39.656483019005,5.86911275079176));
#4998=CARTESIAN_POINT('Ctrl Pts',(11.75,39.7320508075689,6.));
#4999=CARTESIAN_POINT('',(11.75,40.,7.));
#5000=CARTESIAN_POINT('Origin',(11.75,38.,7.));
#5001=CARTESIAN_POINT('',(8.9,40.,7.));
#5002=CARTESIAN_POINT('',(10.075,40.,7.));
#5003=CARTESIAN_POINT('Origin',(8.9,38.,7.));
#5004=CARTESIAN_POINT('Origin',(8.9,38.,4.7));
#5005=CARTESIAN_POINT('',(8.9,40.,4.7));
#5006=CARTESIAN_POINT('Origin',(8.9,38.,1.7));
#5007=CARTESIAN_POINT('Origin',(-8.92262800667148,0.,1.7));
#5008=CARTESIAN_POINT('Origin',(-8.92262800667148,52.,1.7));
#5009=CARTESIAN_POINT('Ctrl Pts',(-8.92262800667147,39.9998719892318,3.7));
#5010=CARTESIAN_POINT('Ctrl Pts',(-9.00015141336229,39.9989948330072,3.7));
#5011=CARTESIAN_POINT('Ctrl Pts',(-9.07825309281833,39.9935701290606,3.69545951262992));
#5012=CARTESIAN_POINT('Ctrl Pts',(-9.28375411443335,39.967080539019,3.67134879509614));
#5013=CARTESIAN_POINT('Ctrl Pts',(-9.41012600566234,39.9379830821118,3.64376675210308));
#5014=CARTESIAN_POINT('Ctrl Pts',(-9.77034582719127,39.8183854066753,3.52890895031436));
#5015=CARTESIAN_POINT('Ctrl Pts',(-9.98518327614723,39.6938529625238,3.40782865908757));
#5016=CARTESIAN_POINT('Ctrl Pts',(-10.4179325203299,39.3457027612207,3.06985264760416));
#5017=CARTESIAN_POINT('Ctrl Pts',(-10.6067256962968,39.0815127425448,2.81238614559193));
#5018=CARTESIAN_POINT('Ctrl Pts',(-10.7833220649821,38.6882902862,2.4457980176562));
#5019=CARTESIAN_POINT('Ctrl Pts',(-10.8246469243255,38.5595352166778,2.32774114151184));
#5020=CARTESIAN_POINT('Ctrl Pts',(-10.8671798797576,38.366769469034,2.17081062772583));
#5021=CARTESIAN_POINT('Ctrl Pts',(-10.8779706030863,38.303777406418,2.12239237551443));
#5022=CARTESIAN_POINT('Ctrl Pts',(-10.8900373995456,38.2022634505705,2.06020535832987));
#5023=CARTESIAN_POINT('Ctrl Pts',(-10.8933414812692,38.1674958405369,2.04134768462228));
#5024=CARTESIAN_POINT('Ctrl Pts',(-10.8982905167812,38.0911042216125,2.01142837755199));
#5025=CARTESIAN_POINT('Ctrl Pts',(-10.9,38.0496285569834,2.));
#5026=CARTESIAN_POINT('Ctrl Pts',(-10.9,38.,2.));
#5027=CARTESIAN_POINT('Origin',(-13.9,52.,-1.49011611383365E-8));
#5028=CARTESIAN_POINT('',(-16.9,52.,-2.));
#5029=CARTESIAN_POINT('',(-16.9,52.,0.99999999254942));
#5030=CARTESIAN_POINT('',(-10.9,52.,-2.00000002980232));
#5031=CARTESIAN_POINT('',(-15.4,52.,-2.));
#5032=CARTESIAN_POINT('',(-10.9,52.,1.7));
#5033=CARTESIAN_POINT('',(-10.9,52.,2.));
#5034=CARTESIAN_POINT('Origin',(-8.9,52.,1.7));
#5035=CARTESIAN_POINT('Origin',(-10.9,0.,5.00000007450581));
#5036=CARTESIAN_POINT('',(-10.9,38.,6.2000000372529));
#5037=CARTESIAN_POINT('Origin',(-8.9,38.,6.2000000372529));
#5038=CARTESIAN_POINT('Origin',(-5.875,69.,1.7));
#5039=CARTESIAN_POINT('',(-8.9,71.,1.7));
#5040=CARTESIAN_POINT('Origin',(-8.9,69.,1.7));
#5041=CARTESIAN_POINT('',(-7.72593525514256,71.,1.7));
#5042=CARTESIAN_POINT('',(-5.875,71.,1.7));
#5043=CARTESIAN_POINT('Ctrl Pts',(-7.72593525514256,71.,1.7));
#5044=CARTESIAN_POINT('Ctrl Pts',(-7.5977728356159,71.,1.97712750371907));
#5045=CARTESIAN_POINT('Ctrl Pts',(-7.42921789006074,70.9400351891603,2.25358365834144));
#5046=CARTESIAN_POINT('Ctrl Pts',(-7.08382009069539,70.748459930469,2.69476835791138));
#5047=CARTESIAN_POINT('Ctrl Pts',(-6.91462692769819,70.6328114951324,2.87144496912068));
#5048=CARTESIAN_POINT('Ctrl Pts',(-6.75,70.5036794926859,3.01869176962471));
#5049=CARTESIAN_POINT('Origin',(-8.9,35.5,1.7));
#5050=CARTESIAN_POINT('',(-10.9,69.,1.7));
#5051=CARTESIAN_POINT('',(-10.9,35.5,1.7));
#5052=CARTESIAN_POINT('Origin',(-8.9,69.,1.7));
#5053=CARTESIAN_POINT('Origin',(-8.9,69.,1.7));
#5054=CARTESIAN_POINT('Origin',(-8.9,69.,1.7));
#5055=CARTESIAN_POINT('Origin',(0.,71.,0.));
#5056=CARTESIAN_POINT('',(-8.9,71.,-7.));
#5057=CARTESIAN_POINT('',(-8.9,71.,2.5000000372529));
#5058=CARTESIAN_POINT('',(-13.2664991614216,71.,-7.));
#5059=CARTESIAN_POINT('',(8.90575656527844,71.,-7.));
#5060=CARTESIAN_POINT('',(-5.87877579893446,71.,-13.7999998226762));
#5061=CARTESIAN_POINT('Origin',(0.,71.,0.));
#5062=CARTESIAN_POINT('',(5.87877579893446,71.,-13.7999998226762));
#5063=CARTESIAN_POINT('Origin',(0.,71.,-10.));
#5064=CARTESIAN_POINT('',(13.2664991614216,71.,-7.));
#5065=CARTESIAN_POINT('Origin',(0.,71.,0.));
#5066=CARTESIAN_POINT('',(8.9,71.,-7.));
#5067=CARTESIAN_POINT('',(8.90575656527844,71.,-7.));
#5068=CARTESIAN_POINT('',(8.9,71.,1.7));
#5069=CARTESIAN_POINT('',(8.9,71.,1.));
#5070=CARTESIAN_POINT('',(7.72593261722166,71.,1.7));
#5071=CARTESIAN_POINT('',(3.375,71.,1.7));
#5072=CARTESIAN_POINT('',(4.05,71.,-4.05000570400394));
#5073=CARTESIAN_POINT('Origin',(4.05,71.,-5.7040039360087E-6));
#5074=CARTESIAN_POINT('',(-4.05000285200147,71.,-4.049999999999));
#5075=CARTESIAN_POINT('',(-2.02500285200247,71.,-4.05000142599973));
#5076=CARTESIAN_POINT('Origin',(-4.05,71.,0.));
#5077=CARTESIAN_POINT('',(2.95,71.,-10.));
#5078=CARTESIAN_POINT('Origin',(0.,71.,-10.));
#5079=CARTESIAN_POINT('Origin',(0.,71.,0.));
#5080=CARTESIAN_POINT('',(-4.04999714799753,71.,4.049999999999));
#5081=CARTESIAN_POINT('Origin',(-4.05,71.,0.));
#5082=CARTESIAN_POINT('',(4.05,71.,4.04999429599606));
#5083=CARTESIAN_POINT('',(2.02500142600023,71.,4.04999572199629));
#5084=CARTESIAN_POINT('',(6.75,71.,3.01868606562078));
#5085=CARTESIAN_POINT('Origin',(4.05,71.,-5.7040039360087E-6));
#5086=CARTESIAN_POINT('',(6.75,71.,6.7));
#5087=CARTESIAN_POINT('',(6.75,71.,3.35));
#5088=CARTESIAN_POINT('',(4.375,71.,6.7));
#5089=CARTESIAN_POINT('Origin',(-8.9,69.,2.5000000372529));
#5090=CARTESIAN_POINT('',(-10.9,69.,-5.));
#5091=CARTESIAN_POINT('',(-10.9,69.,2.5000000372529));
#5092=CARTESIAN_POINT('Origin',(-8.9,69.,-7.));
#5093=CARTESIAN_POINT('Origin',(-10.9,0.,5.00000007450581));
#5094=CARTESIAN_POINT('',(-10.9,56.0000008046627,-2.));
#5095=CARTESIAN_POINT('',(-10.9,27.,-2.));
#5096=CARTESIAN_POINT('',(-10.9,56.0000008046627,-5.));
#5097=CARTESIAN_POINT('',(-10.9,56.0000008046627,1.5000000372529));
#5098=CARTESIAN_POINT('',(-10.9,27.0000004023314,-5.));
#5099=CARTESIAN_POINT('Origin',(8.9,35.5,1.7));
#5100=CARTESIAN_POINT('',(10.9,69.,1.7));
#5101=CARTESIAN_POINT('Origin',(8.9,69.,1.7));
#5102=CARTESIAN_POINT('',(10.9,52.,1.7));
#5103=CARTESIAN_POINT('',(10.9,35.5,1.7));
#5104=CARTESIAN_POINT('Origin',(8.9,52.,1.7));
#5105=CARTESIAN_POINT('Origin',(3.375,69.,1.7));
#5106=CARTESIAN_POINT('',(6.75,70.5036844949449,3.01868606562078));
#5107=CARTESIAN_POINT('Ctrl Pts',(6.75,70.5036844949449,3.01868606562078));
#5108=CARTESIAN_POINT('Ctrl Pts',(6.91462553103597,70.6328144137312,2.87144051432941));
#5109=CARTESIAN_POINT('Ctrl Pts',(7.0838169080118,70.7484609447295,2.69476596361978));
#5110=CARTESIAN_POINT('Ctrl Pts',(7.42921398669969,70.9400351298129,2.25358386677689));
#5111=CARTESIAN_POINT('Ctrl Pts',(7.59776960785056,71.,1.97712765043017));
#5112=CARTESIAN_POINT('Ctrl Pts',(7.72593261722166,71.,1.7));
#5113=CARTESIAN_POINT('Origin',(8.9,69.,1.7));
#5114=CARTESIAN_POINT('Origin',(6.75,69.,1.7));
#5115=CARTESIAN_POINT('Origin',(8.9,69.,1.7));
#5116=CARTESIAN_POINT('Origin',(8.9,69.,1.7));
#5117=CARTESIAN_POINT('Origin',(10.9,0.,2.));
#5118=CARTESIAN_POINT('',(10.9,69.,-5.));
#5119=CARTESIAN_POINT('',(10.9,69.,1.));
#5120=CARTESIAN_POINT('',(10.9,56.0000008046627,-5.));
#5121=CARTESIAN_POINT('',(10.9,35.5,-5.));
#5122=CARTESIAN_POINT('',(10.9,56.0000008046627,-2.));
#5123=CARTESIAN_POINT('',(10.9,56.0000008046627,0.));
#5124=CARTESIAN_POINT('',(10.9,52.,-2.00000002980232));
#5125=CARTESIAN_POINT('',(10.9,27.,-2.));
#5126=CARTESIAN_POINT('',(10.9,52.,2.));
#5127=CARTESIAN_POINT('Origin',(8.9,69.,1.));
#5128=CARTESIAN_POINT('Origin',(8.9,69.,-7.));
#5129=CARTESIAN_POINT('Origin',(-4.05000285200147,74.,-4.049999999999));
#5130=CARTESIAN_POINT('',(-4.05000285200147,74.,-4.049999999999));
#5131=CARTESIAN_POINT('',(4.05,74.,-4.05000570400394));
#5132=CARTESIAN_POINT('',(-2.02500285200248,74.,-4.05000142599973));
#5133=CARTESIAN_POINT('',(-4.05000285200147,74.,-4.049999999999));
#5134=CARTESIAN_POINT('',(4.05,74.,-4.05000570400394));
#5135=CARTESIAN_POINT('Origin',(-4.05,74.,0.));
#5136=CARTESIAN_POINT('',(-4.04999714799753,74.,4.049999999999));
#5137=CARTESIAN_POINT('Origin',(-4.05,74.,0.));
#5138=CARTESIAN_POINT('',(-4.04999714799753,74.,4.049999999999));
#5139=CARTESIAN_POINT('Origin',(4.05,74.,4.04999429599606));
#5140=CARTESIAN_POINT('',(4.05,74.,4.04999429599606));
#5141=CARTESIAN_POINT('',(2.02500142600022,74.,4.04999572199629));
#5142=CARTESIAN_POINT('',(4.05,74.,4.04999429599606));
#5143=CARTESIAN_POINT('Origin',(4.05,74.,-5.7040039360087E-6));
#5144=CARTESIAN_POINT('Origin',(4.05,74.,-5.7040039360087E-6));
#5145=CARTESIAN_POINT('',(6.75,74.,3.01868606562078));
#5146=CARTESIAN_POINT('Origin',(8.75,41.5,7.4));
#5147=CARTESIAN_POINT('',(-11.75,41.5,6.9));
#5148=CARTESIAN_POINT('Origin',(-11.75,41.5,7.4));
#5149=CARTESIAN_POINT('',(8.75,41.5,6.9));
#5150=CARTESIAN_POINT('Origin',(8.75,41.5,7.4));
#5151=CARTESIAN_POINT('',(11.75,41.5,6.9));
#5152=CARTESIAN_POINT('',(8.75,41.5,6.9));
#5153=CARTESIAN_POINT('Origin',(11.75,41.5,7.4));
#5154=CARTESIAN_POINT('Origin',(9.25,40.,7.4));
#5155=CARTESIAN_POINT('',(11.75,40.,9.32402845906868));
#5156=CARTESIAN_POINT('',(11.75,40.,11.1));
#5157=CARTESIAN_POINT('Origin',(0.,40.,0.));
#5158=CARTESIAN_POINT('Origin',(0.,56.,0.));
#5159=CARTESIAN_POINT('',(-16.1239257873787,54.,-5.38693022073832));
#5160=CARTESIAN_POINT('',(-14.941552797484,54.4340042388254,-5.));
#5161=CARTESIAN_POINT('Ctrl Pts',(-14.941552797484,54.4340042388254,-5.));
#5162=CARTESIAN_POINT('Ctrl Pts',(-15.0088601595909,54.383298105963,-5.));
#5163=CARTESIAN_POINT('Ctrl Pts',(-15.0786796379201,54.3361722587031,-5.00339872376798));
#5164=CARTESIAN_POINT('Ctrl Pts',(-15.3273605250688,54.1869926854177,-5.0295268985257));
#5165=CARTESIAN_POINT('Ctrl Pts',(-15.5122670696493,54.1078062348177,-5.07283552977885));
#5166=CARTESIAN_POINT('Ctrl Pts',(-15.8470009331447,54.0185302266114,-5.20932832695367));
#5167=CARTESIAN_POINT('Ctrl Pts',(-15.9907243802523,54.,-5.28929418042124));
#5168=CARTESIAN_POINT('Ctrl Pts',(-16.1239257873787,54.,-5.38693022073832));
#5169=CARTESIAN_POINT('',(-16.1239257605167,54.,5.38693030114052));
#5170=CARTESIAN_POINT('Origin',(0.,54.,0.));
#5171=CARTESIAN_POINT('Ctrl Pts',(-16.1239257605167,54.,5.38693030114053));
#5172=CARTESIAN_POINT('Ctrl Pts',(-16.002104031954,54.,5.29763551377723));
#5173=CARTESIAN_POINT('Ctrl Pts',(-15.8718840161654,54.0155123356713,5.22340786219164));
#5174=CARTESIAN_POINT('Ctrl Pts',(-15.5675398694392,54.0895920322736,5.09159601481407));
#5175=CARTESIAN_POINT('Ctrl Pts',(-15.3982532694989,54.1559501595982,5.04586697712365));
#5176=CARTESIAN_POINT('Ctrl Pts',(-15.1329150887685,54.3003139474543,5.00649863733023));
#5177=CARTESIAN_POINT('Ctrl Pts',(-15.0346910238131,54.3638383545956,5.00000007465332));
#5178=CARTESIAN_POINT('Ctrl Pts',(-14.9415527657454,54.4340042439528,5.00000007450581));
#5179=CARTESIAN_POINT('',(-14.1421356237309,56.,-5.));
#5180=CARTESIAN_POINT('Origin',(0.,56.,0.));
#5181=CARTESIAN_POINT('Ctrl Pts',(-14.1421356237309,56.,-5.));
#5182=CARTESIAN_POINT('Ctrl Pts',(-14.1421356237309,55.7574576522374,-5.));
#5183=CARTESIAN_POINT('Ctrl Pts',(-14.2014310503933,55.4725109368031,-5.));
#5184=CARTESIAN_POINT('Ctrl Pts',(-14.3955303641016,55.0198656360204,-5.));
#5185=CARTESIAN_POINT('Ctrl Pts',(-14.5672083969789,54.7738969479066,-5.));
#5186=CARTESIAN_POINT('Ctrl Pts',(-14.8056700299537,54.543439401938,-5.));
#5187=CARTESIAN_POINT('Ctrl Pts',(-14.8712315745663,54.486980869623,-5.));
#5188=CARTESIAN_POINT('Ctrl Pts',(-14.941552797484,54.4340042388254,-5.));
#5189=CARTESIAN_POINT('Origin',(0.,54.,0.));
#5190=CARTESIAN_POINT('',(-13.266499122109,71.,7.00000007450581));
#5191=CARTESIAN_POINT('Ctrl Pts',(-13.266499122109,71.,7.00000007450581));
#5192=CARTESIAN_POINT('Ctrl Pts',(-13.3961999662289,71.,6.75418920074298));
#5193=CARTESIAN_POINT('Ctrl Pts',(-13.528078239298,70.9518814523639,6.48594937505221));
#5194=CARTESIAN_POINT('Ctrl Pts',(-13.7579045347449,70.7435127396377,5.98301786584774));
#5195=CARTESIAN_POINT('Ctrl Pts',(-13.8561800514225,70.5829498352942,5.74860554970486));
#5196=CARTESIAN_POINT('Ctrl Pts',(-13.9971706086405,70.2178867282157,5.39550893363536));
#5197=CARTESIAN_POINT('Ctrl Pts',(-14.0526309068744,69.9983202814301,5.24734721895082));
#5198=CARTESIAN_POINT('Ctrl Pts',(-14.1249150785683,69.5139496426483,5.04954076909021));
#5199=CARTESIAN_POINT('Ctrl Pts',(-14.1421355973892,69.2491622423177,5.00000007450581));
#5200=CARTESIAN_POINT('Ctrl Pts',(-14.1421355973892,69.,5.00000007450581));
#5201=CARTESIAN_POINT('',(-12.75,71.,7.90174031463955));
#5202=CARTESIAN_POINT('Origin',(0.,71.,0.));
#5203=CARTESIAN_POINT('',(-11.75,70.,9.32402845906868));
#5204=CARTESIAN_POINT('Ctrl Pts',(-11.75,70.,9.32402809948575));
#5205=CARTESIAN_POINT('Ctrl Pts',(-11.75,70.0609280262271,9.32402809948575));
#5206=CARTESIAN_POINT('Ctrl Pts',(-11.7556640757137,70.1223270180551,9.31690352786292));
#5207=CARTESIAN_POINT('Ctrl Pts',(-11.7777173176628,70.2415565789114,9.28900845529032));
#5208=CARTESIAN_POINT('Ctrl Pts',(-11.794108405833,70.2993852623317,9.26823141473409));
#5209=CARTESIAN_POINT('Ctrl Pts',(-11.855601300765,70.4620514273557,9.18962159680686));
#5210=CARTESIAN_POINT('Ctrl Pts',(-11.9135230796286,70.555942862356,9.11468683393008));
#5211=CARTESIAN_POINT('Ctrl Pts',(-12.0838351951157,70.7665775072674,8.88904644541941));
#5212=CARTESIAN_POINT('Ctrl Pts',(-12.218563956356,70.8599684117691,8.70427102487134));
#5213=CARTESIAN_POINT('Ctrl Pts',(-12.4908657879805,70.9771485335723,8.30878518821694));
#5214=CARTESIAN_POINT('Ctrl Pts',(-12.628477969013,71.,8.09782444717088));
#5215=CARTESIAN_POINT('Ctrl Pts',(-12.75,71.,7.90174031463955));
#5216=CARTESIAN_POINT('',(-11.75,71.,9.32402845906868));
#5217=CARTESIAN_POINT('',(-10.0891033647952,69.,11.1));
#5218=CARTESIAN_POINT('',(-10.0891033647952,71.,11.1));
#5219=CARTESIAN_POINT('',(-7.30684610485262,71.,13.1));
#5220=CARTESIAN_POINT('Ctrl Pts',(-7.30684610485262,71.,13.1));
#5221=CARTESIAN_POINT('Ctrl Pts',(-7.4895960207029,71.,12.9980667549013));
#5222=CARTESIAN_POINT('Ctrl Pts',(-7.66971625038413,70.9922655586547,12.8925837854031));
#5223=CARTESIAN_POINT('Ctrl Pts',(-8.17410232055341,70.9426892077615,12.5829795733069));
#5224=CARTESIAN_POINT('Ctrl Pts',(-8.52056839103466,70.8732824928773,12.3512315304743));
#5225=CARTESIAN_POINT('Ctrl Pts',(-9.15272193340796,70.6145019384507,11.890361014323));
#5226=CARTESIAN_POINT('Ctrl Pts',(-9.43870668023752,70.4251869339067,11.6616133884538));
#5227=CARTESIAN_POINT('Ctrl Pts',(-9.78106831207967,70.0249085552657,11.3734967196893));
#5228=CARTESIAN_POINT('Ctrl Pts',(-9.89440490341761,69.8442243378962,11.2743687774208));
#5229=CARTESIAN_POINT('Ctrl Pts',(-10.0485159473138,69.4395362414073,11.1372333059087));
#5230=CARTESIAN_POINT('Ctrl Pts',(-10.0891030324801,69.2151991118869,11.1));
#5231=CARTESIAN_POINT('Ctrl Pts',(-10.0891030324801,69.,11.1));
#5232=CARTESIAN_POINT('',(7.30684610485263,71.,13.1));
#5233=CARTESIAN_POINT('Origin',(0.,71.,0.));
#5234=CARTESIAN_POINT('Ctrl Pts',(10.0891030324801,69.,11.1));
#5235=CARTESIAN_POINT('Ctrl Pts',(10.0891030324801,69.215199111887,11.1));
#5236=CARTESIAN_POINT('Ctrl Pts',(10.0485159473138,69.4395362414073,11.1372333059087));
#5237=CARTESIAN_POINT('Ctrl Pts',(9.89440490341761,69.8442243378962,11.2743687774208));
#5238=CARTESIAN_POINT('Ctrl Pts',(9.78106831207966,70.0249085552657,11.3734967196893));
#5239=CARTESIAN_POINT('Ctrl Pts',(9.4387066802375,70.4251869339067,11.6616133884538));
#5240=CARTESIAN_POINT('Ctrl Pts',(9.15272193340794,70.6145019384507,11.890361014323));
#5241=CARTESIAN_POINT('Ctrl Pts',(8.52056839103462,70.8732824928773,12.3512315304743));
#5242=CARTESIAN_POINT('Ctrl Pts',(8.17410232055337,70.9426892077615,12.582979573307));
#5243=CARTESIAN_POINT('Ctrl Pts',(7.6697162503841,70.9922655586547,12.8925837854031));
#5244=CARTESIAN_POINT('Ctrl Pts',(7.48959602070289,71.,12.9980667549013));
#5245=CARTESIAN_POINT('Ctrl Pts',(7.30684610485263,71.,13.1));
#5246=CARTESIAN_POINT('',(11.75,70.,9.32402845906868));
#5247=CARTESIAN_POINT('',(11.75,71.,9.32402845906868));
#5248=CARTESIAN_POINT('',(12.75,71.,7.90174031463955));
#5249=CARTESIAN_POINT('Ctrl Pts',(12.75,71.,7.90174031463955));
#5250=CARTESIAN_POINT('Ctrl Pts',(12.628477969013,71.,8.09782444717088));
#5251=CARTESIAN_POINT('Ctrl Pts',(12.4908657879805,70.9771485335723,8.30878518821694));
#5252=CARTESIAN_POINT('Ctrl Pts',(12.218563956356,70.859968411769,8.70427102487134));
#5253=CARTESIAN_POINT('Ctrl Pts',(12.0838351951157,70.7665775072674,8.88904644541941));
#5254=CARTESIAN_POINT('Ctrl Pts',(11.9135230796286,70.555942862356,9.11468683393008));
#5255=CARTESIAN_POINT('Ctrl Pts',(11.855601300765,70.4620514273557,9.18962159680686));
#5256=CARTESIAN_POINT('Ctrl Pts',(11.794108405833,70.2993852623317,9.26823141473409));
#5257=CARTESIAN_POINT('Ctrl Pts',(11.7777173176628,70.2415565789114,9.28900845529032));
#5258=CARTESIAN_POINT('Ctrl Pts',(11.7556640757137,70.1223270180551,9.31690352786292));
#5259=CARTESIAN_POINT('Ctrl Pts',(11.75,70.0609280262271,9.32402809948575));
#5260=CARTESIAN_POINT('Ctrl Pts',(11.75,70.,9.32402809948575));
#5261=CARTESIAN_POINT('',(13.2664991614216,71.,7.));
#5262=CARTESIAN_POINT('Origin',(0.,71.,0.));
#5263=CARTESIAN_POINT('Ctrl Pts',(14.1421356237309,69.,5.));
#5264=CARTESIAN_POINT('Ctrl Pts',(14.1421356237309,69.2549672126558,5.));
#5265=CARTESIAN_POINT('Ctrl Pts',(14.1241212518108,69.5254618752502,5.05185655098537));
#5266=CARTESIAN_POINT('Ctrl Pts',(14.0486529444118,70.0183750987936,5.25808011655327));
#5267=CARTESIAN_POINT('Ctrl Pts',(13.9907636108847,70.2407703622167,5.41234323747049));
#5268=CARTESIAN_POINT('Ctrl Pts',(13.8468925744206,70.5993328064145,5.77090568166829));
#5269=CARTESIAN_POINT('Ctrl Pts',(13.7494693714278,70.7536934566466,6.00216759473504));
#5270=CARTESIAN_POINT('Ctrl Pts',(13.5229188231627,70.9538689621426,6.49650602143569));
#5271=CARTESIAN_POINT('Ctrl Pts',(13.3934938060996,71.,6.75931795041053));
#5272=CARTESIAN_POINT('Ctrl Pts',(13.2664991614216,71.,7.));
#5273=CARTESIAN_POINT('',(14.1421356237309,56.,-5.));
#5274=CARTESIAN_POINT('Origin',(0.,56.,0.));
#5275=CARTESIAN_POINT('',(14.1421356237309,69.,-5.));
#5276=CARTESIAN_POINT('',(14.1421356237309,54.,-5.));
#5277=CARTESIAN_POINT('Ctrl Pts',(13.2664991614216,71.,-7.));
#5278=CARTESIAN_POINT('Ctrl Pts',(13.396200003815,71.,-6.75418912616459));
#5279=CARTESIAN_POINT('Ctrl Pts',(13.5280782750234,70.9518814523323,-6.48594930050254));
#5280=CARTESIAN_POINT('Ctrl Pts',(13.7579045670368,70.7435127397391,-5.98301779155435));
#5281=CARTESIAN_POINT('Ctrl Pts',(13.856180082143,70.5829498355663,-5.74860547563498));
#5282=CARTESIAN_POINT('Ctrl Pts',(13.9971706372229,70.2178867287421,-5.39550885948386));
#5283=CARTESIAN_POINT('Ctrl Pts',(14.0526309346232,69.9983202818032,-5.24734714463601));
#5284=CARTESIAN_POINT('Ctrl Pts',(14.124915105197,69.5139496427819,-5.04954069460029));
#5285=CARTESIAN_POINT('Ctrl Pts',(14.1421356237309,69.2491622423658,-5.));
#5286=CARTESIAN_POINT('Ctrl Pts',(14.1421356237309,69.,-5.));
#5287=CARTESIAN_POINT('',(5.87877579893446,74.,-13.7999998226762));
#5288=CARTESIAN_POINT('',(5.87877579893446,74.,-13.7999998226762));
#5289=CARTESIAN_POINT('',(-5.87877579893446,74.,-13.7999998226762));
#5290=CARTESIAN_POINT('Origin',(0.,74.,0.));
#5291=CARTESIAN_POINT('',(-5.87877579893446,74.,-13.7999998226762));
#5292=CARTESIAN_POINT('',(-14.1421356237309,69.,-5.));
#5293=CARTESIAN_POINT('Ctrl Pts',(-14.1421356237309,69.,-5.));
#5294=CARTESIAN_POINT('Ctrl Pts',(-14.1421356237309,69.2549672126558,-5.));
#5295=CARTESIAN_POINT('Ctrl Pts',(-14.1241212518108,69.5254618752502,-5.05185655098537));
#5296=CARTESIAN_POINT('Ctrl Pts',(-14.0486529444118,70.0183750987936,-5.25808011655327));
#5297=CARTESIAN_POINT('Ctrl Pts',(-13.9907636108847,70.2407703622167,-5.41234323747049));
#5298=CARTESIAN_POINT('Ctrl Pts',(-13.8468925744206,70.5993328064145,-5.77090568166829));
#5299=CARTESIAN_POINT('Ctrl Pts',(-13.7494693714278,70.7536934566466,-6.00216759473504));
#5300=CARTESIAN_POINT('Ctrl Pts',(-13.5229188231627,70.9538689621426,-6.49650602143569));
#5301=CARTESIAN_POINT('Ctrl Pts',(-13.3934938060996,71.,-6.75931795041053));
#5302=CARTESIAN_POINT('Ctrl Pts',(-13.2664991614216,71.,-7.));
#5303=CARTESIAN_POINT('',(-14.1421356237309,54.,-5.));
#5304=CARTESIAN_POINT('Origin',(0.,56.,0.));
#5305=CARTESIAN_POINT('',(16.1239257873787,54.,5.3869302207384));
#5306=CARTESIAN_POINT('Ctrl Pts',(14.9415527974839,54.4340042388255,5.));
#5307=CARTESIAN_POINT('Ctrl Pts',(15.0088601595909,54.383298105963,5.));
#5308=CARTESIAN_POINT('Ctrl Pts',(15.0786796379202,54.3361722587031,5.00339872376799));
#5309=CARTESIAN_POINT('Ctrl Pts',(15.327360525069,54.1869926854176,5.02952689852577));
#5310=CARTESIAN_POINT('Ctrl Pts',(15.5122670696494,54.1078062348177,5.07283552977891));
#5311=CARTESIAN_POINT('Ctrl Pts',(15.8470009331447,54.0185302266114,5.20932832695376));
#5312=CARTESIAN_POINT('Ctrl Pts',(15.9907243802522,54.,5.28929418042128));
#5313=CARTESIAN_POINT('Ctrl Pts',(16.1239257873787,54.,5.3869302207384));
#5314=CARTESIAN_POINT('',(16.1239257873787,54.,-5.38693022073833));
#5315=CARTESIAN_POINT('Origin',(0.,54.,0.));
#5316=CARTESIAN_POINT('',(14.9415528006516,54.434004236439,-5.));
#5317=CARTESIAN_POINT('Ctrl Pts',(16.1239257873787,54.,-5.38693022073833));
#5318=CARTESIAN_POINT('Ctrl Pts',(16.0021040583715,54.,-5.29763543398314));
#5319=CARTESIAN_POINT('Ctrl Pts',(15.8718840422136,54.0155123356711,-5.22340778304726));
#5320=CARTESIAN_POINT('Ctrl Pts',(15.567539894831,54.0895920322727,-5.09159593718737));
#5321=CARTESIAN_POINT('Ctrl Pts',(15.3982532946626,54.1559501595971,-5.04586690034091));
#5322=CARTESIAN_POINT('Ctrl Pts',(15.1329151173818,54.3003139454691,-5.00649856241132));
#5323=CARTESIAN_POINT('Ctrl Pts',(15.0346910557589,54.3638383500604,-5.00000000014752));
#5324=CARTESIAN_POINT('Ctrl Pts',(14.9415528006516,54.434004236439,-5.));
#5325=CARTESIAN_POINT('Ctrl Pts',(14.9415528006548,54.4340042364366,-5.));
#5326=CARTESIAN_POINT('Ctrl Pts',(14.8712315765392,54.486980867929,-5.));
#5327=CARTESIAN_POINT('Ctrl Pts',(14.8056700308355,54.5434394010858,-5.));
#5328=CARTESIAN_POINT('Ctrl Pts',(14.5672083969789,54.7738969479066,-5.));
#5329=CARTESIAN_POINT('Ctrl Pts',(14.3955303641016,55.0198656360204,-5.));
#5330=CARTESIAN_POINT('Ctrl Pts',(14.2014310503933,55.4725109368031,-5.));
#5331=CARTESIAN_POINT('Ctrl Pts',(14.1421356237309,55.7574576522374,-5.));
#5332=CARTESIAN_POINT('Ctrl Pts',(14.1421356237309,56.,-5.));
#5333=CARTESIAN_POINT('Origin',(-12.75,35.5,6.0000000745058));
#5334=CARTESIAN_POINT('',(-11.75,69.,6.0000000745058));
#5335=CARTESIAN_POINT('Origin',(-12.75,69.,6.0000000745058));
#5336=CARTESIAN_POINT('',(-11.75,35.5,6.0000000745058));
#5337=CARTESIAN_POINT('Ctrl Pts',(-12.75,69.,5.00000007450581));
#5338=CARTESIAN_POINT('Ctrl Pts',(-12.75,71.,5.00000007450581));
#5339=CARTESIAN_POINT('Ctrl Pts',(-12.75,71.,7.00000007450581));
#5340=CARTESIAN_POINT('Ctrl Pts',(-11.75,69.,5.00000007450581));
#5341=CARTESIAN_POINT('Ctrl Pts',(-11.75,71.,5.00000007450581));
#5342=CARTESIAN_POINT('Ctrl Pts',(-11.75,71.,7.00000007450581));
#5343=CARTESIAN_POINT('Ctrl Pts',(-11.75,69.,6.00000007450581));
#5344=CARTESIAN_POINT('Ctrl Pts',(-11.75,70.,6.00000007450581));
#5345=CARTESIAN_POINT('Ctrl Pts',(-11.75,70.,7.00000007450581));
#5346=CARTESIAN_POINT('',(-11.75,70.,7.00000007450581));
#5347=CARTESIAN_POINT('',(-12.75,71.,7.00000007450581));
#5348=CARTESIAN_POINT('Origin',(-12.75,70.,7.00000007450581));
#5349=CARTESIAN_POINT('Origin',(-12.75,69.,7.00000007450581));
#5350=CARTESIAN_POINT('Origin',(-11.75,69.,7.00000007450581));
#5351=CARTESIAN_POINT('Origin',(-12.75,70.,4.66201404974288));
#5352=CARTESIAN_POINT('',(-12.75,71.,4.66201404974288));
#5353=CARTESIAN_POINT('',(-11.75,70.,4.66201404974288));
#5354=CARTESIAN_POINT('Origin',(-11.75,71.,9.32402809948576));
#5355=CARTESIAN_POINT('Origin',(12.75,70.,1.85));
#5356=CARTESIAN_POINT('',(11.75,70.,7.));
#5357=CARTESIAN_POINT('',(12.75,71.,7.));
#5358=CARTESIAN_POINT('Origin',(12.75,70.,7.));
#5359=CARTESIAN_POINT('',(12.75,71.,1.85));
#5360=CARTESIAN_POINT('',(11.75,70.,1.85));
#5361=CARTESIAN_POINT('Ctrl Pts',(12.75,71.,7.));
#5362=CARTESIAN_POINT('Ctrl Pts',(12.75,71.,5.));
#5363=CARTESIAN_POINT('Ctrl Pts',(12.75,69.,5.));
#5364=CARTESIAN_POINT('Ctrl Pts',(11.75,71.,7.));
#5365=CARTESIAN_POINT('Ctrl Pts',(11.75,71.,5.));
#5366=CARTESIAN_POINT('Ctrl Pts',(11.75,69.,5.));
#5367=CARTESIAN_POINT('Ctrl Pts',(11.75,70.,7.));
#5368=CARTESIAN_POINT('Ctrl Pts',(11.75,70.,6.));
#5369=CARTESIAN_POINT('Ctrl Pts',(11.75,69.,6.));
#5370=CARTESIAN_POINT('',(11.75,69.,6.));
#5371=CARTESIAN_POINT('Origin',(12.75,69.,6.));
#5372=CARTESIAN_POINT('Origin',(12.75,69.,7.));
#5373=CARTESIAN_POINT('Origin',(11.75,69.,7.));
#5374=CARTESIAN_POINT('Origin',(12.75,35.5,6.));
#5375=CARTESIAN_POINT('',(11.75,35.5,6.));
#5376=CARTESIAN_POINT('Origin',(11.75,71.,3.7));
#5377=CARTESIAN_POINT('Origin',(-3.375,69.,13.1));
#5378=CARTESIAN_POINT('',(-6.75,69.,11.1));
#5379=CARTESIAN_POINT('',(-6.75,71.,13.1));
#5380=CARTESIAN_POINT('Origin',(-6.75,69.,13.1));
#5381=CARTESIAN_POINT('',(-3.375,71.,13.1));
#5382=CARTESIAN_POINT('',(-3.375,69.,11.1));
#5383=CARTESIAN_POINT('Origin',(0.,71.,0.));
#5384=CARTESIAN_POINT('',(-6.75,71.,4.05));
#5385=CARTESIAN_POINT('Origin',(-6.75,71.,10.1));
#5386=CARTESIAN_POINT('',(-3.75,71.,11.9));
#5387=CARTESIAN_POINT('Origin',(-3.75,71.,10.9));
#5388=CARTESIAN_POINT('',(3.75,71.,11.9));
#5389=CARTESIAN_POINT('',(2.375,71.,11.9));
#5390=CARTESIAN_POINT('',(4.75,71.,10.9));
#5391=CARTESIAN_POINT('Origin',(3.75,71.,10.9));
#5392=CARTESIAN_POINT('',(4.75,71.,10.1));
#5393=CARTESIAN_POINT('',(4.75,71.,4.55));
#5394=CARTESIAN_POINT('Origin',(6.75,71.,10.1));
#5395=CARTESIAN_POINT('',(5.04455151624005,71.,13.1));
#5396=CARTESIAN_POINT('Origin',(5.04455151624005,69.,13.1));
#5397=CARTESIAN_POINT('Origin',(-6.75,71.,11.1));
#5398=CARTESIAN_POINT('',(-6.75,71.,11.1));
#5399=CARTESIAN_POINT('Origin',(-6.75,71.,8.1));
#5400=CARTESIAN_POINT('Origin',(-8.9057565548209,69.,7.00000007450581));
#5401=CARTESIAN_POINT('',(-8.9057565548209,71.,7.00000007450581));
#5402=CARTESIAN_POINT('Origin',(0.,71.,0.));
#5403=CARTESIAN_POINT('Origin',(6.75,71.,6.7));
#5404=CARTESIAN_POINT('',(6.75,71.,6.7));
#5405=CARTESIAN_POINT('Origin',(0.,71.,0.));
#5406=CARTESIAN_POINT('',(5.45,71.,7.));
#5407=CARTESIAN_POINT('Origin',(-6.75,72.5,10.1));
#5408=CARTESIAN_POINT('Origin',(6.75,72.5,10.1));
#5409=CARTESIAN_POINT('',(4.75,72.5,10.1));
#5410=CARTESIAN_POINT('Origin',(8.75,71.,6.7));
#5411=CARTESIAN_POINT('Origin',(3.75,74.,10.9));
#5412=CARTESIAN_POINT('',(3.75,74.,11.9));
#5413=CARTESIAN_POINT('',(4.75,74.,10.9));
#5414=CARTESIAN_POINT('Origin',(3.75,74.,10.9));
#5415=CARTESIAN_POINT('',(4.75,74.,10.9));
#5416=CARTESIAN_POINT('',(3.75,74.,11.9));
#5417=CARTESIAN_POINT('Origin',(4.75,74.,8.1));
#5418=CARTESIAN_POINT('',(4.75,74.,4.05000001862645));
#5419=CARTESIAN_POINT('Origin',(-3.75,74.,10.9));
#5420=CARTESIAN_POINT('',(-3.75,74.,11.9));
#5421=CARTESIAN_POINT('Origin',(-3.75,74.,10.9));
#5422=CARTESIAN_POINT('',(-3.75,74.,11.9));
#5423=CARTESIAN_POINT('Origin',(4.75,74.,11.9));
#5424=CARTESIAN_POINT('',(2.375,74.,11.9));
#5425=CARTESIAN_POINT('Origin',(0.,74.,-10.));
#5426=CARTESIAN_POINT('Origin',(0.,74.,-10.));
#5427=CARTESIAN_POINT('Origin',(0.,74.,-10.));
#5428=CARTESIAN_POINT('',(2.95,74.,-10.));
#5429=CARTESIAN_POINT('Origin',(0.,74.,-10.));
#5430=CARTESIAN_POINT('',(2.95,74.,-10.));
#5431=CARTESIAN_POINT('Origin',(8.90575656527844,69.,-7.));
#5432=CARTESIAN_POINT('',(8.90575656527844,69.,-5.));
#5433=CARTESIAN_POINT('Origin',(17.8115131305569,0.,-5.));
#5434=CARTESIAN_POINT('',(-8.9,54.0000008046627,-5.));
#5435=CARTESIAN_POINT('Origin',(-8.9,56.0000008046627,-5.));
#5436=CARTESIAN_POINT('',(8.9,54.0000008046627,-5.));
#5437=CARTESIAN_POINT('',(14.3557565652784,54.0000008046627,-5.));
#5438=CARTESIAN_POINT('Origin',(8.9,56.0000008046627,-5.));
#5439=CARTESIAN_POINT('',(8.90575656527844,69.,-5.));
#5440=CARTESIAN_POINT('',(14.9415527974839,2.99956829466294,-5.));
#5441=CARTESIAN_POINT('',(14.9415527974839,0.,-5.));
#5442=CARTESIAN_POINT('',(14.9,3.,-5.));
#5443=CARTESIAN_POINT('Origin',(14.9,1.,-5.));
#5444=CARTESIAN_POINT('',(13.9,3.,-5.));
#5445=CARTESIAN_POINT('',(15.8557565652784,3.,-5.));
#5446=CARTESIAN_POINT('',(11.9635083268963,1.5,-5.));
#5447=CARTESIAN_POINT('Origin',(13.9,1.,-5.));
#5448=CARTESIAN_POINT('',(10.0270166537926,0.,-5.));
#5449=CARTESIAN_POINT('Origin',(10.0270166537926,2.,-5.));
#5450=CARTESIAN_POINT('',(-10.0270166537926,0.,-5.));
#5451=CARTESIAN_POINT('',(-10.9,0.,-5.));
#5452=CARTESIAN_POINT('',(-11.9635083268963,1.5,-5.));
#5453=CARTESIAN_POINT('Origin',(-10.0270166537926,2.,-5.));
#5454=CARTESIAN_POINT('',(-13.9,3.,-5.));
#5455=CARTESIAN_POINT('Origin',(-13.9,1.,-5.));
#5456=CARTESIAN_POINT('',(-14.9,3.,-5.));
#5457=CARTESIAN_POINT('',(1.95575656527844,3.,-5.));
#5458=CARTESIAN_POINT('',(-14.9415527974839,2.99956829466294,-5.));
#5459=CARTESIAN_POINT('Origin',(-14.9,1.,-5.));
#5460=CARTESIAN_POINT('',(-14.9415527974839,0.,-5.));
#5461=CARTESIAN_POINT('',(3.854,6.75000040233135,-5.));
#5462=CARTESIAN_POINT('Origin',(7.5,6.75000040233135,-5.));
#5463=CARTESIAN_POINT('',(-11.146,47.2500004023314,-5.));
#5464=CARTESIAN_POINT('Origin',(-7.5,47.2500004023314,-5.));
#5465=CARTESIAN_POINT('',(3.654,47.2500004023314,-5.));
#5466=CARTESIAN_POINT('Origin',(7.3,47.2500004023314,-5.));
#5467=CARTESIAN_POINT('',(-11.146,6.75000040233135,-5.));
#5468=CARTESIAN_POINT('Origin',(-7.5,6.75000040233135,-5.));
#5469=CARTESIAN_POINT('Origin',(8.90575656527844,69.,-7.));
#5470=CARTESIAN_POINT('Origin',(5.45,69.,7.));
#5471=CARTESIAN_POINT('Origin',(8.9,56.0000008046627,0.));
#5472=CARTESIAN_POINT('',(8.9,54.0000008046627,-2.));
#5473=CARTESIAN_POINT('Origin',(8.9,56.0000008046627,-2.));
#5474=CARTESIAN_POINT('',(8.9,54.0000008046627,0.));
#5475=CARTESIAN_POINT('Origin',(-8.9,56.0000008046627,1.5000000372529));
#5476=CARTESIAN_POINT('',(-8.9,54.0000008046627,-2.));
#5477=CARTESIAN_POINT('Origin',(-8.9,56.0000008046627,-2.));
#5478=CARTESIAN_POINT('',(-8.9,54.0000008046627,1.5000000372529));
#5479=CARTESIAN_POINT('Origin',(10.9,54.0000008046627,-2.));
#5480=CARTESIAN_POINT('',(-3.,54.0000008046627,-2.));
#5481=CARTESIAN_POINT('Origin',(0.,54.,0.));
#5482=CARTESIAN_POINT('',(-16.7526501062699,54.,-7.84848484848484));
#5483=CARTESIAN_POINT('Origin',(-14.9415527974839,54.,-7.));
#5484=CARTESIAN_POINT('',(16.7526501062699,54.,-7.84848484848485));
#5485=CARTESIAN_POINT('Origin',(0.,54.,0.));
#5486=CARTESIAN_POINT('Origin',(14.9415527974839,54.,-7.));
#5487=CARTESIAN_POINT('',(16.7526501062697,54.,7.84848484848489));
#5488=CARTESIAN_POINT('Origin',(14.9415527974838,54.,7.));
#5489=CARTESIAN_POINT('',(-16.7526500671326,54.,7.8484849320217));
#5490=CARTESIAN_POINT('Origin',(3.73034936274053E-13,54.,-1.28785870856518E-13));
#5491=CARTESIAN_POINT('Origin',(-14.9415527625777,54.,7.00000007450581));
#5492=CARTESIAN_POINT('Origin',(0.,74.,3.72529018743961E-8));
#5493=CARTESIAN_POINT('Origin',(10.0270166537926,2.,-4.25));
#5494=CARTESIAN_POINT('',(11.9635083268963,1.5,-2.));
#5495=CARTESIAN_POINT('',(11.9635083268963,1.5,-4.25));
#5496=CARTESIAN_POINT('',(10.0270166537926,0.,-2.));
#5497=CARTESIAN_POINT('Origin',(10.0270166537926,2.,-2.));
#5498=CARTESIAN_POINT('',(10.0270166537926,0.,-4.25));
#5499=CARTESIAN_POINT('Origin',(13.9,1.,-4.25));
#5500=CARTESIAN_POINT('',(13.9,3.,-2.));
#5501=CARTESIAN_POINT('',(13.9,3.,-4.25));
#5502=CARTESIAN_POINT('Origin',(13.9,1.,-2.));
#5503=CARTESIAN_POINT('Origin',(-10.0270166537926,2.,-2.75));
#5504=CARTESIAN_POINT('',(-10.0270166537926,0.,-2.));
#5505=CARTESIAN_POINT('',(-11.9635083268963,1.5,-2.));
#5506=CARTESIAN_POINT('Origin',(-10.0270166537926,2.,-2.));
#5507=CARTESIAN_POINT('',(-11.9635083268963,1.5,-2.75));
#5508=CARTESIAN_POINT('',(-10.0270166537926,0.,-2.75));
#5509=CARTESIAN_POINT('Origin',(-13.9,1.,-2.75));
#5510=CARTESIAN_POINT('',(-13.9,3.,-2.));
#5511=CARTESIAN_POINT('Origin',(-13.9,1.,-2.));
#5512=CARTESIAN_POINT('',(-13.9,3.,-2.75));
#5513=CARTESIAN_POINT('Origin',(18.4904624072306,8.,-6.19296374660713));
#5514=CARTESIAN_POINT('',(15.9857146015045,6.,-9.31165552838198));
#5515=CARTESIAN_POINT('Origin',(18.4904624072306,6.,-6.19296374660713));
#5516=CARTESIAN_POINT('',(16.7526501048973,6.79979399909513,-7.84848485141464));
#5517=CARTESIAN_POINT('Ctrl Pts',(15.9857146015046,6.,-9.31165552838167));
#5518=CARTESIAN_POINT('Ctrl Pts',(16.1132487334718,6.00000000000004,-9.09271226642746));
#5519=CARTESIAN_POINT('Ctrl Pts',(16.234974536703,6.04705552409056,-8.87309440095725));
#5520=CARTESIAN_POINT('Ctrl Pts',(16.466359547796,6.23531725210146,-8.43653145010072));
#5521=CARTESIAN_POINT('Ctrl Pts',(16.5722710319397,6.38263406918689,-8.22499670240198));
#5522=CARTESIAN_POINT('Ctrl Pts',(16.6936869760196,6.64060446409183,-7.97350677953185));
#5523=CARTESIAN_POINT('Ctrl Pts',(16.7246324103367,6.71776781684007,-7.90828883175027));
#5524=CARTESIAN_POINT('Ctrl Pts',(16.7526501048973,6.79979399909513,-7.84848485141464));
#5525=CARTESIAN_POINT('',(16.9,8.,-7.40556695496182));
#5526=CARTESIAN_POINT('Ctrl Pts',(16.7526501048973,6.79979399909513,-7.84848485141464));
#5527=CARTESIAN_POINT('Ctrl Pts',(16.778682845376,6.87600891767519,-7.79291777074486));
#5528=CARTESIAN_POINT('Ctrl Pts',(16.8001476523409,6.95589837073127,-7.740442163461));
#5529=CARTESIAN_POINT('Ctrl Pts',(16.8618360574541,7.24325820377668,-7.57325598391318));
#5530=CARTESIAN_POINT('Ctrl Pts',(16.8857620925913,7.48087644452462,-7.47118097304531));
#5531=CARTESIAN_POINT('Ctrl Pts',(16.8985065945341,7.82514170780845,-7.41299547869276));
#5532=CARTESIAN_POINT('Ctrl Pts',(16.8999984696222,7.91274694775952,-7.40557434495147));
#5533=CARTESIAN_POINT('Ctrl Pts',(16.8999984696256,7.99999999971402,-7.40557434493529));
#5534=CARTESIAN_POINT('Origin',(18.4904624072306,8.,-6.19296374660713));
#5535=CARTESIAN_POINT('Origin',(-1.33226762955019E-14,6.,-14.5129775444454));
#5536=CARTESIAN_POINT('Origin',(0.,6.,0.));
#5537=CARTESIAN_POINT('Origin',(18.4904624072306,46.,-6.19296374660713));
#5538=CARTESIAN_POINT('',(16.9,46.,-7.40556695496182));
#5539=CARTESIAN_POINT('Origin',(18.4904624072306,46.,-6.19296374660713));
#5540=CARTESIAN_POINT('',(16.7526501035659,47.2002060048026,-7.84848485425644));
#5541=CARTESIAN_POINT('Ctrl Pts',(16.8999984696256,45.999999999714,-7.40557434493529));
#5542=CARTESIAN_POINT('Ctrl Pts',(16.8999984696301,46.1170989297719,-7.40557434491357));
#5543=CARTESIAN_POINT('Ctrl Pts',(16.8973639553115,46.2335635525791,-7.4189479456411));
#5544=CARTESIAN_POINT('Ctrl Pts',(16.8805326148508,46.5636905738071,-7.49269624391829));
#5545=CARTESIAN_POINT('Ctrl Pts',(16.8587161630379,46.7684998122947,-7.58092992300871));
#5546=CARTESIAN_POINT('Ctrl Pts',(16.8014242485021,47.0393535547184,-7.73731986006976));
#5547=CARTESIAN_POINT('Ctrl Pts',(16.7794435421931,47.1217640240383,-7.79129405789161));
#5548=CARTESIAN_POINT('Ctrl Pts',(16.7526501035659,47.2002060048026,-7.84848485425644));
#5549=CARTESIAN_POINT('Ctrl Pts',(16.7526501035657,47.2002060048032,-7.84848485425686));
#5550=CARTESIAN_POINT('Ctrl Pts',(16.7458287450968,47.2201765983468,-7.86304509534579));
#5551=CARTESIAN_POINT('Ctrl Pts',(16.7388341076027,47.2398584573579,-7.87792578777536));
#5552=CARTESIAN_POINT('Ctrl Pts',(16.6539310780281,47.4695301388503,-8.05790158851255));
#5553=CARTESIAN_POINT('Ctrl Pts',(16.5564650024838,47.6436454866496,-8.25803530166829));
#5554=CARTESIAN_POINT('Ctrl Pts',(16.3290145909171,47.8962796234086,-8.6991234255151));
#5555=CARTESIAN_POINT('Ctrl Pts',(16.2006118356458,47.973185890435,-8.93683980672443));
#5556=CARTESIAN_POINT('Ctrl Pts',(16.0374335381133,47.9980528899306,-9.22243919284041));
#5557=CARTESIAN_POINT('Ctrl Pts',(16.0116487680927,48.,-9.26713324292542));
#5558=CARTESIAN_POINT('Ctrl Pts',(15.9857146015045,48.,-9.31165552838198));
#5559=CARTESIAN_POINT('Origin',(18.4904624072306,0.,-6.19296374660713));
#5560=CARTESIAN_POINT('',(16.9,0.,-7.40556695496182));
#5561=CARTESIAN_POINT('Origin',(-8.90575655036706,10.,7.00000007450581));
#5562=CARTESIAN_POINT('',(-8.90575655036706,8.,7.00000007450581));
#5563=CARTESIAN_POINT('Origin',(5.45000000445384,10.,7.));
#5564=CARTESIAN_POINT('',(16.9415527974839,8.,7.));
#5565=CARTESIAN_POINT('Origin',(14.9415527974839,10.,7.));
#5566=CARTESIAN_POINT('',(5.45000000445384,8.,7.));
#5567=CARTESIAN_POINT('Origin',(8.90767903882761E-9,8.,13.25));
#5568=CARTESIAN_POINT('',(16.7526501062699,8.,7.84848484848485));
#5569=CARTESIAN_POINT('Origin',(14.9415527974839,8.,7.));
#5570=CARTESIAN_POINT('Origin',(-1.33226762955019E-14,8.,2.53269627492614E-15));
#5571=CARTESIAN_POINT('Origin',(-14.9415527625777,54.,7.00000007450581));
#5572=CARTESIAN_POINT('',(-16.7526500671326,54.,7.8484849320217));
#5573=CARTESIAN_POINT('Origin',(14.9415527974838,54.,7.));
#5574=CARTESIAN_POINT('',(16.7526501062697,54.,7.84848484848489));
#5575=CARTESIAN_POINT('Origin',(3.73034936274053E-13,54.,-1.28785870856518E-13));
#5576=CARTESIAN_POINT('Origin',(14.9415527974839,0.,7.));
#5577=CARTESIAN_POINT('',(16.7526501062699,0.,7.84848484848485));
#5578=CARTESIAN_POINT('Origin',(-1.33226762955019E-14,0.,2.53269627492614E-15));
#5579=CARTESIAN_POINT('Origin',(-14.9,1.,-0.749999999999998));
#5580=CARTESIAN_POINT('',(-14.9,3.,-2.));
#5581=CARTESIAN_POINT('',(-14.9,3.,-0.749999999999998));
#5582=CARTESIAN_POINT('',(-16.9,1.,-2.));
#5583=CARTESIAN_POINT('Origin',(-14.9,1.,-2.));
#5584=CARTESIAN_POINT('',(-16.9,1.,-6.59443304503818));
#5585=CARTESIAN_POINT('',(-16.9,1.,-0.749999999999998));
#5586=CARTESIAN_POINT('Ctrl Pts',(-16.9,1.,-6.59443304503818));
#5587=CARTESIAN_POINT('Ctrl Pts',(-16.9,1.07564856160476,-6.59443304503818));
#5588=CARTESIAN_POINT('Ctrl Pts',(-16.8960329577601,1.13977921257121,-6.57487345319797));
#5589=CARTESIAN_POINT('Ctrl Pts',(-16.8838791904166,1.26059472865075,-6.52240915639818));
#5590=CARTESIAN_POINT('Ctrl Pts',(-16.8755359632117,1.31700549687194,-6.48891166141354));
#5591=CARTESIAN_POINT('Ctrl Pts',(-16.8437004686777,1.484764419779,-6.3772498025795));
#5592=CARTESIAN_POINT('Ctrl Pts',(-16.8136158200267,1.59304396157899,-6.28882385751706));
#5593=CARTESIAN_POINT('Ctrl Pts',(-16.6905193922137,1.92125007755066,-6.00865526763637));
#5594=CARTESIAN_POINT('Ctrl Pts',(-16.56360321306,2.13736275965959,-5.80580274817233));
#5595=CARTESIAN_POINT('Ctrl Pts',(-16.257507743887,2.48445042315103,-5.47959348723455));
#5596=CARTESIAN_POINT('Ctrl Pts',(-16.0690267227804,2.64237968656814,-5.32928473260049));
#5597=CARTESIAN_POINT('Ctrl Pts',(-15.6231302443164,2.88178574823591,-5.10317646130378));
#5598=CARTESIAN_POINT('Ctrl Pts',(-15.3652171997848,2.96280551515079,-5.02787507966379));
#5599=CARTESIAN_POINT('Ctrl Pts',(-15.0504076539203,2.9950596649164,-5.002244984667));
#5600=CARTESIAN_POINT('Ctrl Pts',(-14.9961723229385,2.99843325262113,-5.00000000000001));
#5601=CARTESIAN_POINT('Ctrl Pts',(-14.9415527974844,2.99956829466293,-5.));
#5602=CARTESIAN_POINT('Origin',(-16.9,0.,2.));
#5603=CARTESIAN_POINT('',(-16.9,0.,-6.59443304503818));
#5604=CARTESIAN_POINT('',(-16.9,0.,-2.));
#5605=CARTESIAN_POINT('Origin',(14.9,1.,-2.75));
#5606=CARTESIAN_POINT('Ctrl Pts',(14.9415527974844,2.99956829466293,-5.));
#5607=CARTESIAN_POINT('Ctrl Pts',(14.9961723229385,2.99843325262113,-5.00000000000001));
#5608=CARTESIAN_POINT('Ctrl Pts',(15.0504076539203,2.9950596649164,-5.002244984667));
#5609=CARTESIAN_POINT('Ctrl Pts',(15.3652171997848,2.96280551515079,-5.0278750796638));
#5610=CARTESIAN_POINT('Ctrl Pts',(15.6231302443164,2.88178574823591,-5.10317646130378));
#5611=CARTESIAN_POINT('Ctrl Pts',(16.0690267227804,2.64237968656814,-5.3292847326005));
#5612=CARTESIAN_POINT('Ctrl Pts',(16.257507743887,2.48445042315103,-5.47959348723456));
#5613=CARTESIAN_POINT('Ctrl Pts',(16.56360321306,2.13736275965959,-5.80580274817233));
#5614=CARTESIAN_POINT('Ctrl Pts',(16.6905193922137,1.92125007755066,-6.00865526763638));
#5615=CARTESIAN_POINT('Ctrl Pts',(16.8136158200267,1.59304396157899,-6.28882385751707));
#5616=CARTESIAN_POINT('Ctrl Pts',(16.8437004686777,1.484764419779,-6.3772498025795));
#5617=CARTESIAN_POINT('Ctrl Pts',(16.8755359632117,1.31700549687193,-6.48891166141354));
#5618=CARTESIAN_POINT('Ctrl Pts',(16.8838791904166,1.26059472865075,-6.52240915639819));
#5619=CARTESIAN_POINT('Ctrl Pts',(16.8960329577601,1.13977921257121,-6.57487345319798));
#5620=CARTESIAN_POINT('Ctrl Pts',(16.9,1.07564856160476,-6.59443304503818));
#5621=CARTESIAN_POINT('Ctrl Pts',(16.9,1.,-6.59443304503818));
#5622=CARTESIAN_POINT('',(14.9,3.,-2.));
#5623=CARTESIAN_POINT('Origin',(14.9,1.,-2.));
#5624=CARTESIAN_POINT('',(14.9,3.,-2.75));
#5625=CARTESIAN_POINT('Origin',(16.1457870788748,3.,-3.5));
#5626=CARTESIAN_POINT('',(-1.5,3.,-2.));
#5627=CARTESIAN_POINT('Origin',(14.9415527974839,0.,-7.));
#5628=CARTESIAN_POINT('',(16.7526501062699,0.,-7.84848484848485));
#5629=CARTESIAN_POINT('',(16.7526501062699,0.,-7.84848484848485));
#5630=CARTESIAN_POINT('Origin',(0.,0.,0.));
#5631=CARTESIAN_POINT('',(-16.7526501062699,0.,-7.84848484848484));
#5632=CARTESIAN_POINT('Origin',(-14.9415527974839,0.,-7.));
#5633=CARTESIAN_POINT('',(-16.7526501062699,0.,-7.84848484848484));
#5634=CARTESIAN_POINT('Origin',(0.,0.,0.));
#5635=CARTESIAN_POINT('Origin',(-16.9,0.,-2.));
#5636=CARTESIAN_POINT('',(-15.4,3.,-2.));
#5637=CARTESIAN_POINT('',(16.9,0.,-2.));
#5638=CARTESIAN_POINT('',(-1.5,52.,-2.));
#5639=CARTESIAN_POINT('',(-6.85,47.2500004023314,-2.));
#5640=CARTESIAN_POINT('Origin',(-7.5,47.2500004023314,-2.));
#5641=CARTESIAN_POINT('',(8.15,6.75000040233135,-2.));
#5642=CARTESIAN_POINT('Origin',(7.5,6.75000040233135,-2.));
#5643=CARTESIAN_POINT('',(7.95,47.2500004023314,-2.));
#5644=CARTESIAN_POINT('Origin',(7.3,47.2500004023314,-2.));
#5645=CARTESIAN_POINT('',(-6.85,6.75000040233135,-2.));
#5646=CARTESIAN_POINT('Origin',(-7.5,6.75000040233135,-2.));
#5647=CARTESIAN_POINT('Origin',(-16.1457870788748,3.,-3.5));
#5648=CARTESIAN_POINT('Origin',(0.,0.,0.));
#5649=CARTESIAN_POINT('Origin',(-7.5,6.75000040233135,-6.896));
#5650=CARTESIAN_POINT('',(-5.75,6.75000040233135,-6.896));
#5651=CARTESIAN_POINT('',(-9.25,6.75000040233135,-6.896));
#5652=CARTESIAN_POINT('Origin',(-7.5,6.75000040233135,-6.896));
#5653=CARTESIAN_POINT('Origin',(-11.146,6.75000040233135,-6.896));
#5654=CARTESIAN_POINT('Origin',(-7.5,6.75000040233135,-6.896));
#5655=CARTESIAN_POINT('Origin',(-7.5,6.75000040233135,-5.));
#5656=CARTESIAN_POINT('',(-5.75,6.75000040233135,-7.));
#5657=CARTESIAN_POINT('Origin',(-7.5,6.75000040233135,-7.));
#5658=CARTESIAN_POINT('',(-5.75,6.75000040233135,-5.));
#5659=CARTESIAN_POINT('Origin',(7.5,6.75000040233135,-6.896));
#5660=CARTESIAN_POINT('',(9.25,6.75000040233135,-6.896));
#5661=CARTESIAN_POINT('',(5.75,6.75000040233135,-6.896));
#5662=CARTESIAN_POINT('Origin',(7.5,6.75000040233135,-6.896));
#5663=CARTESIAN_POINT('Origin',(3.854,6.75000040233135,-6.896));
#5664=CARTESIAN_POINT('Origin',(7.5,6.75000040233135,-6.896));
#5665=CARTESIAN_POINT('Origin',(7.5,6.75000040233135,-5.));
#5666=CARTESIAN_POINT('',(9.25,6.75000040233135,-7.));
#5667=CARTESIAN_POINT('Origin',(7.5,6.75000040233135,-7.));
#5668=CARTESIAN_POINT('',(9.25,6.75000040233135,-5.));
#5669=CARTESIAN_POINT('Origin',(7.3,47.2500004023314,-6.896));
#5670=CARTESIAN_POINT('',(9.05,47.2500004023314,-6.896));
#5671=CARTESIAN_POINT('',(5.55,47.2500004023314,-6.896));
#5672=CARTESIAN_POINT('Origin',(7.3,47.2500004023314,-6.896));
#5673=CARTESIAN_POINT('Origin',(3.654,47.2500004023314,-6.896));
#5674=CARTESIAN_POINT('Origin',(7.3,47.2500004023314,-6.896));
#5675=CARTESIAN_POINT('Origin',(7.3,47.2500004023314,-5.));
#5676=CARTESIAN_POINT('',(9.05,47.2500004023314,-7.));
#5677=CARTESIAN_POINT('Origin',(7.3,47.2500004023314,-7.));
#5678=CARTESIAN_POINT('',(9.05,47.2500004023314,-5.));
#5679=CARTESIAN_POINT('Origin',(-7.5,47.2500004023314,-6.896));
#5680=CARTESIAN_POINT('',(-5.75,47.2500004023314,-6.896));
#5681=CARTESIAN_POINT('',(-9.25,47.2500004023314,-6.896));
#5682=CARTESIAN_POINT('Origin',(-7.5,47.2500004023314,-6.896));
#5683=CARTESIAN_POINT('Origin',(-11.146,47.2500004023314,-6.896));
#5684=CARTESIAN_POINT('Origin',(-7.5,47.2500004023314,-6.896));
#5685=CARTESIAN_POINT('Origin',(-7.5,47.2500004023314,-5.));
#5686=CARTESIAN_POINT('',(-5.75,47.2500004023314,-7.));
#5687=CARTESIAN_POINT('Origin',(-7.5,47.2500004023314,-7.));
#5688=CARTESIAN_POINT('',(-5.75,47.2500004023314,-5.));
#5689=CARTESIAN_POINT('Origin',(7.5,6.75000040233135,-7.));
#5690=CARTESIAN_POINT('',(8.15,6.75000040233135,-7.));
#5691=CARTESIAN_POINT('Origin',(7.5,6.75000040233135,-7.));
#5692=CARTESIAN_POINT('Origin',(7.3,47.2500004023314,-7.));
#5693=CARTESIAN_POINT('',(7.95,47.2500004023314,-7.));
#5694=CARTESIAN_POINT('Origin',(7.3,47.2500004023314,-7.));
#5695=CARTESIAN_POINT('Origin',(-7.5,6.75000040233135,-7.));
#5696=CARTESIAN_POINT('',(-6.85,6.75000040233135,-7.));
#5697=CARTESIAN_POINT('Origin',(-7.5,6.75000040233135,-7.));
#5698=CARTESIAN_POINT('Origin',(-7.5,47.2500004023314,-7.));
#5699=CARTESIAN_POINT('',(-6.85,47.2500004023314,-7.));
#5700=CARTESIAN_POINT('Origin',(-7.5,47.2500004023314,-7.));
#5701=CARTESIAN_POINT('Origin',(-7.5,47.2500004023314,-5.));
#5702=CARTESIAN_POINT('',(-6.85,47.2500004023314,-5.));
#5703=CARTESIAN_POINT('Origin',(7.5,6.75000040233135,-5.));
#5704=CARTESIAN_POINT('',(8.15,6.75000040233135,-5.));
#5705=CARTESIAN_POINT('Origin',(7.3,47.2500004023314,-5.));
#5706=CARTESIAN_POINT('',(7.95,47.2500004023314,-5.));
#5707=CARTESIAN_POINT('Origin',(-7.5,6.75000040233135,-5.));
#5708=CARTESIAN_POINT('',(-6.85,6.75000040233135,-5.));
#5709=CARTESIAN_POINT('Origin',(13.9,52.,-1.49011611383365E-8));
#5710=UNCERTAINTY_MEASURE_WITH_UNIT(LENGTH_MEASURE(0.01),#5714,
'DISTANCE_ACCURACY_VALUE',
'Maximum model space distance between geometric entities at asserted c
onnectivities');
#5711=UNCERTAINTY_MEASURE_WITH_UNIT(LENGTH_MEASURE(0.01),#5714,
'DISTANCE_ACCURACY_VALUE',
'Maximum model space distance between geometric entities at asserted c
onnectivities');
#5712=(
GEOMETRIC_REPRESENTATION_CONTEXT(3)
GLOBAL_UNCERTAINTY_ASSIGNED_CONTEXT((#5710))
GLOBAL_UNIT_ASSIGNED_CONTEXT((#5714,#5716,#5717))
REPRESENTATION_CONTEXT('','3D')
);
#5713=(
GEOMETRIC_REPRESENTATION_CONTEXT(3)
GLOBAL_UNCERTAINTY_ASSIGNED_CONTEXT((#5711))
GLOBAL_UNIT_ASSIGNED_CONTEXT((#5714,#5716,#5717))
REPRESENTATION_CONTEXT('','3D')
);
#5714=(
LENGTH_UNIT()
NAMED_UNIT(*)
SI_UNIT(.MILLI.,.METRE.)
);
#5715=(
LENGTH_UNIT()
NAMED_UNIT(*)
SI_UNIT($,.METRE.)
);
#5716=(
NAMED_UNIT(*)
PLANE_ANGLE_UNIT()
SI_UNIT($,.RADIAN.)
);
#5717=(
NAMED_UNIT(*)
SI_UNIT($,.STERADIAN.)
SOLID_ANGLE_UNIT()
);
#5718=SHAPE_DEFINITION_REPRESENTATION(#5719,#5720);
#5719=PRODUCT_DEFINITION_SHAPE('',$,#5722);
#5720=SHAPE_REPRESENTATION('',(#3150),#5712);
#5721=PRODUCT_DEFINITION_CONTEXT('part definition',#5726,'design');
#5722=PRODUCT_DEFINITION('(N\X\E3o salvo)','(N\X\E3o salvo)',#5723,#5721);
#5723=PRODUCT_DEFINITION_FORMATION('',$,#5728);
#5724=PRODUCT_RELATED_PRODUCT_CATEGORY('(N\X\E3o salvo)','(N\X\E3o sal
vo)',(#5728));
#5725=APPLICATION_PROTOCOL_DEFINITION('international standard',
'automotive_design',2009,#5726);
#5726=APPLICATION_CONTEXT(
'Core Data for Automotive Mechanical Design Process');
#5727=PRODUCT_CONTEXT('part definition',#5726,'mechanical');
#5728=PRODUCT('(N\X\E3o salvo)','(N\X\E3o salvo)',$,(#5727));
#5729=PRESENTATION_STYLE_ASSIGNMENT((#5730));
#5730=SURFACE_STYLE_USAGE(.BOTH.,#5731);
#5731=SURFACE_SIDE_STYLE('',(#5732));
#5732=SURFACE_STYLE_FILL_AREA(#5733);
#5733=FILL_AREA_STYLE('A\X\E7o - Acetinado',(#5734));
#5734=FILL_AREA_STYLE_COLOUR('A\X\E7o - Acetinado',#5735);
#5735=COLOUR_RGB('A\X\E7o - Acetinado',0.627450980392157,0.627450980392157,
0.627450980392157);
ENDSEC;
END-ISO-10303-21;
